@odata.etag,ItemInternalId,SL NO,Dept,NO_x002e_,CATEGORY,belt Length,Belt Width,Belt Cover Grade,Abnormality Date,Major Abnormality,Plan as per New Belt philosophy,1ST PLY VISIBLE,2ND PLY VISIBLE,JOINT CONDITION,recommendation,Spare Status,Target Date,Previous Observation/Remarks,Status,Notificatio,Abnormality Pending since,Other Abnormalities,Z8 Notification No_x002e_,Status2,Close Date
,080b136c-e1b1-4960-bee5-b15903480a22,1,RMPP,BC16(COAL),B,35,1000,SAR70,45696,Belt thickness is reduced & ply is visible,Replace,Yes,No,Critical,Planned,,45873,Belt Replaced,Closed,,>90 days,,,,
,53270a8c-c405-4f2a-9d65-83f561bd7a03,2,RMHS,J23C2(IRON),A,160,1000,SAR70,45719,1.st Ply visible along the length of the belt. 2nd ply is visible in multiple areas,Replace,Yes,Yes,OK,Planned,Available,45838,,Closed,,>90 days,,,,
,d159abf4-bc96-4362-8c85-bc7c751aa078,3,RMPP,JPP2C2,B,358,1000,SAR70,45723,1.st Ply visible along the length of the belt,Replace,Yes,No,OK,Planned,Available,45808,,Closed,,>90 days,,,,
,8229f593-aabc-4153-9215-098c7288245b,4,RMPP,BC2(IRON),A,310,800,SAR70,45723,1.st Ply visible along the length of the belt & 2nd ply is visible in multiple areas.,Replace,Yes,No,Marginal,Planned,Available,45814,Replaced on 06-06-25,Closed,,>90 days,,,,
,7f9e6351-0645-4e7c-a948-aa6ec188646b,5,RMPP,RBC2,A,35,1200,SAR70,45723,1.st Ply visible along the length of the belt & 2nd ply is visible in multiple areas.,Replace,Yes,Yes,OK,Planned,Available,45814,Replaced on 06-06-25,Closed,,>90 days,,,,
,c67a42e1-223d-48f0-9031-3d55b7ce1ddf,6,RMPP,OF1C1,C,32,800,SAR70,45726,1.st Ply visible along the length of the belt,Replace,Yes,Yes,OK,Planned,Available,45763,Belt replaced on 16-04-2025,Closed,,>90 days,,,,
,5c1f9d04-88cc-47e4-88bf-79d3521b96ae,7,RMPP,OF1AC1,A,52,800,SAR70,45728,1.st Ply visible along the length of the belt,Replace,Yes,,Marginal,Planned,Available,45791,Replaced on 14-05-25,Closed,,>90 days,,,,
,b15448e3-a6f6-4278-b4e5-43e28431c1b2,8,RMPP,BC3(IRON),A,350,650,SAR70,45730,1.st Ply visible along the length of the belt & 2nd ply is visible in multiple areas.,Replace,Yes,Yes,OK,Planned,Available,45814,Replaced on 06-06-25,Closed,,>90 days,,,,
,a96e81ef-c35e-4a3e-bcb9-81d1c66a02d4,9,RMPP,RBC1,A,31,500,SAR70,45730,1.st Ply visible along the length of the belt,Replace,Yes,,Marginal,Planned,Available,45763,Job done 16-04-2025,Closed,,>90 days,,,,
,9c98e734-a206-4803-8fee-1fa75e90addf,10,RMHS,J6C1,B,75,1400,SAR70,45730,1.st Ply visible along the length of the belt,Replace,Yes,,Marginal,Planned,Available,45763,Job done 16-04-2025,Closed,,>90 days,,,,
,8bb3df2f-755b-4c1e-873e-a5524022e8d0,11,RMHS,J5C1,A,1750,1400,SAR70,45731,"1. 2nd Ply visible 1400m (out of 1750m) of length.
2. 3 joints repaired and under observation",Replace,Yes,Yes,Critical,Planned,Available,45865,"RTG inspection done on 10.06.25 
Housekeeping to be maintained as observations are critical.
Jammed idlers to be rectified.
Belt sway & rubbing with structure to be rectified.
",Closed,,>90 days,,,,
,7157fc24-4852-4c77-bc22-700a44a4dd70,12,RMHS,J5AC1,A,140,1600,SAR70,45731,"1.1st Ply visible along the length of the belt.
2.2nd Ply visible at multiple area",Replace,Yes,,Marginal,Planned,Available,45798,Replaced on 21-05-25,Closed,,>90 days,,,,
,a43fcd86-048d-4085-85a8-3ce3208866a5,13,RMPP,OFBBC1,A,610,800,SAR70,45732,1.st Ply visible along the length of the belt,Replace,Yes,,Marginal,Planned,Available,45775,Belt replaced on 28-04-2025,Closed,,>90 days,,,,
,f8516d99-0765-4aa8-bfee-3e98f08b7cf7,14,RMPP,J14C2,A,468,800,SAR70,45750,1.st Ply visible along the length of the belt,Replace,Yes,Yes,Marginal,Planned,Available,45792,Replaced on 15-05-25,Closed,,>90 days,,,,
,127a79e3-0e57-41c3-86fa-c5d3e9293cd6,15,SMS#2,FADG1,B,12,800,SAR70,45750,1.st Ply visible on belt top cover.,Replace,Yes,Yes,OK,Planned,Available,45743,Job done 27-03-2025,Closed,,>90 days,,,,
,d33aee05-164e-4d39-9d7c-43ff196adba7,16,RMPP,OFBBRSC1,A,35,1000,SAR70,45750,Ply was visible & had a premature failure,Replace,Yes,,Marginal,Planned,Available,45795,Replaced on 18-05-25,Closed,,>90 days,,,,
,ad9883a8-64c3-46a9-ab94-acd1a92a2870,17,RMHS,REC2,B,30,1600,SAR70,45750,1st ply visible along the length of the belt,Replace,Yes,Yes,Marginal,Planned,Available,45863,Replaced,Closed,,>90 days,,,,
,89f0de41-886c-4b20-8973-19ab81945cfc,18,SMS#2,T31C1,A,530,800,SAR70,45751,1. Step crack in joint area,Rejoint,No,,Critical,Planned,,45796,Re-joint on 19-05-25,Closed,,>90 days,,,,
,b2b088cc-7eaa-427c-9a84-b0a713a56a00,19,SMS#2,T32C1,A+,395,800,SAR70,45751,1. Step crack in joint area,Rejoint,No,,Critical,Planned,,45796,Re-joint on 19-05-25,Closed,,>90 days,,,,
,6d3ad60a-4d95-491c-82b6-9ee2f8851603,20,CO#2,25BC11,A+,220,1600,FR,45754,1st Ply visible at center in multiple areas of belt,Replace,Yes,Yes,OK,Operate till complete ply visibile,Not Available ,45796,VMI ORIENTAL on 13.03.25 for 350 mtrs. Tentative will be received on July'25,Closed,,>90 days,,,,
,fa8228b3-7bcd-48fc-ab77-e5ce4f7fa4c7,21,CO#2,25BC12,A+,150,1600,FR,45754,Step crack in 1st step of joint area,Rejoint,No,,Marginal,Planned,Available,45796,Re-joint on 19-05-25,Closed,,>90 days,,,,
,908e5168-7886-42c6-834a-9233be4ba4a3,22,CO#1,J40FC1,A+,20,1200,SAR70,45756,2nd ply visible at skirt area,Replace,Yes,Yes,OK,Planned,Available,45780,Replaced on 03-05-25,Closed,,>90 days,,,,
,97bb63c8-0820-4a5e-b115-520b5a88173f,23,RMPP,J11C1,A,211,800,SAR70,45759,"1.st Ply visible along the length of the belt & 2nd ply is visible in multiple areas..
2. Ply visible in Joint area.",Replace,Yes,Yes,Marginal,Planned,Available,45792,Replaced on 15-05-25,Closed,,>90 days,,,,
,f674261d-e280-44de-a2b6-fa726be9a6ff,24,SP#3,SP3-7008,A+,177,1000,HRT3,45760,Multiple cracks in joint area,Replace,No,,Critical,Planned,Available,45796,Replaced on 19-05-25,Closed,,>90 days,,,,
,ce392ccf-31cf-4a3b-8ab9-33b76a7a4c42,25,CO#2,02BC04A,B,51,1800,SAR70,45761,"1. 2nd Ply visible along the length of the belt
2. 3rd ply visible in skirt area",Replace,Yes,,Critical,Planned,Available,45783,Replaced on 06-05-25,Closed,,>90 days,,,,
,e829bef3-7b6d-4167-86c1-e10cfc8b02f2,26,RMPP,CW1C1,A,370,1200,SAR70,45761,Throughcut & ply visible in return side & return side bottom cover peeled off,Rejoint,No,,Marginal,Planned,Available,45800,"Belt throught cut at edge 330 mm , length above 90 mtrs. Bottom side cover peeloff width 250 mm along length.
Belt was replaced on 24.04.25
Re-joint on 23-05-25",Closed,,>90 days,,,,
,d091ec8b-b557-428c-a9e0-981d3b5d255c,27,RMHS,J50C2,A,260,1400,SAR70,45761,"1st Ply visible along the length of the belt & Step crack in joint area.
2. Internal cracks throughout the length of the belt.",Replace,Yes,Yes,Critical,Planned,Available,45811,"Step crack in joint area, crack present throughout the length & ply visible at skirt area.

Same Belt Specification belt available at SP3 under UMC 5660Y0066 and will be installed in J50C2. Spare joint to be expedited

Spare under PO 4414289617 to reach by last week of Jul'25.

RTG inspection done on 30 .05.25
Housekeeping to be maintained as observations are critical.

Replaced on 03-06-25
",Closed,,>90 days,,,,
,bc234a4b-7d34-4d97-8640-25cc42a90aea,28,RMHS,J50C1,A,260,1400,SAR70,45761,1. 1st Ply visible along the length of the belt & 2nd ply visible in skirt area throughout the length of the belt.,Replace,Yes,Yes,Critical,Planned,Not Available ,45811,"Throughcut of 3.5 mtr near joint area.
Belt under PO 413983179 schedule to received in last week of May'25

Short piece was added on 10.05.25

Spare uder PO 413983179 to reach by last week of May'25
",Closed,,>90 days,,,,
,2ca35571-45e7-4b8b-8d14-3ccc6c0e4d6d,29,RMHS,SCR4,B,90,1600,HAR,45761,1st Ply visible along the length of the belt,Replace,Yes,Yes,Marginal,Planned,Available,45833,Replaced on 25-06-25,Closed,,>90 days,,,,
,724c9228-d14f-4f75-afd4-f9d4680503ee,30,RMHS,J26C2,A,340,1200,SAR70,45761,Multiple cracks in mother belt. Skirt area is dmaged & deep line mark upto 2nd ply is  present throughout the length. Throughcut is also present in the belt. Belt is damaged at center,Replace,No,Yes,OK,Planned,Available,45796,Replaced on 19-05-25,Closed,,>90 days,,,,
,f108f99d-a026-4c54-bd6d-75b22d919b44,31,SP#3,SP3-1003,B,175,1000,SAR70,45761,Cracks present throughout the length of the belt & hardness increased,Operate under observation,No,No,OK,Planned,Available,,Cracks present throughout the belt & width of belt has reduced from 1000mm to 700mm,Open,,>90 days,,,,
,e57f669e-bdc2-4540-9685-8a0add2f6af6,32,RMHS,CJ2RC2,B,9,1800,FR,45763,1st Ply visible along the length of the belt,Replace,Yes,Yes,OK,Planned,Available,45791,Replaced on 14-05-25,Closed,,>90 days,,,,
,b522f43c-162f-456f-be84-fcff198dfefd,33,DRI,BC1030,A,126,800,HRT1,45764,1.st Ply visible along the length of the belt,Piece addition,No,,Critical,Planned,Available,45769,Piece Addition on 22-04-25,Closed,,>90 days,,,,
,c6f9d5c6-f961-4f06-84e3-e33d90f15b93,34,DRI,BC2070,A,22,650,SHR,45764,3rd ply visible along the length of the belt in skirt area,Replace,Yes,Yes,OK,Planned,Available,45786,Replaced on 09-05-25,Closed,,>90 days,,,,
,c22e6191-d4aa-4518-9c57-d377771d02f9,35,CO#2,25BC22,B,299,1000,FR,45767,"1. Internal cracks throughout the length of the  belt & hardness has increased (90 Shore A)
2. Step crack in joint area",Replace,No,,Critical,Planned,Available,45785,Replaced on 08-05-25,Closed,,>90 days,,,,
,d15ffd1d-b1d3-4113-9034-e3733e03a95a,36,RMBB,J78C1,B,700,800,FR,45768,Step crack in 2 joints out  joint area,Piece addition,No,,Critical,Planned,,45796,Re-joint is being done on 30-04-2025,Closed,,>90 days,,,,
,6591d619-5b1b-4741-96bd-76a5809ca6b2,37,RMHS,J27C1,A,750,1200,SAR70,45777,"Out of 750mtr 430 MTR has been replaced on 19-07-2024. Rest the old belt has 1st ply visible along the length of the belt & internal cracks throughout the length. The New belt is also having highwear rate of 0.892MM/MONTH
08/06/2025 Peel off of 100 mtr at edge observed.",Piece addition,Yes,No,Marginal,Planned,Available,45825,Piece Addition on 17-06-25,Closed,,>90 days,,,,
,7b4d43bc-ebf3-4a2b-be2f-55679cf022d3,38,RMPP,JPP4C2,B,134,1000,SAR70,45779,"1. Joint Edge separation due to contounous rubbing in NDE side
2. Joint 1st step damage.",Piece addition,No,No,Marginal,Planned,Available,45822,Piece addition,Closed,,>90 days,,,,
,225781f8-e7d1-482c-9ad7-e195ea41e037,39,RMPP,BC11(COAL),A,50,800,SAR70,45779,1st ply is visible at center along the length of the belt. 2nd ply is visible at center in multiple areas. 2nd ply is visible at skirt area along the length of the belt.,Replace,Yes,Yes,OK,Planned,Available,45798,Replaced,Closed,,>90 days,,,,
,31b8ab51-ab80-4962-8d90-6aade25256b9,40,CO#2,25BC03A,A+,45,1600,FR,45781,1st ply is visible at center along the length of the belt but belt can still operate.,Replace,Yes,Yes,OK,,,45825,Replaced,Closed,,>90 days,,,,
,9203b8cb-d193-4257-9c83-6c3139655873,41,SP#1,J37C2,A+,250,1000,FR,45782,"2 hot joints present in belt, out of which 1st joint has Crack present in first step of joint area & 2nd joint is ok",Rejoint,No,No,Critical,,,45825,Rejoint,Closed,,>90 days,,,,
,326082b5-2c13-44e7-8c36-5aa3cfa9440d,42,RMHS,J33C2,A,277,1200,SAR70,45782,Multiple cracks observed along the length of the belt & throughcut is also present in belt,Piece addition,No,No,Critical,Planned,Available,45804,Piece addition,Closed,,>90 days,,,,
,4fca52ef-831a-4389-ae53-592a0da07789,43,SP#2,SP2-2009,A,326,1000,SAR70,45782,Crack present at retun side in joint area.,Replace,No,,Critical,Planned,Available,45818,Replaced,Closed,,>90 days,,,,
,944353f3-7889-4c8f-8c83-5b5a862648e6,44,BF#1,RFTH2C1,A,200,650,SAR70,45782,Step crack in joint area.,Rejoint,No,No,Critical,Planned,Available,45825,Rejoint,Closed,,>90 days,,,,
,0f998869-1656-4ec3-a867-5642b2e03aec,45,BF#1,RFTH1C1,A,70,650,SAR70,45782,1st Ply is visible throughout the length of the belt,Replace,Yes,Yes,OK,Planned,Available,45825,Belt Replaced,Closed,,>90 days,,,,
,7e23f66a-1197-4507-b9cf-870bcde7b084,46,SP#3,SP3-7004,A,188,1000,HRT3,45782,1. Crack present in 1st step of joint area.,Rejoint,No,,Critical,Planned,,45796,Rejoint,Closed,,>90 days,,,,
,c4f76385-fa12-440f-b216-1d17ec8ab7ef,47,SP#2,SP2-1025,A,320,1000,SAR70,45782,"1st Ply is visible throughout the length of the belt at skirt area.
Thickness of belt is <1mm at center.
Bottom ply also visible along the length",Replace,Yes,Yes,Marginal,Planned,Available,45818,Replaced,Closed,,>90 days,,,,
,6f98df11-119f-405a-bbad-fbb1cadb52ac,48,RMHS,J23RC1,A,17,1400,SAR70,45783,Belt joint(fastner joint) has been damaged & throughcut is also present in belt.,Replace,No,Yes,Critical,Planned,Available,45719,Replaced,Closed,,>90 days,,,,
,7ecc9fed-373f-4b01-ac12-4148d47cf26f,49,RMPP,EJ001,A,28,650,SAR70,45783,Joint failed in just 2 days( Joint done by thejo),Rejoint,No,,Critical,,,45789,Rejoint,Closed,,>90 days,,,,
,69f1e0f5-2f8b-4bce-8c57-99a24458492d,50,RMBB,J63C1,B,273,1400,SAR70,45784,"1. 1st Ply was visible along length & has wear rate of 0.7mm/month.
2. Ply visible in joint area.
3. Cracks are present in joint area.",Replace,Yes,Yes,Critical,Planned,Not Available,45811,Replaced,Closed,,>90 days,,,,
,08ac962d-2747-4137-bae7-c8b5556f4878,51,RMHS,SCR1,B,90,1600,SAR70,45786,1st Ply is visible at center throughout the length of the belt ,Operate,Yes,No,OK,,,45857,Replaced,Closed,,>90 days,,,,
,c03e49ca-15d9-451d-9112-661281308fc3,52,RMPP,BC5AC1,B,16,1200,SAR70,45786,1. Mother belt peeled off near joint area.,Replace,No,Yes,Critical,Planned,Available,45798,Replaced,Closed,,>90 days,,,,
,515a3013-b114-4d56-9187-9627f6f1f926,53,RMPP,PPC3,B,320,1000,SAR70,45790,Joint area is damaged & internal air pockets have formed,Piece addition,No,No,Critical,Planned,Available,45800,Piece addition,Closed,,>90 days,,,,
,f2e0cd99-f094-43e1-9f14-01ad2496e57f,54,RMPP,PPC5,B ,200,1000,SAR70,45790,Joint is damaged & cracks have formed,Rejoint,No,No,Critical,,,45800,Rejoint,Closed,,>90 days,,,,
,bb105c36-75b2-4e83-ac31-1366f7c9a0f5,55,RMHS,J36C5,A,230,1200,FR,45791,Step crack present in return side of joint area,Rejoint,No,No,Critical,Planned,,45845,Piece addition,Closed,,>90 days,,,,
,9d020649-8626-484b-9e3b-56ec27a8bcda,56,BF#2,D3,B,560,1600,SAR70,45792,Step crack in carrying & return side of fourth joint,Piece addition,No,No,Critical,Planned,Available,45859,Replaced,Closed,,>90 days,,,,
,4e97416a-6675-43f2-bc92-a9d654995691,57,RMHS,J3BC1,B,270,1200,SAR70,45793,"1. 1st Joint top cover 1st step Crack.
2. 2nd Joint top cover 1st step crack.
3. Centre area ply visible throughout the length.",Replace,Yes,Yes,Critical,Planned,Available,45814,Replaced,Closed,,>90 days,,,,
,f3440406-6076-4d99-bbd3-62c267419231,58,RMHS,CJ3C1,A,160,1600,FR,45793,"1. Top Cover 1st Step crack
2.Bottom Cover 1st step crack
07-06-2025 Belt edge opened.",Rejoint,No,No,Critical,Planned,,45840,Rejoint,Closed,,>90 days,,,,
,3b6e1d17-8850-4025-9f6c-b68d4ef79062,59,RMHS,J4C1,B,165,1400,SAR70,45793,"Step crack in joint area in both carrying & bottom side, Top covwer peeled out from channel to 1st step.",Piece addition,No,No,Critical,Planned,,45831,Piece addition,Closed,,>90 days,,,,
,4ddd804f-9cc0-4f87-b797-26340db5b766,60,RMPP,BC1(IRON),A,290,800,SAR70,45799,"Throughcut from edge along length
Thickness of belt has reduced & ply is visible at skirt area ",Replace,Yes,No,OK,Planned,Available,45868,Replaced,Closed,,>90 days,,,,
,d970e494-611b-4d51-9677-7a0aa0c092c8,61,RMHS,LDP1C1,A,210,1200,SAR70,45799,Crack in step of joint area,Rejoint,No,No,Critical,Planned,,45822,Rejoint,Closed,,>90 days,,,,
,bf21d6b7-42d4-434a-96e1-61fb16911b85,62,RMPP,J13C2,B,238,800,SAR70,45799,Thickness of belt has reduced & ply is visible ,Replace,Yes,No,Marginal,Planned,Available,45814,Replaced,Closed,30-6-25,>90 days,,,,
,ef275144-1663-47db-aa14-36880c336b0a,63,RMPP,J12C3,A,17,900,SAR70,45799,Thickness of belt has reduced & ply is visible ,Replace,Yes,Yes,OK,Planned,Available,45817,Replaced,Closed,,>90 days,,,,
,ada53789-8d1d-4361-9b54-e4feb442599a,64,RMPP,BC2(WASHERY),A,30,1000,SAR70,45799,Thickness of belt has reduced & ply is visible ,Replace,Yes,Yes,OK,Planned,Available,45910,Replaced,Closed,,>90 days,,,,
,d9de3e73-a6ad-41fc-808f-10ed026be499,65,RMPP,SH2C1,B,500,800,SAR70,45799,"Out of 8 Joints 1 is damaged & from 1st joint to 2nd joint , ply seperation is present at return side.",Rejoint,No,No,Critical,Planned,,45800,Rejoint,Closed,,>90 days,,,,
,5d32e870-8dda-4b72-a4a6-061f14e8bb97,66,RMPP,SH2C1,B,500,800,SAR70,45799,Belt thickness reduced. Overall width is 650 mm,Replace,Yes,No,Critical,Planned,,45869,Replaced,Closed,,>90 days,,,,
,8d13c397-5a07-4d00-8048-996f2625a14d,67,RMPP,JPP5C2,B,712,1000,SAR70,45799,Belt joint is damaged,Operate under observation,No,No,Marginal,Planned,,45870,Rejoint done,Closed,,>90 days,,,,
,b41a0b19-434f-4dee-8da5-704baff0d5bc,68,DRI,K7-BC37,B,84,500,HR,45799,Joint area is damaged.,Replace,No,No,Critical,Planned,Belt will be delivered in on 22.09.25,45925,Dept will Confirm Date,Closed,,>90 days,,,,
,47689380-0f2f-4fd0-be4e-35ffb78ef2bc,69,CO#2,02BC02,A,42,1800,SAR70,45799,Joint is damaged,Replace,No,No,Critical,Planned,Available,45902,Replaced,Closed,,>90 days,,,,
,28e6eada-cef6-4bfd-91fa-d236399e594f,70,BF#1,BF1-S1,B,122,1200,SAR70,45799,Crack in joint area & joint is damaged,Rejoint,No,No,Marginal,Planned,,45880,Re-joint was done on  11-8-2025,Closed,,>90 days,,,,
,8c135d0e-1f3e-4b21-a341-5305e7865c3e,71,BF#1,BF1-RSC1,A+,90,1200,SAR70,45799,1st Ply is visible along the length of the belt,Replace,Yes,No,Marginal,Planned,,45880,Belt Replaced,Closed,,>90 days,,,,
,c29de9fb-7c82-49af-aa81-e33a40206826,72,BF#1,FOC3,A,142,800,SAR70,45799,Thickness of belt has reduced,Operate,No,No,OK,Planned,,45825,Rejoint done,Closed,,>90 days,,,,
,091fd142-be0e-4426-8afc-3e63a3f57b33,73,RMHS,CJ3C2,A,160,1600,FR,45799,Crack observed at return side of joint area,Rejoint,No,No,Marginal,Planned,,45965,Belt Replaced,Closed,,>90 days,,,,
,2ffc26c9-7306-4206-a2b9-9396a06f9592,74,DRI,AJ5-BC30A,A,340,650,SAR70,45799,Step crack in joint area & joint is open from edge,Rejoint,No,No,Marginal,Planned,,45867,Rejoint,Closed,,>90 days,,,,
,6ba30e03-b712-406e-86a9-d9c024f7316c,75,RMHS,J3C1,B,580,1400,SAR70,45802,"1. Ply visible in skirt board area along the length of belt ( Ply not visible in piece addition belt)
2. 1st ply visible and crack observed on ply visible area
3. 3nos of joint, piece addition 1st joint damage in centre(subcritical),2nd joint top side surface open,3rd joint ok
4. 3rd joint area ply visible in skirt board area.",Replace,Yes,No,Critical,Planned,Available,45831,Replaced,Closed,,>90 days,,,,
,5288ef53-cba4-48d5-a962-db16497d0c68,76,RMPP,EJ0010,A,15,650,SAR70,45805,Joint area is severely damaged.,Replace,No,No,Critical,Planned,Available,45841,Replaced,Closed,,>90 days,,,,
,6b36ca23-e7b8-4e62-9868-c9ab29b0f26f,77,RMPP,BC12(IRON),A,65,800,SAR70,45805,1st ply visible at center throughout the length of the belt,Operate,Yes,No,OK,Planned,,45814,Replaced,Closed,,>90 days,,,,
,091434e5-44c8-40d3-bc14-f54e70d6e678,78,RMPP,BC14(IRON),A,24,800,SAR70,45805,1st ply visible at center throughout the length of the belt,Replace,Yes,No,OK,Planned,,45817,Replaced,Closed,,>90 days,,,,
,9d9e7011-8243-47ef-b2a3-0bea95002499,79,RMPP,BC15(IRON),A,120,800,SAR70,45805,2nd ply visible at center throughout the length of the belt (inspected on 02-06-2025),Replace,Yes,Yes,OK,Planned,,45817,Replaced,Closed,,>90 days,,,,
,a5c821a8-7760-497f-b8c3-e7df17531f81,80,RMBB,J52C1,B,809,800,SAR70,45805,Step crack in first step joint & Channel crack in 4th joint,Rejoint,No,No,Critical,Planned,,45806,Rejoint,Closed,,>90 days,,,,
,696ea6fb-7e93-4590-9a67-b8283b4720a5,81,RMBB,JHARC1,A,20,1600,SAR70,45805,"1. Ply visible at center throughout the length of the belt.
2. Hole found near joint area.
3. Joint area is also open from corner.",Replace,Yes,No,Critical,Planned,,45806,Replaced,Closed,,>90 days,,,,
,2c8e41b4-a3f4-49ca-b5f8-ecb52a444fcf,82,BF#2,D4,B,840,1600,SAR70,45806,Hole found in mother belt near joint area,Operate under observation,No,No,Marginal,Planned,,46232,Belt Shortening done,Closed,,>90 days,,,,
,6da12e92-978a-46d0-9c63-883f8e73f9bf,83,RMBB,J65C1,B,14,1400,SAR70,45810,1. 2nd Ply visible along the length of the belt,Replace,Yes,Yes,Critical,Planned,,45811,Replaced,Closed,,>90 days,,,,
,36aa3737-537b-4607-84bd-6baefbf2dcd3,84,RMBB,J64C1,B,247,1400,SAR70,45810,1. Multiple throughcuts at skirt area at the distance of 60 mtr from joint area. Belt is damaged in 70 mtr of length.,Replace,Yes,Yes,Marginal,Planned,Available,45946,Belt Replaced,Closed,,>90 days,,,,
,59f28cc0-f70d-4285-8731-7099db237759,85,RMPP,OF2C1,A,230,800,SAR70,45813,1st ply is visible throughout the length of the belt,Replace,Yes,No,Marginal,Planned,,45814,Replaced,Closed,,>90 days,,,,
,35a61948-76c8-4b7f-9f58-fea530b9c87d,86,RMBB,J69AC1,B,833,1400,SAR70,45813,Joint 1 & 4:- Cut in width at channel area & step crack in center at first step.,Piece addition,No,No,Critical,Planned,,45818,Piece addition,Closed,,>90 days,,,,
,9884c390-eef1-4726-9f05-a7221e9f16c7,87,RMBB,J69AC1,B,833,1400,SAR70,45813,Joint 2- Joint got opened from corner ,Piece addition,No,No,Critical,Planned,,45818,Piece Addition on 10-06-25,Closed,,>90 days,,,,
,fd8b7caa-961f-481f-9305-5b3c84acbe49,88,RMBB,J69AC1,B,833,1400,SAR70,45813,Joint 3- Crack in step,Rejoint,No,No,Critical,Planned,,45814,Rejoint on 06-06-25,Closed,,>90 days,,,,
,05499139-c73e-4c01-bb6b-78c895001309,89,RMBB,J69AC1,B,833,1400,SAR70,45813,Joint 4- Joint edge is damaged & crack in channel & step,Rejoint,No,No,Marginal,Planned,,45844,Rejoint on 06-07-25,Closed,,>90 days,,,,
,353cbcf0-6235-483e-9f67-431f805b7311,90,DRI,HAC3100,A,60,1000,SAR70,45813,Side edge Separation at Joint area & ply visible at few spots,Replace,Yes,No,Critical,Planned,,45994,Belt Replaced,Closed,,>90 days,,,,
,bb477473-9544-4fe2-bddc-0fcf99af88de,91,SP#2&3,J74C2,A,482,1000,FR,45814,1 joint is damaged,Rejoint,No,No,Critical,Planned,,45859,Piece addition,Closed,,>90 days,,,,
,befb2e9a-ffaa-4312-9735-8196b3e2498d,92,RMHS,J26C1,A+,340,1200,SAR70,45814,Joint area is damaged,Rejoint,No,No,Critical,Planned,,45880,Rejoint done,Closed,,>90 days,,,,
,4effc946-8210-4f85-b610-8e881944b673,93,BF#2,SC2,A+,82,1400,SAR70,45817,Step crack in joint area,Operate,No,No,OK,Planned,,45859,Replaced,Closed,,>90 days,,,,
,e60bd4a1-f852-4223-8376-621ea2bb956c,94,SP#1,J34C1,A+,520,800,SAR70,45817,"Belt has total 3 hot joints, 2 joints(2nd & 3rd ) where piece was added is ok & 1st joint is having step crack",Rejoint,No,No,Marginal,Planned,,45825,Rejoint,Closed,,>90 days,,,,
,6607234c-f944-4158-93cb-30a3dfedcd92,95,SP#1,J35C2,A+,200,1000,SAR70,45817,2 nos hot joints area present in belt. 1st joint has air pocket at top side channel area & 2nd joint has step crack,Rejoint,No,No,Marginal,Planned,,45825,Rejoint,Closed,,>90 days,,,,
,0eeda2ea-ecfd-454f-833a-92cde5caefe8,96,SP#1,J36C2,A+,450,1000,SAR70,45817,3 hot joints are present in belt. 1st joint is ok but 2nd & 3rd joints have step cracks.,Rejoint,No,No,Marginal,Planned,,45825,Rejoint,Closed,,>90 days,,,,
,3ace79fc-90e8-4bd5-84ed-3f8d88963206,97,SP#2&3,J70C1,A,510,1000,FR,45817,Crack present at carrying side of joint area,Rejoint,No,No,Critical,Planned,,45859,Rejoint,Closed,,>90 days,,,,
,7776ca15-2cad-4f79-8f48-3437e5b0b504,98,CO#1,M1,A,240,800,SAR70,46286,Bottom channel rubber worn out & edge slightly open,Operate,No,No,Marginal,Planned,,,Last inspected on 09-06-2025,Open,,<30 days,,,,
,59cecec4-0463-4573-a312-5aa050882834,99,CO#1,M2,A,400,800,SAR70,45817,Belt joint is damaged from edge at return side,Rejoint,No,No,Critical,Planned,,45836,Rejoint,Closed,,>90 days,,,,
,3491936f-abe3-414d-b7d3-df780c39d443,100,CO#1,M8,A,88,800,SAR70,45817,1st ply visible at skirt area of belt,Replace,Yes,No,OK,Planned,Available,45923,Replaced,Closed,,>90 days,,,,
,32563c48-5b37-4fa1-81c2-aaafc2406b32,101,RMHS,J36C1,A+,392,1200,SAR70,45819,Step crack at return side of joint area,Rejoint,No,No,Critical,Planned,,45825,Rejoint,Closed,,>90 days,,,,
,bd419473-174d-474a-86f3-44cc09928210,102,DRI,PSB3-BC30,A,140,500,SAR70,45819,Step crack at carrying side of joint area,Rejoint,No,No,Critical,Planned,,45997,Rejoint done,Closed,,>90 days,,,,
,bd590ea3-d6bd-475d-b5a8-121b37c0636e,103,RMPP,JPP6C2,B,184,1000, ,45822,Mother belt skirt area ply visible upto 2nd ply.,Replace,Yes,Yes,Marginal,Planned,Available,45871,Blt replaced,Closed,,>90 days,,,,
,0d7713aa-f070-4bb3-b1db-3b7bca6bb9b6,104,SP#1,RP2,B,16,1000,SAR70,45823,Cut at edge of joint area,Replace,No,No,Critical,Planned,,45827,Replaced,Closed,,>90 days,,,,
,3f15e04c-55ba-4842-8c1e-bc1119fa6586,105,DRI,BOOM,A,32,650,SAR70,45823,1st ply visible at center along the length of the belt,Operate under observation,Yes,No,OK,Planned,,45936,Replacement done,Closed,,>90 days,,,,
,4a90de30-c1f4-45c8-a813-2baeceb68dc0,106,RMPP,J16AC1,B,400,800,SAR70,45824,"Throughcut of 4.5 MTR  is present in belt. Although the throughcut has been repaired, the piece addition is needed. Crack have also been observed at both carrying & bottom side of belt.",Piece addition,No,No,OK,Planned,,45848,Piece addition,Closed,,>90 days,,,,
,ac9e0990-3025-4a1c-8860-83745f193fd2,107,RMHS,SP1C1,A,321,1200,SAR70,45825,1st Ply visible on belt at center along the length of the belt.,Replace,Yes,Yes,OK,Planned,,45882,Replaced on 8/13/2025,Closed,,>90 days,,,,
,512930b1-0505-4e8c-be56-d8b96234fb93,108,RMHS,J24C1,B,1700,1400,STEEL CORD,45825,Cord is visible & damaged at two places. Repairing has been done,Piece addition,No,No,OK,Planned,,45832,Piece addition of 55 mtr & 65 mtr wad done on 23-06-2025 & 24-06-2025,Closed,,>90 days,,,,
,d966c663-1b9a-4ae2-b3a9-e64c89c40bc6,109,RMHS,SCR5,B,90,1600,SAR70,45825,Thickness of belt has reduced & belt is geeting fold.,Replace,Yes,No,Marginal,Planned,Available,45841,Replaced,Closed,,>90 days,,,,
,3b8cf703-5cd0-48c7-97bd-8cc46d503160,110,RMHS,TT5RSC1,B,9,1800,FR,45827,2nd ply visible at center along the length of th belt & 3rd ply is visible in multiple areas,Replace,Yes,Yes,Marginal,Planned,Available,45828,Replaced,Closed,,>90 days,,,,
,31b49aab-a476-4a7f-b56b-103e34ea6fa3,111,RMPP,AJ8C2,A,240,1000,SAR70,45827,"1st ply is visible at bottom side near edges throughout the l;ength. Side edge is open 40-50mm throughout the belt.
Hardness has increased.",Operate under observation,No,No,Marginal,Planned,,45859,Replaced,Closed,,>90 days,,,,
,9aa0db2a-7b69-4667-a531-fdedb28d0acf,112,BF#2,SCB2,A ,140,1000,HRT3,45827,1st ply visible at joint area observed. Overall thickness of the belt is found 1.2 mm.,Operate under observation,Yes,No,Marginal,Planned,,45859,Replaced,Closed,,>90 days,,,,
,63b0ed83-7303-4ff7-8ec8-7ac82afe7881,113,RMHS,SCR2,B,90,1600,SAR70,45828,1st Ply visible along the length of the belt,Replace,Yes,No,Marginal,Planned,,45834,Replaced,Closed,,>90 days,,,,
,5de54906-85a2-4ef6-b8ba-dc7ad33757bc,114,RMPP,IJ001,A,28,650,SAR70,45830,2nd ply is visible at skirt area because of rubbing with skirt board,Replace,Yes,Yes,Marginal,Planned,,45834,Replaced,Closed,,>90 days,,,,
,72f699ec-2b12-4285-b45f-c5c442fb0e2d,115,RMBB,FCSBHAC4,B,44,1200,BUCKET CONV.,45831,Cross-cut in joint area(Manufacturing joint),Replace,No,No,Critical,Planned,"Belt stock not avaialble, planning will be done after arrival of belt stock.
",46116,Piece Addition was done,Closed,,>90 days,,,,
,77973d6e-394e-4764-b7fe-6250dd25bc72,116,RMBB,CCBHAC2,B,57,1200,BUCKET CONV.,45831,Joint area is damaged & bottom cover opening is observed,Replace,No,No,Critical,Planned,Available,45868,,Closed,,>90 days,,,,
,cf6c1199-f6b1-4a92-ad2d-24b7ac014d6a,117,RMHS,CJ4C1,B,155,1600,SAR70,45831,1st ply is  visible at center along the length oif the belt & 2nd ply is visible at center in multiple places. 3rd ply is visible in joint area.,Replace,Yes,Yes,Critical,Planned,,45840,Replaced,Closed,,>90 days,,,,
,404c2d19-218e-43aa-a4e4-1d8e8ee25d38,118,RMPP,BC10(IRON),A,265,650,SAR70,45831,"1. Crack observed near carrying side channel area.
2. 1500mm(L) x 50mm(W) rubber strip has been peeled out from joint area .
3.  Joint edge is open.",Rejoint,No,No,Marginal,Planned,,45834,Rejoint,Closed,,>90 days,,,,
,376e39d1-00c5-4628-aaeb-fb0b6392b9f7,119,RMPP,BC9(IRON),A,42,650,SAR70,45831,1st ply visible along the length of the belt.,Replace,Yes,No,Marginal,Planned,,45834,Replaced,Closed,,>90 days,,,,
,034fdde4-f926-43fe-85a1-f7efcae03869,120,SMS#2,T40C1,A,385,800,SAR70,45834,Out of 2 joints in belt. One joint is in critical state,Rejoint,No,No,Critical,Planned,,45836,Rejoint,Closed,,>90 days,,,,
,a7666afb-b34c-43a4-8a83-8d493e3f13e9,121,RMHS,J3BC3,B,55,1200,SAR70,45835,"1. 1st ply visible along the length of the belt at edge area on top cover.
2. Joint damaged at edge area.",Replace,Yes,No,Marginal,Planned,Available,45919,Belt Replaced,Closed,,>90 days,,,,
,f13f765b-6fb8-4f3d-9a83-6d2ecbbb9244,122,BF#2,SC3,A,25,1400,SAR70,45835,1. 1st ply visible along the length of the belt,Replace,Yes,No,Marginal,,,45859,Replaced,Closed,,>90 days,,,,
,67d7de67-318d-488c-81df-6b601e954b3a,123,BF#2,SCB3,B,36,1200,HRT3,45835,1. 1st ply visible along the length of the belt,Replace,Yes,No,Marginal,,,45859,Replaced,Closed,,>90 days,,,,
,b90f22b4-6a75-49c0-805a-6425ff1e2bfc,124,BF#2,SCA1,A+,190,1000,HRT3,45835,1. Joint is damaghed & ply is visible in 4 mtr at both side of joint area,Replace,Yes,No,Critical,,,45859,Replaced,Closed,,>90 days,,,,
,0d7037cb-ceb4-44f2-9804-a1fc7dd5a39b,125,SP#3,SP3-2007,A,23,1000,SAR70,45835,2nd ply is visible at skirt area of belt,Replace,Yes,Yes,OK,,,45859,Replaced,Closed,,>90 days,,,,
,f9dc1e2b-2b98-423f-a2f1-92d1f441ef78,126,RMHS,J23C1,B,1800,1400,STEELCORD,45835,Throughcut of 67 mtr in length is presnt in belt.,Piece addition,No,No,OK,,,45860,Piece addition,Closed,,>90 days,,,,
,d4a3e5b5-b530-4dfa-807b-fb43747fa92a,127,RMHS,J3AC1,B,205,1400,SAR70,45835,Ply visible at skirt area along the length of the belt.,Replace,Yes,Yes,OK,Planned,,45979,Belt Replaced,Closed,,>90 days,,,,
,439f9815-6ead-46b7-9986-332679eb7166,128,RMHS,J21C2,B,155,1400,SAR70,45836,"1. 1st ply visible along the length of the belt at edge area on top cover
2. Joint step crack observed.",Replace,Yes,No,Critical,Planned,,45848,Piece addition,Closed,,>90 days,,,,
,ef1ae05b-5be0-47fa-b280-b39c18897313,129,SMS#2,T36C1,A+,855,800,SAR70,45839,Belt joint is damaged,Rejoint,No,No,Critical,Planned,,45844,Rejoint done on 06-07-2025,Closed,,>90 days,,,,
,2e712676-761d-4618-8f58-9d4fb6e80c96,130,RMHS,J33C2,A,277,1200,SAR70,45839,Multiple cracks on mother belt along the length & 3 throughcuts has been found  in belt.,Replace,No,No,OK,Planned,,45848,Replaced on 10-07-2025,Closed,,>90 days,,,,
,c9e62f24-af51-49b1-b8b6-e01d0146079f,131,LCP,TBC1,B,300,1200,SAR70,45840,Joint is very criitical. Cracks in step & channel area,Rejoint,No,No,Critical,Planned,,45859,Rejoint on 21-07-2025,Closed,,>90 days,,,,
,007b60a5-5cc2-4a70-86e2-094db878b70e,132,RMPP,J14C4,A,15,800,SAR70,45841,1st ply is visible along the length of the belt. Joint is severly damaged,Replace,Yes,No,Critical,Planned,,45844,Replaced on 06-07-2025,Closed,,>90 days,,,,
,afebc1ab-345f-4094-a0d9-d6a9b59366e3,133,RMHS,J27C2,A,750,1200,SAR70,45841,Joint is damaged,Rejoint,No,No,Marginal,,,45880,Rejoint done,Closed,,>90 days,,,,
,4605fee6-802c-4071-98bb-0049c01b2b29,134,RMHS,RMHS-SH1C3,A,70,1200,FR,45841,1st ply is visible along the length of the belt,Replace,Yes,No,Marginal,,,45880,Belt Replaced,Closed,,>90 days,,,,
,f5770dee-899f-4393-8fa4-5f97a829ce32,135,RMHS,J27C2,A,750,1200,SAR70,45841,Air pocket formation at cold joint area,Rejoint,No,No,Marginal,Planned,,45945,Piece Addition done,Closed,,>90 days,,,,
,bf6257ef-e54e-4d64-8c62-dec87f5cd6e3,136,DRI,PSB2-BC21,A,16,500,HR,45843,1st ply is visible along the length of the belt,Replace,Yes,No,Marginal,Planned,Belt will be delivered in on 22.09.25,45963,Replaced,Closed,,>90 days,,,,
,af84ad7e-d6a4-49f3-8d51-9b0173757bae,137,DRI,PSB2-BC30,A,140,500,SAR70,45843,Throughcut of 85 mtr in length.,Replace,No,No,OK,Planned,,45863,Replaced on 25-07-2025,Closed,,>90 days,,,,
,21487d54-0a44-42bf-86e0-950ec781cdff,138,DRI,PDC5A,B,35,650,SHR,45843,1st ply is visible along the length of the belt,Replace,Yes,No,Marginal,Planned,Available,45969,Belt Replaced,Closed,,>90 days,,,,
,58443a3a-1c96-41c9-8b28-770f99990a40,139,SP#2,SP2-1002,A,43,1600,SAR70,45844,Joint is open at edge ,Replace,Yes,No,Marginal,Planned,,45946,Belt Replaced,Closed,,>90 days,,,,
,f68ae56d-c592-4547-9a4b-06666e5d4756,140,CO#1,J1,A,250,1200,HRT2,45844,Thickness has reduced,Operate under observation,No,No,OK,Planned,,45953,Belt replaced,Closed,,>90 days,,,,
,259587f8-3430-4f79-9ccc-ea744f70bcc8,141,CO#1,J3,A,240,1200,HRT2,45844,1st ply is visible along the length of the belt,Replace,Yes,Yes,OK,Planned,,45880,Belt replaced,Closed,,>90 days,,,,
,abc54fcf-da40-4721-832d-1b41d0553deb,142,RMPP,BC18(WASHERY),A,25,800,SAR70,45845,2nd ply is visible at skirt area of belt,Replace,Yes,Yes,Marginal,Planned,,45863,Dept will Confirm Date,Closed,,>90 days,,,,
,4931ab66-dc9e-4e5a-b5b3-5cb51b9776c1,143,SMS#2,T44C1,B,290,800,SAR70,45846,Step crack in old joint,Piece addition,No,No,Critical,Planned,,45855,Piece Addition done,Closed,,>90 days,,,,
,30a14e89-43fd-47f3-9799-fe24b704a448,144,SMS#2,T31C1,A,530,800,SAR70,45847,1. Step crack in joint area,Rejoint,No,No,Critical,Planned,,45901,Rejoint done,Closed,,>90 days,,,,
,6bf9b290-ab75-415d-959f-74468f1555b1,145,CO#2,02BC09,A,145,1600,SAR70,45847,1. Crack in channel area,Rejoint,No,No,Marginal,Planned,,45929,Dept will Confirm Date,Closed,,>90 days,,,,
,787ce0b7-ec14-43b8-89e5-8afbe073f0db,146,DRI,K4-BC37,B,84,500,HR,45847,Crack in step of joint area,Rejoint,No,No,Marginal,Planned,,45939,Rejoint done,Closed,,>90 days,,,,
,a629c9c2-2208-42fc-b595-c3550b1cfdfe,147,DRI,T31C2,A,530,800,SAR70,45847,1. Joint area is severely damage from edge,Rejoint,No,No,Critical,Planned,,45996,Rejoint done,Closed,,>90 days,,,,
,890e04d9-d755-4c8c-acf2-3c754ef27ad7,148,RMBB,IORSC1,B,59,1600,SAR70,45847,2nd ply vsiible at cenetr of belt along the length,Replace,Yes,Yes,Marginal,Planned,,45849,Replaced on 11-07-2025,Closed,,>90 days,,,,
,1f002c25-cf33-4da6-b2b0-c60761c771ef,149,RMPP,J15C2,A,232,800,SAR70,45847,1st ply is visible throughout the length of the belt & 2nd ply is visible in spots,Replace,Yes,Yes,Marginal,Planned,Available,45948,Belt replaced,Closed,,>90 days,,,,
,d0209648-6c2a-4283-a5ae-5cd6e71e9cf0,150,RMBB,J78C1,B,700,800,FR,45849,Total 3 joints. Out of which 1st joint has damage at edge. 2nd joint has bottom channel crack & 3rd joint has carrying side channel crack.,Operate under observation,No,No,Marginal,Planned,,46136,Belt Rejoint was done on 24-04-2026,Closed,,>90 days,,,,
,731d3a23-08cb-4155-ba7f-16cc6ef5d992,151,RMPP,AJ4C1,A,1200,1000,SAR70,45852,Peel out in joint area & multiple cracks have been found out.,Piece addition,No,No,Critical,Planned,,45880,Piece addition done,Closed,,>90 days,,,,
,2ca1765c-7d29-4d6d-a8ab-056a7b1dcbc2,152,RMBB,J69AC1,B,833,1400,SAR70,45855,1st ply is visible throughout the length of the belt,Replace,Yes,No,Marginal,Planned,"Belt stock avaialble is EP grade , NN grade belt to be installed as per SSTG recommendation.
Belt will be received by 31.12.25",46136,Belt Replaced,Closed,,>90 days,,,,
,74dc847d-8d1d-493f-a1a0-38586857acf5,153,RMHS,JCC1,A+,200,1400,SAR70,45855,"Top rubber peel out, 40mm in width & 150 mtr in length",Replace,Yes,No,Marginal,Planned,,45945,Belt Replaced,Closed,,>90 days,,,,
,2ba02f6f-3348-47fb-8ba5-106eb944d872,154,RMHS,CJ1C1,A,500,1600,SAR70,45855,Ply visible in skirt area at Drive side,Operate under observation,Yes,No,OK,Planned,,45929,25 MTR PIECE ADDITION DONE,Closed,,>90 days,,,,
,e5c09d91-251a-4f59-adf1-496c590d9ab2,155,RMBB,CCBHAC1,B,114,1200,BUCKET CONV.,45855,"Approx 100 mm cord visible on manufacturing joint area. 
Approx 500mm along the length, steel cords are bulged out in manufacturing joint area ON OPPOSITE side",Rejoint,No,No,Marginal,Planned,,45863,Rejoint on 25-07-2025,Closed,,>90 days,,,,
,f0eb1d23-f20b-430a-83ad-d5f0bf5d0200,156,RMPP,SCSC1,A+,325,1200,SAR70,45859,"Out of 3 joint, 1 old joint condition is critical & has step crack. Multiple cracks were also observed on mother belt & ply visible at multiple area on mother belt top cover.",Replace,Yes,No,Critical,Planned,,45876,"2 nos. re-joint done on 28-07-2025
Piece addition done on 04-08-2025",Closed,,>90 days,,,,
,f8b5ec34-4cc9-4485-ab6e-135f955fca00,157,SP#2,SP2-2007,A,26,1000,SAR70,45859,Belt thickness at center has reduced to 0.8 mm,Operate,No,No,OK,Planned,,45867,Piece Addition done on 29-07-2025,Closed,,>90 days,,,,
,2883951e-7f1d-4877-9a08-cb11f8890118,158,DRI,K10-BC37,B,84,500,HR,45860,Belt joint is damaged & crosscut in mother belt,Piece addition,No,No,Marginal,Planned,,45876,Piece Addition done on 07-08-2025,Closed,,>90 days,,,,
,069f83e8-3403-47f9-8e91-335d4eaee5a2,159,CO#2,25BC43,B,125,1200,FR,45860,Throughcut of 20mtrs on belt,Piece addition,No,No,Marginal,Planned,  ,45898,Dept will Confirm Date,Closed,,>90 days,,,,
,2770de27-05f8-4905-a5a0-6164a6fe2ca5,160,DRI,PSB4-BC30,A,140,500,SAR70,45860,Belt joint is damaged & have cracks ,Replace,No,No,Critical,Planned,Available,45962,Belt Replaced,Closed,,>90 days,,,,
,05259a5e-2587-4f90-9070-ff2c073636c3,161,SMS#2,T44AC1,B,235,800,SAR70,45860,Step crack in 2 joints. One joint needs rejoint & one requires piece addition,Piece addition,No,No,Critical,Planned,,45866,2 nos. re-joint done on 28-07-2025,Closed,,>90 days,,,,
,1d1f92e3-40b5-435a-9c7f-a1ab9c30240a,162,BF#1,FSC2,A,172,800,SAR70,45861,Step crack observed in 2nd joint & bottom channel crack on 1st joint,Piece addition,No,No,Critical,Planned,,45880,Piece Addition done,Closed,,>90 days,,,,
,0f4a8721-8d54-41d4-bac5-dc783e9cbde1,163,BF#1,FOC2,A,165,800,SAR70,45861,Step crack in joint area,Piece addition,No,Yes,Critical,Planned,,45880,Piece addition done,Closed,,>90 days,,,,
,ed674dc9-4c53-4471-8130-a8ee6dc8bc55,164,SP#3,SP3-8001,A,162,650,UHR,45861,Joint area is damaged.& step crack found,Piece addition,No,No,Critical,Planned,,45945,Piece Addition Done,Closed,,>90 days,,,,
,26b2b6c4-a791-4f2e-a289-f9ed7df03d2d,165,SP#3,SP3-8006,A,147,650,UHR,45861,Joint area is damaged & crack in channel area.,Piece addition,No,No,Critical,Planned,,45945,Piece Addition Done,Closed,,>90 days,,,,
,0641208e-90c8-4526-adb0-3cb9e6898024,166,RMPP,JPP3C2,B,640,1000,SAR70,45861,Joint is damaged,Rejoint,No,No,Marginal,Planned,,45927,Rejoint done,Closed,,>90 days,,,,
,63a33a7c-5083-4428-bf38-0ea24e80fcd9,167,RMBB,J69C1,B,271,1400,SAR70,45861,1st Ply is visible along the length of the belt,Replace,Yes,Yes,OK,Planned,Available,45915,Belt replaced,Closed,,>90 days,,,,
,24ff7ab5-d1a6-4a5e-924a-ad811ec6cd58,168,SMS#2,CDP COLD BELT2,B,13,500,FR,45861,1st Ply is visible along the length of the belt,Replace,Yes,No,Marginal,Planned,Available,45888,Dept will Confirm Date,Closed,,>90 days,,,,
,e9063455-ace1-4212-882a-14f8c2291bd9,169,SMS#2,DEP-JHC1,B,147,800,SAR70,45862,Ply visible in return side & cracks observed in 1st & 2nd joint,Replace,Yes,No,Critical,Planned,,45876,Belt replaced,Closed,,>90 days,,,,
,20658736-78d7-45d3-b13c-09e427d5814e,170,SMS#2,BOF-JHC1,B,115,800,SAR70,45862,Cracks in both carrying & return side of belt along the length. 2nd Ply visible at return side. ,Replace,Yes,No,Critical,Planned,,45876,Belt Replaced,Closed,,>90 days,,,,
,63829945-de84-45a1-8843-ba1dd719c14a,171,SMS#2,BOF-C1,B,390,800,SAR70,45862,Step crack observed in joint area & Ply visible at return side of belt & bottom rubber is peeling out,Replace,Yes,No,Critical,Planned,,45877,Belt Replaced,Closed,,>90 days,,,,
,3c77ee57-8d68-41a1-8bf2-4c578f426ce5,172,RMHS,J4C2,B,165,1400,SAR70,45862,1st Ply is visible along the length of the belt,Operate,Yes,No,OK,Planned,Available,46154,Dept will Confirm Date,Closed,,>90 days,,,,
,ad0068a1-6383-40ec-b57b-b2ea40799a7a,173,RMHS,J5C3,B,215,1400,SAR70,45863,1st ply is visible throughout the length of the belt,Replace,Yes,Yes,OK,Planned,,46149,Belt Replaced,Closed,,>90 days,,,,
,b832569e-541b-4cb8-8916-ce579d659106,174,RMHS,J5BC1,B,60,1400,SAR70,45863,1st ply is visible throughout the length of the belt,Operate under observation,Yes,No,OK,Planned,,46044,Belt Replaced,Closed,,>90 days,,,,
,9aa3ab21-918d-46d9-8964-75a6972d0c43,175,SP#1,J36C2,A+,420,1000,FR,45864,Step crack in 2nd joint at both carrying & return side.,Piece addition,No,No,Critical,Planned,,45882,Replaced on 13-8-2025,Closed,,>90 days,,,,
,7bab45c3-9dec-4f2b-ae01-da2f9f73351c,176,SP#1,J35C2,A+,200,1000,SAR70,45864,Step crack observed in joint area & cracks observed along the length of th belt,Replace,Yes,No,Critical,Planned,,45882,Replaced on 13-8-2025,Closed,,>90 days,,,,
,1e504a1a-879e-4c58-a283-9786d1712570,177,RMHS,CJ2C1,B,165,1600,SAR70,45865,1st ply is visible at skirt area of belt & throughcut in belt,Piece addition,Yes,No,OK,Planned,,45867,Piece Addition done on 29-07-2025,Closed,,>90 days,,,,
,e1f72276-d52f-4df5-a361-7345e80b20e2,178,RMPP,J16C1,B,52,800,SAR70,45867,"Throughcuts in mother belt, Ply visible along the length of the belt.
Cracks present throughout the length of the belt.",Replace,Yes,No,Critical,Planned,Available,45786,Replaced,Closed,,>90 days,,,,
,073afb7d-be00-487d-a454-b34fc81252ae,179,RMPP,J16C2,B,60,800,SAR70,45867,1st Ply is visible along the length of the belt,Replace,Yes,No,Marginal,Planned,Available,46107,Replaced ,Closed,,>90 days,,,,
,88c9d099-8233-4766-81b6-309633a3460e,180,RMHS,REC3,B,90,1600,HAR,45868,Step crack in joint area,Replace,Yes,No,Critical,Planned,Available,46123,Belt Replaced,Closed,,>90 days,,,,
,bc361884-e39f-4fa7-b9c2-9a72540e6049,181,RMHS,J3AC1,B,205,1400,SAR70,45869,Thickness of belt has reduced & ply is visible at the skirt area of belt along the length,Operate under observation,Yes,No,OK,Planned,,45979,Belt Replaced,Closed,,>90 days,,,,
,9eeeff53-4825-4fbf-8656-3bb12512cafb,182,RMHS,LDP3FC1,A,20,1200,SAR70,45869,Joint area is severely damaged,Replace,No,No,Critical,Planned,Available,45995,Belt replaced,Closed,,>90 days,,,,
,a8f7ef9c-6ba0-4f78-a6bc-d5af02a4fc3c,183,RMBB,J52C2,B,126,800,SAR70,45870,Step crack observed at return side of joint area,Rejoint,No,No,Critical,Planned,,45946,Rejoint done,Closed,,>90 days,,,,
,12cc8b02-2ada-408b-b794-b51887a6bb80,184,BF#2,OAC2,A+,80,1400,SAR70,45872,Belt thickness has reduced & multiple patchings are also present in belt,Replace,Yes,No,Marginal,Planned,,45876,Belt Replaced,Closed,,>90 days,,,,
,f7eddbed-c15b-4741-b113-999358ed0380,185,DRI,K5-BC37,B,84,500,HR,45872,Step crack observed at in joint & ply visible at skirt area of return side & crack formation in belt,Replace,Yes,No,Critical,Planned,Belt will be delivered in on 22.09.25,45993,Belt replaced,Closed,,>90 days,,,,
,0d548682-6ab9-4b7e-bbcb-dc657b6f4498,186,SP#1,RFTH4C1,B,480,650,SAR70,45872,Step crack observed at 2nd JOINT,Operate under observation,No,No,Marginal,Planned,,46065,Piece Addition done,Closed,,>90 days,,,,
,768834cf-b6c4-4477-995e-fe2e315e0d3c,187,RMHS,SH1RSC3,A+,82,1400,SAR70,45872,Ply vsiible in spots at multiple areas ,Replace,Yes,No,Marginal,Planned,,45880,Belt Replaced,Closed,,>90 days,,,,
,b2704183-4932-4fd9-bdeb-e7fd34d683b3,188,SP#1,RFTH7C1,B,42,650,SAR70,45872,Step  crack observed at 1ST JOINT,Operate under observation,No,No,Marginal,Planned,,46268,Belt Replaced,Closed,,>90 days,,,,
,c3e22bcf-d354-4208-ab96-79c511f2ce76,189,RMBB,CCBC4,B,46,800,FR,45873,Rubber peeled off at joint area,Replace,No,No,Critical,Planned,Available,45907,Replaced,Closed,,>90 days,,,,
,b3ec7654-252e-4f0e-a9ce-a6055e4034ae,190,RMBB,CCBRSC1,B,34,1200,FR,45873,Rubber peeled off at joint area,Replace,No,No,Critical,Planned,Available,45907,Replaced,Closed,,>90 days,,,,
,2c9ee343-0c8e-4118-87d5-2c04653c9a5f,191,RMPP,BC3(COAL),B,320,800,SAR70,45873,Snub pulley shell thickness found 3.3 mm at center.,Replace,No,No,OK,Planned,,46002,Pulley Replaced,Closed,,>90 days,,,,
,9894548a-4dfa-4619-87f4-455c4a07c200,192,SMS#2,FADG2,B,12,800,SAR70,45873,Belt thickness is reduced & ply is visible,Replace,Yes,No,Critical,Planned,,45882,Belt Replaced,Closed,,>90 days,,,,
,1d3726cc-b5b9-4e96-b18a-553af68ea543,193,SP#1,SP1C2,A,220,800,SAR70,45874,2nd ply is visible along the length of the belt & ,Replace,Yes,Yes,Marginal,Planned,,45882,Replaced on 13-8-2025,Closed,,>90 days,,,,
,cc304cd3-e9a3-414e-bc3f-62cd8d289a80,194,RMHS,J3C2,B,560,1400,SAR70,45874,1st ply is visible at skirt area along the length & 2nd ply is visible at some spots in center of belt. Belt also has a step crack in joint area. Throughcut of 4 MTR is aloso present,Replace,Yes,Yes,Critical,Planned,,45999,Belt Replaced,Closed,,>90 days,,,,
,0d422d98-b1bf-4d6b-9f4a-e013e490754a,195,SP#1,HV2,B,26,800,FR,45874,Belt thickness is reduced & ply is visible,Replace,Yes,No,Marginal,Planned,,45883,Dept will Confirm Date,Closed,,>90 days,,,,
,3f55a702-b1d1-468c-b9bc-7a3f71ce3194,196,RMPP,BF4A,A,29,1000,SAR70,45874,Belt thickness is reduced & ply is visible,Replace,Yes,No,Marginal,Planned,,46035,Belt Replaced,Closed,,>90 days,,,,
,3ee29e68-c206-495a-b89f-86ccc8afa919,197,SP#1,B1,A,12,1000,SAR70,45874,1st ply is visible along the length of the belt,Replace,Yes,No,Marginal,Planned,,45880,Belt Replaced,Closed,,>90 days,,,,
,5dfa8bd9-dcd2-4f0c-92e0-d1170a6382f1,198,SP#1,RP5,B,218,800,SAR70,45874,Step crack in joint area,Piece addition,No,No,Critical,Planned,,45880,Piece addition done,Closed,,>90 days,,,,
,b6a98780-5d6c-47b5-9d32-f5fcda872271,199,RMPP,BC13(COAL),B,18,800,SAR70,45874,Belt thickness is reduced & ply is visible,Replace,Yes,No,Marginal,Planned,Available,45940,Belt Replaced,Closed,,>90 days,,,,
,1948feb6-43b3-4db1-8108-82d674a8e0ad,200,RMPP,BC14(COAL),B,18,800,SAR70,45874,Belt thickness is reduced & ply is visible,Replace,Yes,No,Marginal,Planned,Available,45940,Belt Replaced,Closed,,>90 days,,,,
,9b8794a2-0f93-47c3-a188-5bda6322d8d5,201,RMPP,BC3(WASHERY),A,160,1000,SAR70,45874,Belt thickness is reduced & ply is visible,Operate under observation,Yes,No,OK,Planned,,45972,Belt Replaced,Closed,,>90 days,,,,
,53d42fa8-165c-4e3c-851f-b3fdb3d70298,202,RMPP,AJ001,B,28,650,SAR70,45874,Belt thickness is reduced & ply is visible,Replace,Yes,No,Critical,Planned,,45883,Belt Replaced,Closed,,>90 days,,,,
,690b1c79-d63b-4987-94bd-facae5a569d9,203,DRI,BC3095,A,24,1000,HR,45875,Belt thickness is reduced & ply is visible at skirt area,Replace,Yes,No,Marginal,Planned,Available,45993,Belt Replaced,Closed,,>90 days,,,,
,327c5a63-8264-4d5a-ad41-67e8eef83157,204,SP#1,H3,A,450,1000,SAR70,45876,1st ply is visible at skirt area along the length of the belt,Replace,Yes,Yes,OK,Planned,,46174,Belt replaced,Closed,,>90 days,,,,
,a4dff38f-7f20-4b5e-b70e-c441bd696064,205,SP#1,F2,B,12,1000,SAR70,45876,Belt thickness is reduced & ply is visible,Replace,Yes,No,Critical,Planned,,45883,Belt Replaced,Closed,,>90 days,,,,
,3cbe0c8c-c7e0-4c18-ae46-4f2739540ede,206,LCP,4B,A,470,1000,HRT3,45877,Step crack observed at 1ST JOINT,Piece addition,No,No,Critical,Planned,,45880,Piece addition done,Closed,,>90 days,,,,
,a06f9824-9e8f-41dd-a686-5a6edfca7693,207,SP#1,H1,A,360,1000,SAR70,45879,2nd ply visible along length & cut observed,Replace,Yes,Yes,Marginal,Planned,,45883,,Closed,,>90 days,,,,
,24cfe620-95a4-4a8a-b842-cb2a4661992c,208,LCP,3A,A ,23,500,SAR70,45880,Belt thickness is reduced & ply is visible,Operate,Yes,No,OK,Planned,,45924,,Closed,,>90 days,,,,
,11df2728-ceb5-44ef-ad6a-4f567e132022,209,RMHS,CPBC1,A,480,1400,SAR70,45882,Through cut on belt at both edges of 18 mtrs and cut observed at joint area,Piece addition,No,No,Critical,Planned,,45940,Piece addition done,Closed,,>90 days,,,,
,bf050eb7-ba83-4361-8f9b-5b706818c28f,210,RMHS,J26C1,A+,340,1200,SAR70,45882,Belt thickness is reduced & ply is visible,Replace,Yes,Yes,OK,Planned,,45976,Belt Replaced,Closed,,>90 days,,,,
,0c98b608-a749-4f47-9665-abdf9094d3dd,211,RMHS,TT5C2,B,225,1600,FR,45885,"Belt thickness is reduced & ply is visible
Joint area & edge damaged observed.",Replace,Yes,No,Marginal,Planned,,46071,Dept will Confirm Date,Closed,,>90 days,,,,
,92c298f5-ca54-49ac-ae10-c86f4db6d559,212,SMS#2,EAF-BC2F,A+,46,1000,SAR70,45889,Belt thickness is reduced & ply is visible,Operate,Yes,No,OK,Planned,,45933,Dept will Confirm Date,Closed,,>90 days,,,,
,a4f3000f-3260-49b3-a875-8771023ac7a0,213,RMBB,J80C1,B,438,800,FR,45889,Joint channel area found open & crack observed.,Rejoint,No,No,Marginal,Planned,,45890,Rejoint done,Closed,,>90 days,,,,
,4bc0e287-e713-4999-8682-a06b68220ebc,214,RMBB,J81C1,B,729,800,FR,45889,"Joint channel area found open & crack observed.
Belt edge found damaged.",Rejoint,No,No,Marginal,Planned,,45930,Piece addition done at 30-09-2025,Closed,,>90 days,,,,
,01f123fe-7d17-4156-93a8-2c2f3c455844,215,BF#2,SCA2,B,245,1000,HRT3,45892,Joint top channel area found opened & worn out.,Rejoint,No,No,Marginal,Planned,,45896,Rejoint done,Closed,,>90 days,,,,
,bfd33a2e-9b87-4ff2-98ee-277020b1286f,216,RMPP,RBC2,A,35,1200,SAR70,45896,2nd ply visible along the length of the belt,Replace,Yes,Yes,Marginal,Planned,,45962,Belt Replaced,Closed,,>90 days,,,,
,824abe32-7faf-411e-a762-d20d7a886080,217,RMPP,BC14(IRON),A,24,800,SAR70,45896,3rd ply visible at center throughout the length of the belt,Replace,Yes,Yes,Marginal,Planned,,45899,Replaced,Closed,,>90 days,,,,
,3c7c1437-b989-4d5a-95f9-e0e3c9c49458,218,RMHS,T38C2,A+,840,800,SAR70,45896,Step crack in 4th joint. Rest 3 joints are ok.,Rejoint,No,No,Marginal,Planned,,45945,Rejoint Done,Closed,,>90 days,,,,
,ee774dad-5777-4ee9-a9a4-e1914c91c791,219,RMPP,K7C1,A+,995,800,SAR70,45896,Joint is damaged,Rejoint,No,No,Marginal,Planned,,45925,Dept will Confirm Date,Closed,,>90 days,,,,
,b3469c18-0078-48a2-ad41-322ac98aafe5,220,SMS#2,T38C1,A,375,650,SAR70,45896,Joint is damaged,Rejoint,No,No,Marginal,Planned,,45901,Dept will Confirm Date,Closed,,>90 days,,,,
,2856fe71-ba6f-4cfd-98bc-0be3f8334b7b,221,RMPP,J16C1,B,52,800,SAR70,45897,Belt thickness has reduced & ply is visible at center,Replace,Yes,No,Marginal,Planned,,46107,Replaced ,Closed,,>90 days,,,,
,b8789d75-24bf-4a21-b08d-677483fb6f86,222,RMHS,CJ2C1,B,165,1600,SAR70,45898,Belt thickness has reduced (0.5mm at center) & ply visible at skirt area,Replace,Yes,Yes,OK,Planned,,45947,Belt replaced,Closed,,>90 days,,,,
,6e99f5b0-3517-4f4e-b769-14e34bc9ce4a,223,RMPP,JPP3C1,B,626,1000,SAR70,45903,"Belt joint is severly damaged & has step crack in it. The belt has ply visible near joint area, 10mtr from each side",Piece addition,No,No,Marginal,Planned,,45953,Rejoint done,Closed,,>90 days,,,,
,dfb05a2b-9325-4e8d-b370-ed30c539be94,224,RMPP,2J18C4,B,106,1000,SAR70,45903,Belt thickness has reduced & ply is visible at center,Operate under observation,Yes,No,OK,Planned,,46226,Belt replaced,Closed,,>90 days,,,,
,89a7e195-3807-4f51-ae18-56c512a2326a,225,RMPP,2J19C2,B,142,1000,SAR70,46239,Belt thickness has reduced & ply is visible at skirt area & 2nd ply visible in bottom cover rof belt,Operate under observation,Yes,No,Marginal,Planned,,,Report Updated,Open,,>60 & <90 days,,,,
,5734d5a8-0d58-4132-8975-3041af85bbe8,226,RMHS,J50C1,A,140,1400,SAR70,45908,Belt peel of at center approx. 300X700 mm at mother belt.,Rejoint,No,No,Marginal,Planned,,45911,25 MTR PIECE ADDED,Closed,,>90 days,,,,
,1464600d-172e-494a-8f38-a27f8ce01eb6,227,RMHS,J35C1,A+,522,1200,SAR70,45915,"Joint crack at rturn side 1st, 2nd step & carrying side 1step observed.",Rejoint,No,No,Critical,Planned,,45945,Rejoint Done,Closed,,>90 days,,,,
,7f6f6c9e-1e25-4e72-8a5c-4b07a20c8dc6,228,RMHS,J30C1,A,455,1200,SAR70,45915,Joint crack at carrying side 1st step observed.,Rejoint,No,No,Critical,Planned,,46190,Rejoint done,Closed,,>90 days,,,,
,98481fd3-34d7-4087-bd67-1731e0574c89,229,RMHS,J27C2,A,750,1200,SAR70,45915,Joint crack at carrying side 1st step observed.,Rejoint,No,No,Critical,Planned,,45945,350 mtrs Piece Addition done and two cold and one hot joint removed,Closed,,>90 days,,,,
,963596c2-ca84-422b-b0aa-feefcecac525,230,LCP,LP-BC7,B,43,650,SAR70,45915,Cracks on belt top cover observed along the length.,Replace,Yes,No,Marginal,Planned,,45924,Belt Replaced,Closed,,>90 days,,,,
,8cf57ec4-2998-45b0-a23c-31111d0b4da0,231,RMHS,SCR6,B,95,1600,FR,45915,Belt top cover peeled out joint area approx 1.5 mtr in length,Operate under observation,No,No,Critical,Planned,,45995,Belt Replaced,Closed,,>90 days,,,,
,9b4faa93-2387-44a4-8818-c6b2b5b8f87f,232,RMHS,J6C1,B,75,1400,SAR70,45915,3rd Ply visible along the length of the belt at multiple places observed.,Replace,Yes,Yes,Critical,Planned,,45922,Replaced,Closed,,>90 days,,,,
,7ab3aa68-cfab-4888-8bd6-3eb6015b4353,233,RMHS,SCR7,B,90,1600,SAR70,45918,2nd ply visible along the length of the belt,Replace,Yes,Yes,Marginal,Planned,,45955,Belt Replaced,Closed,,>90 days,,,,
,b358c6b1-32fe-4126-ab4d-24c4bc48dfb1,234,RMPP,J8C2,B,28,800,SAR70,45918,1st Ply visible at skirt area at multiple places,Operate,Yes,No,OK,Planned,,46058,Belt Replaced,Closed,,>90 days,,,,
,cd1d2615-be1c-4bde-bdf5-ee613137bbec,235,SMS#2,EAF-BC2.2D,B,17,1000,SAR70,45919,Cross cut at joint area & belt worn out,Replace,No,No,Critical,Planned,,45940,Belt replac ed,Closed,,>90 days,,,,
,7da793cd-96fe-4c20-b75b-be5bcd6c235e,236,BF#2,D5,B,138,1600,SAR70,45919,Belt has cracks in joint area & mother belt is damaged,Replace,Yes,No,Critical,Planned,,45946,Belt Replaced,Closed,,>90 days,,,,
,f319a177-9b95-4465-a261-6e3547c208c4,237,RMPP,FTH14C2,B,152,1000,SAR70,45919,Mother belt top cover ply visible at skirt area at multiple areas.,Operate under observation,Yes,No,OK,Planned,,,,Open,,>90 days,,,,
,3cb7cc3a-32de-4c77-b955-b465469e1e22,238,RMHS,T48C1,B,830,800,SAR70,45920,Crack in joint area,Rejoint,No,No,Marginal,Planned,,45945,Rejoint Done,Closed,,>90 days,,,,
,1ae68c64-7b9e-42eb-861f-191d211745d3,239,SP#2,SP2-7004,A,188,1000,HRT3,45920,Belt thickness has reduced & ply is visible at center,Replace,Yes,No,Marginal,Planned,,45946,Belt Replaced,Closed,,>90 days,,,,
,61e10134-8554-44d2-817b-a3bcea7198bd,240,BF#2,OFC4,A,182,800,SAR70,45922,Step crack in joint area,Rejoint,No,No,Critical,Planned,,45945,Rejoint Done,Closed,,>90 days,,,,
,85cbc7d5-eef6-47cb-96ff-39977c953639,241,SMS#2,T44C2,B,300,800,SAR70,45922,Crack in joint area,Piece addition,No,No,Marginal,Planned,,46018,Piece Addition done,Closed,,>90 days,,,,
,bf0c38c0-b7f7-4f41-a9d0-3349ad87c9ac,242,RMPP,K10C1,A,352,800,SAR70,45922,Belt thickness is reduced & joint is also damaged,Replace,Yes,No,Marginal,Planned,,46079,Belt Replaced,Closed,,>90 days,,,,
,0e9d03bd-06f8-4b74-94c1-ee8ed6f0924d,243,RMBB,J67C1,B,914,1400,STEELCORD,45923,Mother belt is damaged,Piece addition,Yes,No,Marginal,Planned,,45971,Piece addition of 280 is done,Closed,,>90 days,,,,
,e9f02ad6-e39a-457b-b28e-083b5cd8d0b9,244,CO#2,02FW01A,B,80,1400,BUCKET CON,45923,Belt joint area is severely damaged,Replace,No,No,Critical,Planned,,45940,Rejoint done,Closed,,>90 days,,,,
,461bcdca-f11f-49a5-8a06-a01c6bd8b586,245,RMHS,J36C1,A+,392,1200,SAR70,45924,Belt joint has cracks,Replace,Yes,No,Marginal,Planned,,45945,Belt Replaced,Closed,,>90 days,,,,
,4cd58d76-4f45-4eb5-8966-379b91b210f8,246,SP#3,SP3-2009,A,326,1000,SAR70,45925,Belt thickness has reduced,Replace,Yes,No,Marginal,Planned,,45945,Belt Replaced,Closed,,>90 days,,,,
,44facb94-8be0-467b-9f61-8eed864a43bc,247,RMPP,2J18C1,B,44,1000,SAR70,45925,Belt thickness has reduced & ply is visible,Operate,Yes,No,OK,Planned,,46195,Belt Replaced,Closed,,>90 days,,,,
,b8f9acf0-0c89-4b39-91c1-0878f7481e09,248,RMHS,LDP3C1,A,383,1200,SAR70,45927,Belt thickness has reduced & ply is visible,Replace,Yes,Yes,OK,Planned,,46166,Dept will Confirm Date,Closed,,>90 days,,,,
,9a6b16cf-ccc1-4cc3-8568-fec167f9df57,249,DRI,BC2075,A,65,650,SHR,45929,Belt thickness has reduced & ply is visible,Replace,Yes,No,Marginal,Planned,,46034,Belt Replaced,Closed,,>90 days,,,,
,390fd169-e2a0-4a23-b01f-a623acd46fcd,250,DRI,HAC1120,A,73,650,SAR70,45931,"Joint area cross cut observed, 1st ply visible at lateral space area along the length.",Replace,Yes,No,Critical,Planned,,45935,Piece addition done,Closed,,>90 days,,,,
,246f74f1-268b-4616-8c55-70f1e789dc17,251,SP#2&3,J70C2,A,530,1000,FR,45932,Joint area is damaged.,Piece addition,No,No,Marginal,Planned,,45943,Piece addition done,Closed,,>90 days,,,,
,8cd046d5-a81a-499a-82f0-2072aefb79c0,252,RMHS,TT6C2,B,175,1600,FR,45944,Step crack in return side of joint area,Piece addition,No,No,Critical,Planned,Repairing has been done,46039,Piece Addition Done,Closed,,>90 days,,,,
,48b64098-6bdb-4310-8ef7-769ca122205c,253,DRI,PSB1-BC30,A,140,500,SAR70,45946,Joint is severely dzamaged,Rejoint,No,No,Critical,Planned,Repairing has been done,45954,Rejoint done,Closed,,>90 days,,,,
,9680e46e-870a-432b-a58e-4fe75a9f0f24,254,RMHS,J27C1,A,750,1200,SAR70,45950,"Belt 4th joint top channel crack & damage observed. 
11-15-2025- Ply visible on top cover in old belt 300 mtr.",Piece addition,No,No,Marginal,Planned,,46030,Piece Addiotion done,Closed,,>90 days,,,,
,effb32fc-96d3-4e94-982b-93a03ba8c617,255,RMPP,IJ001,A,28,650,SAR70,45953,Belt ply visible at center of the belt along the length.,Replace,Yes,No,Critical,Planned,,45971,Belt Replaced,Closed,,>90 days,,,,
,1dea3cac-65e3-4ddc-a128-d3cc57f1485f,256,RMBB,JHARC1,A,20,1600,SAR70,45953,Belt 2nd ply visible at skirt area of the belt along the length.,Replace,Yes,Yes,OK,Planned,,45952,Belt replaced,Closed,,>90 days,,,,
,9b227c4f-d0ed-4929-b97f-9c99cf97a0ff,257,SP#1,H2,A,22,1000,SAR70,45953,Belt ply visible at center of the belt along the length.,Operate,Yes,No,OK,Planned,,45968,Belt Replaced,Closed,,>90 days,,,,
,932c2091-7699-47e6-b0ba-50dd68ebc6ad,258,SP#1,HV1,B,220,800,FR,45953,Belt 1st ply visible at skirt area of the belt along the length & 2nd ply visible along the length observed.,Replace,Yes,No,Marginal,Planned,Available,,Dept to Confirm Date,Open,,>90 days,,,,
,33773d5e-cb09-4a91-8c90-a5adc0ed6374,259,RMHS,J24C1,B,1700,1400,STEELCORD,45954,Through cut of 60 mtr occured due to external component,Operate under observation,No,No,OK,Planned,,45957,Piece addition of 110 mtr was done,Closed,,>90 days,,,,
,98e4e45f-5425-4d05-8953-b078f3311873,260,RMHS,SCR7,B,90,1600,SAR70,45954,Through cut at center along the length observed.,Replace,No,No,OK,Planned,,45955,Belt Replaced,Closed,,>90 days,,,,
,8d4f7580-9a60-4e7e-b75b-d61dae4f0c66,261,RMPP,J7C2,B,225,800,SAR70,45954,Through cut of 70 mtr at center observed.,Piece addition,No,No,OK,Planned,,45954,Piece addition done,Closed,,>90 days,,,,
,6936763f-7ce9-4556-aa59-806d9d642edf,262,DRI,PSB5-BC15,A,240,650,SHR,45954,Joint channel area gap observed.,Operate,No,No,OK,Planned,,46083,Belt Replaced,Closed,,>90 days,,,,
,70013941-735a-4819-8854-1c819d7cca81,263,BF#1,BF1-S3,B,62,1200,SAR70,45954,Belt 1st ply visible at center of the belt along the length observed.,Replace,Yes,No,OK,Planned,,45965,Belt Replaced,Closed,,>90 days,,,,
,22bdff08-365e-4bfa-a81a-653011d6c8a5,264,BF#1,BF1-S4,B,40,1200,SAR70,45954,Belt 1st ply visible at center of the belt along the length observed.,Replace,Yes,No,OK,Planned,,45965,Belt Replaced,Closed,,>90 days,,,,
,075d48e4-e5d7-42bd-92be-0533d62f3f39,265,BF#1,BF1-S2,B,322,1200,SAR70,45954,Joint top channel opened from corner & bottom channel crack observed.,Rejoint,No,No,Marginal,Planned,,45965,,Closed,,>90 days,,,,
,c276c92f-ff4a-4144-aba8-b061021c2692,266,RMPP,BC5(IRON),B,23,500,SAR70,45957,"Belt 1st ply visible at center of the belt along the length observed.
Belt peel off observed.",Replace,Yes,No,Marginal,Planned,,45962,Belt Replaced,Closed,,>90 days,,,,
,c4f0ae8a-b865-4dd0-9763-deb01abecd08,267,RMPP,OFBBRSC1,A,35,1000,SAR70,45957,Belt 1st ply visible at center of the belt along the length observed.,Operate,Yes,No,OK,Planned,,45962,Belt Replaced,Closed,,>90 days,,,,
,59fe0c7e-be94-419e-a93c-55f571a4cc84,268,RMPP,RBC2,A,35,1200,SAR70,45957,Belt 3rd ply visible at center of the belt along the length observed.,Replace,Yes,Yes,Critical,Planned,,45962,Dept will Confirm Date,Closed,,>90 days,,,,
,4e1384a4-e9c1-4649-9ad2-2069e2648455,269,RMHS,J5C1,A,1750,1400,SAR70,45962,"1500 mtr has been replaced earlier, rest 250 mtr are left to be replaced. The old belt has ply visible at cnter & has crack in first step of joint area",Piece addition,Yes,No,Critical,Planned,,46027,Piece Addiotion done,Closed,,>90 days,,,,
,8438fdc7-39bd-4164-a728-cb91bed6ebbd,270,CO#1,J40C1,B,570,1200,SAR70,46254,Belt thickness has reduced,Operate under observation,Yes,No,OK,Planned,,,Report Updated,Open,,>30 & <60 days,,,,
,5e2f8fd9-13c5-4f60-9587-f72c3f38982f,271,CO#2,25BC01A,A+,125,1600,HR,45963,Belt thickness has reduced,Operate,No,No,OK,Planned,,46030,Belt Replaced,Closed,,>90 days,,,,
,22222013-c6ea-4f60-8e1e-0da84da7c2d1,272,RMHS,J33C1,A,277,1200,SAR70,45964,Belt thickness has reduced,Operate,No,No,OK,Planned,,46066,Belt Replaced,Closed,,>90 days,,,,
,ac6dd742-b612-41f5-8ed6-bd56e447d370,273,SP#1,CF1,B,196,800,FR,46259,"Belt thickness has reduced & joint is damaged, multiple patchings have been done in joint",Replace,Yes,No,Critical,Planned,Available,,"Inspection updated, last inspection was done on 03-11-2025",Open,,>30 & <60 days,,,,
,a375eb38-8eea-4893-90cf-85fe8e98d09f,274,RMHS,SH1C2,A,75,1200,SAR70,45965,Belt thickness has reduced,Operate,Yes,No,OK,Planned,,46065,Belt Replaced,Closed,,>90 days,,,,
,e137d71c-b368-41f2-9b4b-a12fd14c390d,275,RMHS,SH1RSC2,A,90,1400,SAR70,45965,Belt thickness has reduced,Replace,Yes,No,Marginal,Planned,,46175,Belt Replaced,Closed,,>90 days,,,,
,8143a5c7-5fe2-4c28-bc59-9fde2e2a46a8,276,RMHS,LDP2C1,A,264,1200,SAR70,45965,Belt thickness has reduced,Replace,Yes,Yes,OK,Planned,,46166,Belt replaced,Closed,,>90 days,,,,
,cde98526-8113-47a0-81b7-c7658abac39d,277,RMHS,J36C5,A,230,1200,FR,45966,Belt thickness has reduced,Operate under observation,Yes,No,OK,Planned,,46137,Belt Replaced,Closed,,>90 days,,,,
,e279b89e-4aa8-415c-a4ed-cead660df1b4,278,RMPP,BF4B,B,52,1000,SAR70,45966,Belt thickness has reduced,Replace,Yes,Yes,OK,Planned,,45989,Belt Replaced,Closed,,>90 days,,,,
,1eede543-db11-473f-8e59-e3208e7aecd6,279,RMPP,CJ0010,B,15,650,SAR70,45966,Belt thickness has reduced,Replace,Yes,Yes,OK,Planned,,45976,Belt Replaced,Closed,,>90 days,,,,
,93bdbcca-61f6-4f3e-8cae-519d14e75e5e,280,RMPP,BC10(COAL),B,16,800,SAR70,45967,Belt thickness has reduced,Operate,Yes,No,OK,Planned,,45989,Belt Replaced,Closed,,>90 days,,,,
,77adc333-55e3-4e5e-ada8-26599afdc66f,281,RMPP,RMPP-FCSBC1,A+,46,1000,SAR70,45968,Belt thickness has reduced,Operate,Yes,No,OK,Planned,,45989,Belt Replaced,Closed,,>90 days,,,,
,75ef122b-685e-4cda-bd97-97cad87d7357,282,RMPP,J16AC1,B,415,800,SAR70,45968,Belt thickness has reduced,Operate under observation,Yes,No,OK,Planned,,,,Open,,>90 days,,,,
,b3b80e01-0472-40fb-b090-29be3bcbbf09,283,RMPP,CTH1C1,B,350,800,SAR70,45970,Belt thickness has reduced,Operate under observation,Yes,No,OK,Planned,,,,Open,,>90 days,,,,
,56d41df1-87c5-4d07-a43b-fc2dae799b07,284,RMPP,J12C1,A,432,800,SAR70,45971,Channel area of joint is damaged & bottom side joint area has peeled out.,Rejoint,No,No,Marginal,Planned,,46087,,Closed,,>90 days,,,,
,059eeec9-e442-4de1-9797-e083506c0113,285,RMPP,J13C1,A,234,800,SAR70,45971,Joint is damaged at bottom cover. Mother belt top cover hardness has increased & crack area presnt on top cover of belt along the length.,Operate under observation,No,No,Critical,Planned,,,Thorough Inspection required. Dept to provide shutdown,Open,,>90 days,,,,
,7ec2e903-7759-40d7-ae9a-9ddd035ae6f9,286,RMPP,AJ001,B,28,650,SAR70,45975,Joint is severely damaged,Replace,No,No,Critical,Planned,,45997,Belt Replaced,Closed,,>90 days,,,,
,1af7a543-5e61-4207-9f2a-fdb81602401b,287,RMHS,J50C2,A,260,1400,SAR70,45976,Step crack in one out of two joints,Rejoint,No,No,Critical,Planned,,46015,84 MTR PIECE ADDED,Closed,,>90 days,,,,
,a45848b3-0551-4e63-ba56-127b51055d79,288,RMBB,IORSC1,B,59,1600,SAR70,45976,High wear rate of 2.9 mm/month,Operate under observation,No,No,OK,Planned,,46030,Belt Replaced,Closed,,>90 days,,,,
,1f32d4a7-e6ad-40eb-b218-096aac393500,289,SMS#2,T42C1,A,230,800,SAR70,45976,Side edge of joint got damaged and return side patching found on peel out portion of 400mm,Rejoint,No,No,Critical,Planned,,45993,Rejoint done,Closed,,>90 days,,,,
,e71fb062-b332-4b83-a69a-00fe3cb986d2,290,SP#1,SP1-S1,A,275,1000,HRT3,45977,Multiple burn marks on mother belt along the length upto ply,Replace,Yes,Yes,OK,Planned,,46174,Belt Replaced,Closed,,>90 days,,,,
,2e48edf5-2bb0-47b7-b3d9-0171dff84117,291,SP#2&3,J70C1,A,510,1000,FR,45977,"1st hot Joint has cut/gap between channel & belt, rest two joints are ok.",Rejoint,No,No,Critical,Planned,,45994,Rejoint done,Closed,,>90 days,,,,
,268e4b34-723f-49bb-a48e-62ad4baeac2f,292,RMPP,BC17(WASHERY),A,250,800,SAR70,45977,Ply visible observed along the length of mother belt at skirt area observed.,Operate under observation,Yes,No,OK,Planned,,46050,Belt Replaced,Closed,,>90 days,,,,
,5017f92c-a772-40dc-b730-db3819e53524,293,SP#2&3,J73C2,B,250,1000,FR,45977,"Step crack in joint area, bottom cover rubber has peeled off for approx. 200mm in edge & ply is visible at return side.",Piece addition,No,No,Critical,Planned,,46003,Piece Addition done,Closed,,>90 days,,,,
,fc5b5e19-c45c-40e2-9042-9c5a6f545e04,294,SP#1,H3,A,450,1000,SAR70,45977,Belt 2nd ply visible at skirt area of the belt along the length.,Replace,Yes,Yes,OK,Planned,,46175,Dept will Confirm Date,Closed,,>90 days,,,,
,b4ae9255-bf9c-4164-be07-48d2288d476b,295,RMHS,TT4C2,B,260,1600,SAR70,45978,"1. Crack in channel area.
2. 1st ply visible in multiple spots.
3. Joint area edge found Open.",Piece Addition,Yes,No,Marginal,Planned,,46034,Piece addition done,Closed,,>90 days,,,,
,d415e7e2-34c1-4121-9982-d65cde9a6ca6,296,RMPP,2J18BC1,B,44,1000,SAR70,45978,Belt thickness has reduced & ply is visible,Replace,Yes,No,OK,Planned,,46080,Belt Replaced,Closed,,>90 days,,,,
,1b3e7d26-8c87-4bdb-acae-9c340c005104,297,RMHS,TT4C3,B,235,1600,FR,45978,"Belt thickness is reduced & 2nd ply is visible at return side from edge throughout the length.
Joint is damaged & patching observed at both carrying & return side",Replace,Yes,Yes,Critical,Planned,,46116,Belt Replaced,Closed,,>90 days,,,,
,269738fe-71b0-4a8e-8864-e324b7887f13,298,DRI,K10-BC03,B,80,650,SHR,45978,Cross cut in joint area,Piece addition,No,No,Marginal,Planned,,46064,Piece Addition done,Closed,,>90 days,,,,
,5b7a8d7e-445b-48d8-b2af-a74425f7b175,299,DRI,K5-BC33,B,240,500,SAR70,46289,"Top channel is open at edge, skirt area has a deep line mark",Operate under observation,No,No,Marginal,Planned,,,"Report Updated
Early observation on,14-08-2026, 17-11-2025",Open,,<30 days,,,,
,78cedd2b-5560-4b69-8f02-2f97d27b2e05,300,DRI,K5-BC03,B,80,650,SHR,46289,Top channel has crack & bottom side joint area has minor step crack,Operate under observation,No,No,Marginal,Planned,,,"Report Updated
Early observation on,14-08-2026,  17-11-2025",Open,,<30 days,"1. Takeup pulley lagging is damaged.
2. Head pulley lagging thickness has also reduced",,,
,a742a01a-bbc7-48d3-b504-6a165f7a5332,301,RMPP,J9BC1,B,286,800,SAR70,45979,Belt top cover peeled out from joint area for 2.52 mtr,Piece addition,No,No,Marginal,Planned,,46021,Piece Addition done,Closed,,>90 days,,,,
,ec60f435-5d10-440f-97f2-40601ee03712,302,RMHS,SCR4,B,90,1600,SAR70,45979,Step crack is present in belt & has throughcut in belt. Rubber peel out from joint area to mother belt for approx. 2 mtr,Replace,Yes,No,Critical,Planned,,46010,Replaced on 12/19/2025,Closed,,>90 days,,,,
,1a96725f-1e29-48a1-ace8-4c93644f9637,303,SMS#2,T44C2,B,300,800,SAR70,45979,"Out of 2 Joints, one joint has been rejointed & 2nd joint has step crack in it. ",Piece Addition,No,No,Critical,Planned,,46018,Piece Addition done,Closed,,>90 days,,,,
,bd6943cd-7030-472b-9bb9-ee6f19af260d,304,BF#2,MB1,A+,315,2000,SAR70,45979,Lower bend pulley lagging damaged,Lagging to be done,No,No,OK,Planned,,45993,Lower bend pulley lagging to be done,Closed,,>90 days,,,,
,7c549f5f-3bbe-4d57-9509-87dc68d6a543,305,SP#2&3,J70C2,A,530,1000,FR,45981,Joint area is damaged.,Rejoint,No,No,Critical,Planned,,45982,Rejoint was done,Closed,,>90 days,,,,
,b57e2069-b2d3-4b82-9196-055c84824127,306,RMPP,JPP3C2,B,640,1000,SAR70,45981,1st & 2ND Joints are damaged. Top cover has peeled from 1st joint upto 110 mtr,Piece Addition,No,No,Critical,Planned,,45982,75 mtr piece addition was done,Closed,,>90 days,,,,
,4e5ea795-2ecd-47f2-ac0e-804ffbaae234,307,CO#1,J7,A+,25,1200,HRT2,45981,2nd ply is visible throughout the length of the ,Replace,Yes,Yes,Marginal,Planned,,45994,Belt Replaced,Closed,,>90 days,,,,
,9d61e8f2-ffc8-412c-825f-6ea0fab61fb1,308,CO#1,J40FC1,A+,20,1200,SAR70,45981,2nd ply is visible throughout the length of the ,Replace,Yes,Yes,Marginal,Planned,,46007,Belt Replaced,Closed,,>90 days,,,,
,db380e2e-b699-4d1f-8ee0-658682437a17,309,DRI,K9-BC12,B,14,500,HR,45985,Belt thickness has reduced,Operate,No,No,OK,Planned,,,,Open,,>90 days,,,,
,5e819f79-5b6b-41fb-a358-020f0b237c3e,310,RMBB,J64C1,B,247,1400,SAR70,45986,"1. 3 MTR throughcut is present in belt.
2. Belt to be operate under observation & plan for piece addition in long term & wear rate is also high ",Operate under observation,No,No,OK,Planned,,46136,Hot Patch was done,Closed,,>90 days,,,,
,47668f80-c2a9-4d8a-b09c-07450794c936,311,RMPP,JPP2C1,B,350,1000,SAR70,45986,"2 joints are present. 1 Hot & 1 Cold, Cross cut in Hot joint & in mother belt near joint area.
Hot joint also has minor step crack. The cold joint has cross cut in step & rubber peel out at return side. ",Piece Addition,No,No,Critical,Planned,,45995,"Cold joint has been replaced with piece addition on 04-12-2025, one more piece addition is needed",Closed,,>90 days,,,,
,3bc8c8f5-9415-40c5-9c12-9a110a45c72a,312,RMHS,REC1,B,90,1400,SAR70,45987,1st Ply is visible along the length of the belt & 2nd ply is visible in spots,Replace,Yes,Yes,Marginal,Planned,Available,45996,Belt replaced,Closed,,>90 days,,,,
,510c7a23-66d1-4c66-ab4f-b62f47903623,313,RMHS,J75C1,B,70,800,SAR70,45987,Step crack in carrying side joint area & hair line crack in channel area of return side,Operate under observation,No,No,Marginal,Planned,,,,Open,,>90 days,,,,
,460ebe74-7ce1-4434-bd3a-697815a0eb8c,314,RMHS,J50C1,A,140,1400,SAR70,45992,3 MTR Throughcut is presnt in belt,Piece Addition,No,No,OK,Planned,,46015,15 MTR PIECE ADDED,Closed,,>90 days,,,,
,08948238-05c4-482a-8fcd-cda6a0bd9e4e,315,DRI,T30AC1,A,1100,800,SAR70,45995,Joint 2:- Step crack in joint area,Operate under observation,No,No,Marginal,Planned,,,Repairing is done,Open,,>90 days,,,,
,11c25d05-6a87-4641-9e52-c9dd75cfbfdf,316,DRI,T30AC1,A,1100,800,SAR70,45995,Joint 3:- Edge is slightly open,Operate under observation,No,No,Marginal,Planned,,,Repairing is done,Open,,>90 days,,,,
,e9041def-091e-493b-9d0f-e16c58e83958,317,DRI,T30AC1,A,1100,800,SAR70,45995,Joint 4:- Step crack in joint area,Operate under observation,No,No,Marginal,Planned,,,Repairing is done,Open,,>90 days,,,,
,96c5286b-1493-4dce-b88d-77121af5d327,318,DRI,T30AC1,A,1100,800,SAR70,45995,Joint 5:- Step crack in joint area,Operate under observation,No,No,Marginal,Planned,,,Repairing is done,Open,,>90 days,,,,
,38c0b796-a949-4ff3-936a-364651b35181,319,DRI,T30AC1,A,1100,800,SAR70,45995,Joint 1:- Step crack in joint area,Rejoint,No,No,Critical,Planned,,45996,Rejoint done,Closed,,>90 days,,,,
,ab50110f-fafe-4d08-b638-6dec31e2d387,320,SP#1,RP7,B,12,1000,SAR70,45999,Belt thickness has reduced & 2 nd ply is visible throughout the length of the belt,Replace,Yes,Yes,OK,Planned,,46007,Belt Replaced,Closed,,>90 days,,,,
,4a48c6a2-3af3-4735-b1f5-c17e8ba34d06,321,RMBB,J63C1,B,273,1400,SAR70,46000,Top cover peeled out 360mmX40mtr from joint area top cover. Multiple step cracks in belt top & bottom cover,Piece addition,No,No,Critical,,,46015,Belt Replaced,Closed,,>90 days,,,,
,8e614330-aa06-44d6-b707-9b5dfdd7384c,322,RMPP,J12C4,B,17,800,SAR70,46001,4th ply is visible along the length of the belt,Replace,Yes,Yes,OK,Planned,,46002,Belt Replaced,Closed,,>90 days,,,,
,9c901137-df59-4a39-95c6-f0012d42e784,323,DRI,PSB1-BC23B,A,50,500,HR,46002,Ply visible at skirt area observed.,Operate,Yes,No,OK,Planned,,46158,Belt Replaced,Closed,,>90 days,,,,
,fe7e06bc-9ac4-4e49-80ff-23f2686711d4,324,RMPP,BC5(IRON),B,23,500,SAR70,46003,Mother belt top cover ply visible upto 3rd ply.,Replace,Yes,Yes,OK,Planned,,46027,Belt Replaced,Closed,,>90 days,,,,
,d5b651ea-06da-41b5-9d67-2dba8cd82031,325,RMPP,BC10(IRON),A,265,650,SAR70,46003,Mother belt top cover skirt rubber area ply visible.,Operate under observation,Yes,No,OK,Planned,,46090,,Closed,,>90 days,,,,
,3c79c852-3104-470a-89b1-3e0a1d2d10d8,326,RMPP,K2C1,B,343,800,SAR70,46004,Mother belt top cover middle position ply visible.,Operate,Yes,No,OK,Planned,,46160,Belt Replaced,Closed,,>90 days,,,,
,3f045457-571e-42e0-b729-284a82ffd6ea,327,LCP,3C,A,23,650,SAR70,46006,Mother belt top cover skirt rubber area ply visible both side.,Operate,Yes,No,OK,Planned,,46098,,Closed,,>90 days,,,,
,f8b335cd-dfe1-487c-a410-ccb4bff43f72,328,LCP,3M,B,43,800,SAR70,46006,Mother belt top cover skirt rubber area ply visible both side.,Operate,Yes,No,OK,Planned,,46065,Belt Replaced,Closed,,>90 days,,,,
,87f9107d-a719-4665-bb6e-74a4b7aebfdd,329,LCP,4A,A,460,800,HRT3,46006,Mother belt top cover skirt rubber area ply visible upto 2nd ply.,Replace,Yes,Yes,OK,Planned,Available,,,Open,,>90 days,,,,
,40c7e75c-d568-400f-af3c-68c44a6bb462,330,RMHS,CJ6C1,B,120,1600,FR,46007,Ply visible at center along the length observed.,Operate,Yes,No,OK,Planned,,46038,Belt Replaced,Closed,,>90 days,,,,
,ac76e098-eab5-4324-be6f-87b52ad25b5b,331,RMHS,J3RBF1,B,27,1400,SAR70,46007,Ply visible at center along the length observed.,Operate,Yes,No,OK,Planned,,46044,Belt Replaced,Closed,,>90 days,,,,
,bb2e5902-72f7-4924-8ebf-f651745dc7d1,332,RMPP,J9C1,B,666,800,SAR70,46260,"18-12-2025: -Ply visible on bottom cover observed.
26-09-2026:- Joint top channel worn out & a slight crack present.
Ply visible in mothe rbelt bottom cover",Operate under observation,Yes,No,Marginal,Planned,,,Thorough Inspection required. Dept to provide shutdown,Open,,>30 & <60 days,,,,
,19ddc027-2ad7-4a80-8047-f859c0fa13f5,333,RMPP,2J18AC1,B,344,800,SAR70,46009,Mother belt top cover skirt rubber area ply visible. & bottom side joint area is open,Piece Addition,Yes,No,Marginal,Planned,,,Thorough inspection needed,Open,,>90 days,,,,
,35a0123e-c367-466f-a4cd-a7204ccfb9be,334,RMHS,CJ1C2,A,450,1600,SAR70,46011,20 Mtr throughcut is present in belt,Piece Addition,No,No,Marginal,Planned,,46122,Piece Adfdition Done,Closed,,>90 days,,,,
,7121e56a-2377-4d55-98b5-bda0492efa72,335,DRI,K9-BC33,B,240,500,SAR70,46015,Ply visible on top cover observed.,Replace,Yes,No,Marginal,Planned,,46173,Belt Replaced,Closed,,>90 days,,,,
,62f58cf4-341d-4d96-b3e6-e93ef41a2204,336,RMHS,OFBF1,B,16,1200,SAR70,46016,Ply visible on top cover observed.,Operate,Yes,No,OK,Planned,,46046,,Closed,,>90 days,,,,
,7e81fe8a-f770-41f1-af69-00a968fa971d,337,SP#1,CHE2,A,290,800,HRT3,46017,Burn marks on belt near joint area,Piece Addition,Yes,No,Marginal,Planned,,46175,Piece addition done,Closed,,>90 days,,,,
,04867ecb-ca07-4a8b-907f-b929be1ec8a9,338,RMPP,BC17(WASHERY),A,250,800,SAR70,46019,Mother belt top cover skirt rubber 2nd upto  ply area ply visible.,Replace,Yes,Yes,Marginal,Planned,,46050,Belt Replaced,Closed,,>90 days,,,,
,f37a962b-994f-4724-82c6-9bd2480c411d,339,RMPP,BC18(WASHERY),A,25,800,SAR70,46019,2nd ply is visible at skirt area of belt,Replace,Yes,Yes,OK,Planned,,46050,Belt Replaced,Closed,,>90 days,,,,
,9cab58df-2914-4c05-9b05-3cbbbd0e785f,340,RMHS,CPBC1,A,480,1400,SAR70,46243,"Belt thickness has reduced. Total 3 no's joint present.
    # 1st Hot joint top channel crack ,step crack and Also corner open
    # 1st hot joint Bottom channel crack and joint open
    # 2nd cold joint Top side slightly open.
    # 3rd cold joint both side ok
* Mother belt damage and through cut observed at 3 places 
* Joint area edge damage
* Ply visible along with the belt lenght 
* Take-up Clearance - 3.5 MTR",Replace,Yes,No,OK,Planned,Available,46261,Belt Replaced,Closed,,>30 & <60 days,,300009038023,,
,88230e07-14d5-4184-9c10-e2c4b669bc96,341,RMBB,CCBHAC1,B,114,1200,BUCKET CON,46027,Lateral space has reduced & cord visible at side edges,Operate under observation,No,No,OK,Planned,,46099,Piece Addition done,Closed,,>90 days,,,,
,e48221f9-cb61-4ef3-ab87-0e272643a3cf,342,RMBB,J65C1,B,14,1400,SAR70,46033,Hole of approx. 100mm found in mother belt,Operate,No,No,OK,Planned,,46113,Belt Replaced,Closed,,>90 days,,,,
,053af150-19f0-4fa2-afb3-2f308a63042a,343,BF#2,CFC6,A,290,1000,SAR70,46034,Crosscut found in joint area due to foreign material,Piece Addition,No,No,Marginal,Planned,,46098,,Closed,,>90 days,,,,
,02b069c3-bf70-40d5-a3a2-878eae274661,344,RMPP,FTH12C1,A+,160,1000,SAR70,46034,"Out of two joints, one cold joint is damaged",Rejoint,No,No,Marginal,Planned,,46044,Belt Replaced,Closed,,>90 days,,,,
,124c7cd8-db72-41ac-ae02-b48ba4b29f45,345,RMPP,BF4,A,35,1000,SAR70,46034,Ply visible at skirt area,Replace,Yes,Yes,OK,Planned,,46044,Belt Replaced,Closed,,>90 days,,,,
,c642cd4e-8d97-4250-85bc-e39eeb5850bb,346,RMHS,J27C2,A,750,1200,SAR70,46036,"Step crack in joint area, cracks in multiple areas of mother belt & throughcut of 1.5 mtr in mother belt.",Piece Addition,No,No,Marginal,Planned,,46070,Piece addition done,Closed,,>90 days,,,,
,90cad6eb-419f-4870-8f35-62a5fbaf0729,347,RMHS,J27C1,A,750,1200,SAR70,46036,"700 Mtr belt has been changed, rest 50 mtr old belt with ply visible is left.",Piece Addition,Yes,No,Marginal,Planned,,46066,Piece addition done,Closed,,>90 days,,,,
,22d3b6e1-e3a5-46e3-adfe-a762c55b8080,348,RMPP,BC2(IRON),A,310,800,SAR70,46038,Bottom cover ply vsisible in joint area & multiple areas of mother belt,Operate under observation,Yes,No,Marginal,Planned,Available,,,Open,,>90 days,,,,
,16a00775-9a2b-4922-9fc3-3a86a5ff2860,349,LCP,RBC5,B,39,1000,SAR70,46039,Edge separation & cut mark at edge. Deep groove line mark upto 1ST PLY throughout the length. Joint is open. Bottom cover is damaged.,Replace,Yes,No,Marginal,Planned,,46065,Belt Replaced,Closed,,>90 days,,,,
,54e18c43-1183-4255-a0ba-556ce4a28ce8,350,RMHS,J3C2,B,560,1400,SAR70,46040,Throughcut of 100 mtr is present in belt.,Piece Addition,No,No,OK,Planned,,46056,Piece Addition done,Closed,,>90 days,,,,
,761033e6-c249-43ba-ae9c-2a33a0eb7b7d,351,SP#1,J37C2,A+,250,1000,FR-SAR,46040,Step crtack at joint area from corner.,Rejoint,No,No,Marginal,Planned,,46065,Rejoint done,Closed,,>90 days,,,,
,09a470fd-fe91-429d-b6dd-66dc0b591f6c,352,RMPP,TCSC1,A,750,1200,SAR70,46040,2nd Ply visible at skirt area & step crack is present in belt ,Replace,Yes,Yes,Marginal,Planned,,46044,Belt Replaced,Closed,,>90 days,,,,
,a171e1c4-82f0-444d-ae9e-e2d65ec8b396,353,RMHS,LDP1C1,A,210,1200,SAR70,46040,Internal cracsk are visible in top cover of mother belt.,Operate,No,No,OK,Planned,,46098,Belt Replaced,Closed,,>90 days,,,,
,757d7d46-820b-4416-ad5c-1a362febe7a9,354,RMPP,SCSC1,A+,325,1200,SAR70,46040,"1ST ply is visible at skirt areas & center thickness has also reduced to 0.4mm, Out of 3 joints, two joints are damaged & distance between both joint is 30 mtr approx.",Replace,Yes,No,Marginal,Planned,,46070,Belt Replaced,Closed,,>90 days,,,,
,410473b8-261a-41b6-ba80-78f605dc9e46,355,RMPP,SCSC1,A+,325,1200,SAR70,46040,"1ST ply is visible at skirt areas & center thickness has also reduced to 0.4mm.
16 mr through cut observed.",Replace,Yes,No,Marginal,Planned,,46070,Belt Replaced,Closed,,>90 days,,,,
,a9797b8b-2ad3-48eb-8ab8-b0985ca723af,356,SP#1,J34C1,A+,520,800,SAR70,46042,Step crack found oin 1ST step of joint area.,Piece Addition,No,No,Critical,Planned,,46175,Piece addition done,Closed,,>90 days,,,,
,872b0578-4dba-4f59-8f1e-3472dbbd8204,357,RMPP,IJ0016,A,18,650,SAR70,46042,Air pocket in joint area at top cover side.,Rejoint,No,No,Marginal,Planned,,46065,Rejoint done ,Closed,,>90 days,,,,
,84db0e6b-e9e7-421f-bfa7-a279222ebd7a,358,SP#1,B1,A,12,1000,SAR70,46056,Ply visible on top cover along the length.,Operate,Yes,No,OK,Planned,,46066,Belt Replaced,Closed,,>90 days,,,,
,c0e35845-9705-473c-9509-d62ed2103bc3,359,RMHS,J50C1,A,140,1400,SAR70,46057,1ST Ply visible on top cover skirt area along the length.,Operate under observation,Yes,No,OK,Planned,,46135,Belt Replaced,Closed,,>90 days,,,,
,cb7f437d-cdf3-4147-aa30-ef87893ff2ea,360,RMHS,OPBC1,A,370,1200,SAR70,46057,1st ply visible in skirt area,Replace,Yes,No,Marginal,Planned,,46118,Belt Replaced,Closed,,>90 days,,,,
,eabdbcdd-3c8c-4c63-a931-71d8b5e0e033,361,RMPP,BC15(IRON),A,120,800,SAR70,46059,1ST Ply visible on top cover along the length.,Operate under observation,Yes,No,OK,Planned,,46090,Belt Replaced,Closed,,>90 days,,,,
,ca7dbecd-5891-483e-8942-5b846252a065,362,RMPP,K10C1,A,352,800,SAR70,46062,Belt thickess has reduced & ply is visible,Operate under observation,Yes,No,OK,Planned,,46079,Belt Replaced,Closed,,>90 days,,,,
,c3070a7b-b76e-433a-91e2-62f7f084c1f6,363,RMPP,EJ001,A,28,650,SAR70,46062,Belt thickness has reduced & ply is visible,Operate,Yes,No,OK,Planned,,46119,Belt Replaced,Closed,,>90 days,,,,
,f1a328c4-4caf-4860-8612-ac4b5cbaf828,364,RMHS,J27C2,A,750,1200,SAR70,46066,Internal cracks found in ply while splicing of belt & thicknes sof belt is also reduced,Replace,No,No,Critical,Planned,,46098,Piece addition done,Closed,,>90 days,,,,
,007f7cbe-ba17-478e-9081-68739e6234cc,365,BF#2,CFC5,A,20,1000,SAR70,46071,Ply visible on top cover along the length upto 3rd ply.,Replace,Yes,Yes,OK,Planned,,46098,Belt Replaced,Closed,,>90 days,,,,
,53f75ed8-2d7d-41fc-85e8-6d1934758080,366,DRI,PSB5-BC15,A,240,650,SHR,46074,Crack observed along the full length of mother belt top cover,Rejoint,No,No,Critical,Planned,,46083,Belt Replaced,Closed,,>90 days,,,,
,77b12533-4a1f-457b-9ea7-2dd095abb8e4,367,DRI,PSB5-BC30,A,140,500,SAR70,46074,"Joint area step crack observed on both sides, along with joint surface opening.",Rejoint,No,No,Critical,Planned,,46077,Rejoint done ,Closed,,>90 days,,,,
,19b4723c-5d4e-47f4-bbc2-143f6fae9df2,368,DRI,PSB5-BC30,A,140,500,SAR70,46074,Crack observed along the full length of mother belt top cover,Rejoint,No,No,Critical,Planned,,46077,Rejoint done ,Closed,,>90 days,,,,
,01e7beb5-0ca4-4eac-86c1-08f6acaef9c5,369,RMHS,J22C1,B,1750,1600,STEELCORD,46074,Snub pulley shell thickness found 8.2 mm at center.,Replace,No,No,OK,Planned,,46111,Belt Replaced,Closed,,>90 days,,,,
,66419cd9-ceff-4d25-862a-ab20cc6194d2,370,SMS#2,EAF-BC1D,B,123,1000,SAR70,46075,Cracks found in the joint area.,Piece Addition,No,No,Marginal,Planned,,46237,Piece addition done,Closed,Plan for rejoint,>90 days,,,,
,382d35a1-d5e3-4c08-bfe6-6bbc60da20f7,371,RMPP,JPP2C2,B,358,1000,SAR70,46083,Belt Thickness has reduced & ply is visible,Replace,Yes,No,Marginal,Planned,Available,46221,Belt Replaced,Closed,Plan for Belt replacement.,>90 days,,,,
,49b36298-fb76-4896-ba4f-eb19dfacf249,372,SMS#2,FABF1,B,11,800,SAR70,46083,3RD Ply visible at skirt area,Replace,Yes,Yes,Marginal,Planned,,46128,Belt Replaced,Closed,Plan for Belt replacement,>90 days,,,,
,119bf121-eaa7-490b-b5cf-674c1179197e,373,SMS#2,FAC2,B,325,800,SAR70,46083,1st joint top channel crack & 2nd joint both side crack at channel,Rejoint,No,No,Critical,Planned,,46128,Rejoint done ,Closed,Plan for Rejoint,>90 days,,,,
,e73d79d8-f5cd-4d91-82bc-2409c3f0e5d3,374,RMPP,JPP5C2,B,712,1000,SAR70,46083,Belt peeled off in width 300 mm from the edge & along the length upto 85 mtr damaging upto 1st ply,Piece Addition,No,No,Marginal,Planned,,46184,120 mtr piece added,Closed,Plan for Piece addition,>90 days,,,,
,291e8927-3651-4778-8007-073ed3b1601e,375,RMPP,FCSBRSC2,A+,55,1000,SAR70,46083,Mother belt severely damaged in one spot 300*300. Top rubber peeled out & bottom rubber ply visible upto 3rd ply.,Replace,Yes,Yes,Marginal,Planned,,46102,Belt Replaced,Closed,Plan for Belt replacement,>90 days,,,,
,8b95cd1a-267c-406e-95cb-b43676622d57,376,RMPP,J11BC2,B,35,800,SAR70,46083,Top rubber near the skirt area has peeled off & carcass ply is visible.,Replace,Yes,No,Marginal,Planned,,46123,Belt Replaced,Closed,Plan for Belt replacement,>90 days,,,,
,98c04d83-576b-4dea-bca0-062e7d640486,377,RMPP,JPP4C2,B,134,1000,SAR70,46083,"Edge damaged due to belt sway & edge separation along the length. Out of 2 cold joints, 1st joint has crack in step area & joint open at carrying side",Operate under observation,No,No,OK,Planned,,46273,Belt Replaced,Closed,Keep the belt under observation & adjust the sway,>90 days,,,,
,bf009b7e-3d48-43ad-893f-f6bb03ea7186,378,CO#2,25BC43,B,125,1200,FR,46084,Crack in Channel area,Rejoint,No,No,Marginal,Planned,,,Dept to confirm date,Open,Plan for rejoint,>90 days,,,,
,9192850b-ade2-4793-844b-d6b58ff19acf,379,RMPP,RPPC3,B,12,1000,SAR70,46084,Belt thickness has reduced & ply viisble at skirt area,Operate under observation,Yes,No,OK,Planned,,46202,Belt Replaced,Closed,Plan for Belt replacement,>90 days,,,,
,ae7d6d4d-7b67-4a4c-8509-6fb91f1f1a1a,380,RMPP,K4C1,B,345,800,SAR70,46084,Belt Thickness has reduced.,Replace,Yes,No,OK,Planned,,46221,Belt replaced,Closed,Plan for Belt replacement,>90 days,,,,
,9ad81fdc-913a-466a-96ae-2446ab1012ae,381,RMPP,OF1AC2,C,52,800,SAR70,46084,Belt thickness has reduced & ply viisble at skirt area.,Operate,Yes,No,OK,Planned,,46153,Belt Replaced,Closed,Plan for Belt replacement,>90 days,,,,
,e940c2c6-77c9-44a7-b001-716b6f931723,382,RMPP,2J19C1,B,130,1000,SAR70,46239,1st ply visible along the length of the belt  & step cracK found in joint area,Operate under observation,Yes,No,Critical,Planned,Available,46284,Belt Replaced,Closed,Plan for Belt replacement,>60 & <90 days,,300009038075,,
,91b18d7a-1597-4648-a8c3-ad009380e440,383,RMHS,JNT4C1,B,1200,1600,STEELCORD,46244,"One joint is damaged, & insulation rubber peeled out ",Rejoint,No,No,Marginal,Planned,,46102,Rejoint done ,Closed,Plan for rejoint,>30 & <60 days,,,,
,801425e3-cc61-4765-bb74-5d1e9876c826,384,RMPP,RPPC2,B,12,1000,SAR70,46087,1st ply visible on belt.,Operate under observation,Yes,No,OK,Planned,,46184,Belt Replaced,Closed,Plan for Belt replacement,>90 days,,,,
,f26de014-ceb0-46ed-8e03-44d14c04682d,385,RMPP,J12C3,A,17,800,SAR70,46090,Belt thickness has reduced & ply visible at skirt area.,Replace,Yes,Yes,OK,Planned,Available,46195,Belt Replaced,CLOSED,Plan for Belt replacement,>90 days,,,,
,5aa111f4-d880-46a5-b2f8-e4a947eddb7f,386,RMHS,SH1RSC3,A+,82,1400,SAR70,46092,Belt Thickness has reduced & 3rd ply is visible,Replace,Yes,Yes,Marginal,Planned,,46175,Belt Replaced,Closed,Plan for Belt replacement,>90 days,,,,
,412cb7f4-8a54-4080-9cb1-0e8aedfd8767,387,RMPP,AJ10C1,A,13,1000,SAR70,46092,Belt thickness has reduced & ply visible at skirt area.,Replace,Yes,No,Marginal,Planned,Available,46268,Belt Replaced,Closed,Plan for Belt replacement,>90 days,,,,
,48d68b01-a830-4e9a-8ded-624649021236,388,RMHS,RMHS-J24C2,A,620,1200,SAR70,46235,"Belt is jointed through multiple pieces, with one piece having top cover ply visible; mother belt top cover also found ply visible at spots on this piece, while bottom cover is OK. The ply-visible piece has 2 joints. Head-end cold joint return corner found open, top cover OK; tail-end cold joint bottom cover OK with minor top cover crack. No other joints found as the belt is in down condition. Recommendation: Keep 250 m belt roll ready for replacement of the ply-visible piece; repair the cold-joint corner and carry out putty filling at the minor crack area.",Operate under observation,No,No,OK,Planned,,,Report Updated,Open,Plan for Belt replacement,>60 & <90 days,,,,
,042a5426-6cbe-4148-9222-432be728fe09,389,BF#2,SCA1,A+,190,1000,HRT3,46093,2nd ply is visible at skirt area along the length & step crack at bottom side joint area,Replace,Yes,No,Critical,Planned,,46138,Belt Replaced,Closed,Keep the belt under observation & plan for replacement in next MSD,>90 days,,,,
,b0dc69e5-5227-4c67-a3b8-6beb61b6dfbf,390,SMS#2,CDP COLD BELT1,B,13,500,FR,46093,Belt thickness has reduced & ply is visible,Operate under observation,Yes,No,Marginal,Planned,Available,,Dept to Confirm Date,Open,Plan for Belt replacement,>90 days,,,,
,571ac164-efa3-42b4-b3fd-6a3284aa6fbb,391,DRI,K7-BC33,B,240,500,SAR70,46094,Belt thickness has reduced,Operate,No,No,OK,Planned,,46127,Belt Replaced,Closed,Plan for Belt replacement after 2nd ply is visible,>90 days,,,,
,8c345eab-b09b-4ad8-b8ff-7287e2357f4f,392,RMBB,CCBC2,B,25,650,SAR70,46094,Belt thickness has reduced & ply is visible at skirt area.,Replace,Yes,No,Marginal,Planned,Available,,Dept to Confirm Date,Open,Plan for Belt replacement,>90 days,,,,
,aaf1fcc0-7d29-48f7-85f4-5351d9af9d59,393,RMPP,BC5(COAL),B,435,1600,SAR70,46098,Cross cut in joint area,Piece Addition,No,No,Critical,Planned,,46102,Piece Adfdition Done,Closed,Plan for Piece addition,>90 days,,,,
,f522f108-f440-412e-9dcb-311ac64d96f9,394,SMS#2,T40C1,A,385,800,SAR70,46099,Out of 2 joint. one joint is damaged & air pocket has formed,Piece Addition,No,No,Critical,Planned,,46107,Piece addition done,Closed,Plan for Piece addition,>90 days,,,,
,c279cc25-f738-48d1-96a3-b1cef394b6d2,395,DRI,K1-BC12,B,14,500,HR,46100,Top rubber peeled out with first ply in aprox.250 mm width & 300 mm in length,Replace,Yes,No,Marginal,Planned,,46105,Belt Replaced,Closed,Plan for Belt replacement,>90 days,,,,
,21b8acec-215a-4d9b-b15c-4b3076148c7b,396,RMPP,2J18C4,B,106,1000,SAR70,46105,Belt thickness has reduced & ply is visible at skirt area.,Operate under observation,Yes,No,OK,Planned,,46226,Belt Replaced,Closed,,>90 days,,,,
,85e0828c-bcc0-425d-8b15-ede33f3fe86b,397,RMPP,2J18C1,B,21,1000,SAR70,46105,Belt thickness has reduced & ply is visible upto 2nd ply.,Replace,Yes,Yes,OK,Planned,Available,46195,Belt Replaced,Closed,,>90 days,,,,
,e1bd7423-3e49-4dbb-9210-1dce608ad05b,398,DRI,K6-BC03,B,80,650,SHR,46106,"Cross cut was observed approx. 300 mm out from 650 mm.
Ply visible at bottom cover along the length observed.",Replace,Yes,No,Critical,Planned,,46114,Belt Replaced,Closed,,>90 days,,,,
,a7dc3821-6ea6-4e1f-8845-1c7634024e00,399,RMBB,FCSBHAC1,B,85,1200,BUCKET CON,46106,Belt edge area separation observed near joint area and step crack observed.,Replace,No,No,Critical,Planned,,46116,Piece Adfdition Done,Closed,,>90 days,,,,
,25a33f7c-99c9-4acd-83a5-5fdca6b0389e,400,SMS#2,EAF-BC3F,A+,177,800,SAR70,46106,Air pocket observed in joint area along with crack in bottom cover.,Piece Addition,No,No,Critical,Planned,,46164,Piece Addition done,Closed,,>90 days,,,,
,979ea7bc-3233-4a0b-950d-0ff27a8bf000,401,RMHS,JNT3C1,A,600,1600,SAR70,46279,"Belt thickness has reduced & ply visible & channel area is damaged. Total 5 Joints are present, 1 Joint has air pocket & 1 joint has crack in it. Rest joints just need repairing but to remove damaged joints, 1 piece addition & 1 rejoint is needed. Also Crack are presnt on top & bottom cover along the length.",Piece Addition,Yes,No,OK,Planned,,,"Inspection updated, last inspection was done on24-08-2026, 08-06-2026",Open,,<30 days,,,,
,f1b4756d-4579-4b82-930c-c02c6acbe9a2,402,RMHS,RMHS-RSC1,A,65,1600,SAR70,46116,"Belt thickness has reduced & ply visible, Also a peel out portion was observed from edge of the belt",Replace,Yes,No,Marginal,Planned,,46162,Belt Replaced,Closed,,>90 days,,,,
,09838d23-c508-4576-8bd5-98b51acfaa72,403,RMPP,2J18C4,B,106,1000,SAR70,46119,Belt thickness has reduced & ply visible,Replace,Yes,No,Marginal,Planned,Available,46226,Belt Replaced,Closed,,>90 days,,,,
,85a223e8-0e39-49dc-876f-689e599abe07,404,RMPP,2J18C1,B,21,1000,SAR70,46119,Belt thickness has reduced & ply visible,Operate under observation,Yes,No,OK,Planned,,46195,Belt Replaced,Closed,,>90 days,,,,
,d7335b91-359c-4086-b108-ececadb87827,405,RMPP,CJ1046,A,60,650,SAR70,46120,Joint opened from edge & damaged with crack,Replace,No,No,Marginal,Planned,,46296,Piece addition done,Closed,,>90 days,,,,
,4f2a81ca-211a-4447-9d67-a3e5eb478aae,406,RMPP,AJ4C1,A,1200,1000,SAR70,46120,Peel out in joint area & multiple cracks have been found out.,Piece Addition,Yes,No,Marginal,Planned,,46175,Piece addition done,Closed,,>90 days,,,,
,37231fb9-7894-4ee1-be2d-552b85004853,407,RMHS,J2C1,B,280,1200,SAR70,46128,Belt thickness has reduced & ply visible,Operate under observation,Yes,No,OK,Planned,,,,Open,,>90 days,,,,
,7f8048dd-fd28-45f5-a3e5-be2cc34ff37e,408,DRI,PSB4-BC23B,A,50,500,HR,46129,Belt joint is damaged from edge at return side. Repairing has been done,Replace,No,No,Marginal,Planned,Belt will be delivered in on 20.06.26,46203,Belt replaced,Closed,,>90 days,,,,
,db79aa1e-895b-4433-a949-9da3e1e643ad,409,RMHS,TT4C4,B,265,1600,FR,46129,"Both cold joints present has damaged joints. Peel off from joint to mother belt in 300 mm. Belt thickness is reduced & ply is visible
Joint area & edge damaged observed.",Replace,Yes,No,Critical,Planned,Available,46253,Belt Replaced,Closed,,>90 days,,,,
,c83c0705-3d96-4ed4-9849-9bc1701e6926,410,RMHS,TT5C1,B,225,1600,FR,46238,"Belt thickness is reduced
Joint area & edge damaged observed.
1st hot joint carrying side step crack observed.
Return side step found damaged & patching was found on it.
2nd cold joint carrying side air pocket formed with depth of 60mm along the width.
3rd joint carrying side step crack found at center for approx 200 mm.",Rejoint,Yes,No,Marginal,Planned,Available,,"2 damaged joints has been removed with 45 mtr piece addition, Rest one joint is left  for rejoint",Open,,>60 & <90 days,,300009037981,,
,60ae7bc1-baa5-4a0a-ad08-9359264a81bc,411,DRI,BC2080,A,510,650,SAR70,46237,"Total 3 Hot joints present in belt,1st joint carrying side channel damaged and return side also channel crack observed.
(Putty filling required) 
2nd joint Both side channel crack, also Carrying side step crack and bottom side minor edge damaged observed (Repairing needs to be done)
3rd joint carrying side found damaged & has air pocketand bottom side channel damaged, (need to be plan for Re-joint)",Operate under observation,No,No,Marginal,Planned,,,Repairing is done on 09-07-2026,Open,,>60 & <90 days,,,,
,69c32ea2-66e4-4aea-9610-21b57f470d88,412,DRI,K7-BC03,B,80,650,SHR,46129,"Crack in top cover channel area & air pocket formed, also crack in bottom side near joint area & step crack in return side joint area. ",Operate under observation,No,No,Marginal,Planned,,46214,Piece addition done,Closed,,>90 days,,,,
,ff65f123-2929-4c09-a04f-2cf81cbb430b,413,DRI,PSB1-JH2C1,A,50,650,SHR,46129,"Belt is rubbing with channel at return side, can impact the joint area ",Operate under observation,No,No,Marginal,Planned,,46172,Rejoint is done with fastner joint,Closed,,>90 days,,,,
,f2463e1e-7c80-4711-8520-121069ef4e13,414,DRI,PSB1-BC30,A,140,500,SAR70,46290,"17-04-2026:-Joint bottom channel is slightly open. Belt edge is also damaged & belt is folding & wobbling due to continuous rubbing with return guide roller
25-09-2026:- Mother belt top cover is peeled out & ply is visible at two places.
Mother belt edge is damaged and has edge separation.
Belt is rubbing with stinger post at return side",Replace,No,No,Marginal,Planned,Available,,,Open,,<30 days,,,,
,d3afeac5-2ed3-448a-973f-96d575f4dbc5,415,DRI,PSB2-BC30,A,140,500,SAR70,46129,Joint area top channel is open,Operate under observation,No,No,Marginal,Planned,,,,Open,,>90 days,,,,
,d2ef655d-ae20-47d0-9308-06dcc324bcee,416,DRI,BC1030,A,126,800,HRT1,46129,Joint area top channel is open,Operate under observation,No,No,Marginal,Planned,,,,Open,,>90 days,,,,
,b3e27e30-08dd-4031-8f51-516522f589b2,417,DRI,K8-BC03,B,80,650,SHR,46281,Crack in channel area & bottom side joint area is open from corner,Operate under observation,No,No,Marginal,Planned,,,Earlier observation date was 28-04-2026,Open,,<30 days,,,,
,93ac2a3c-5b2a-4bc2-b6cf-1205281674eb,418,DRI,PSB4-BC23,A,70,650,SHR,46129,Joint area top channel is open & ply visible in bottom cover from edge to 50 mm towards center.,Operate under observation,No,No,Marginal,Planned,,,,Open,,>90 days,,,,
,fa4072f4-4b70-4d23-b842-224f978836bb,419,DRI,BC2075,A,65,650,SHR,46129,Joint area top channel is slightly open,Operate under observation,No,No,Marginal,Planned,,,,Open,,>90 days,,,,
,d29c0461-51f3-4923-bd81-2188cfb9e7c2,420,DRI,PSB4-JH8C1,A,50,650,SAR70,46129,Crack observed in mother belt near joint area,Operate under observation,No,No,Marginal,Planned,,,,Open,,>90 days,,,,
,55824963-7787-45bf-b428-1d1ce690b11b,421,DRI,BC1020,A,34,800,HRT1,46237,Joint area top channel is open & minor cracks found,Operate under observation,No,No,Marginal,Planned,,,,Open,,>60 & <90 days,,,,
,7ec4a926-e630-4c82-bea5-477f815c5f09,422,DRI,BC1115,A,24,650,SHR,46237,Belt DE side top cover skirt area ply is visible & belt DE side edge is severly damaged,Replace,Yes,No,Marginal,Planned,,46256,Belt Replaced,Closed,,>60 & <90 days,,,,
,09f88fe4-eab8-4375-a8e2-c81e9657bd71,423,DRI,BC3095,A,24,1000,HR,46129,Joint top cover channel area is damaged & open from center & edge. Deep line mark has also been observed on belt top cover.,Operate,No,No,Marginal,Planned,,,"Belt has repaired on 14-05-2026, belt condition till 10-08-2026 found ok",Open,,>90 days,,,,
,3a1bb9d4-33cb-41c4-82c7-a2880ef85331,424,DRI,BC2090,A,16,650,SHR,46129,Joint area top cover is open from corner,Operate,No,No,Marginal,Planned,,,"Belt has repaired on 14-05-2026, belt condition till 03-08-2026 found ok",Open,,>90 days,,,,
,d79f3e38-cc51-4085-8276-2ec4389c6636,425,DRI,K7-BC12,B,14,500,HR,46129,Joint area top channel is open,Operate under observation,No,No,Marginal,Planned,,,,Open,,>90 days,,,,
,13a09909-7de6-43ac-b359-91295abbfd5e,426,DRI,K8-BC12,B,14,500,HR,46129,Joint area top cover is open & channel area is damaged,Operate under observation,No,No,Marginal,Planned,,,,Open,,>90 days,,,,
,5737eb33-232f-44ca-8776-4a058543bd93,427,DRI,PSB4-BC21,A,16,500,HR,46133,Joint is damaged from edge & open from bottom side,Replace,No,No,Critical,Planned,Belt will be delivered in on 20.06.26,46203,Belt replaced,Closed,,>90 days,,,,
,b2f6ee51-c256-4fe0-91c7-e2380e1c2427,428,RMPP,EJ1046,A,60,650,SAR70,46140,"Joint area is severely damaged.
08-06-2025 cracks observed on belt.",Replace,No,No,Critical,Planned,Available,46186,Dept to Confirm Date,CLOSED,,>90 days,,,,
,148f4e8f-9c84-41e3-9369-525962c38bf6,429,RMHS,J4C1,B,165,1400,SAR70,46273,Belt thickness has reduced  & 1st ply is visible,Replace,Yes,No,Marginal,Planned,Available,46299,Belt Replaced,Closed,,<30 days,Joint channel worn out & open from corner,,,
,7c3bac00-00f5-4bac-9dcc-096164e7db24,430,RMHS,J4C3,B,125,1600,SAR70,46273,Belt thickness has reduced & 2nd ply is visible at center & joint is damaged at bottom side.,Replace,Yes,Yes,Marginal,Planned,Available,,"Abnormality is active since 28-04-2026,07-08-2026",Open,,<30 days,,NO EQUIPMENT NO.,,
,363c9ffe-9e55-4c5b-8ccf-52b48a58434a,431,SMS#2,T36C1,A+,855,800,SAR70,46250,Crack in bottom cover joint area,Operate under observation,No,No,Marginal,Planned,,,Abnormality is active since 05-05-2026,Open,,>30 & <60 days,,,,
,0d204815-0c47-433a-8e96-0c98a5060a36,432,RMHS,T38C2,A+,840,800,SAR70,46240,Crack in corner of channel area of 2 joints out of 4 joints in bottom cover,Operate under observation,No,No,Marginal,Planned,,46294,Repair done in last shutdown,Closed,,>60 & <90 days,,,,
,ed31b17c-44f6-41e2-80c8-f2ab3abaf420,433,RMPP,K9C1,A,380,650,SAR70,46148,Joint area is damaged,Rejoint,No,No,Marginal,Planned,,46155,Rejoint done,Closed,,>90 days,,,,
,0465eb8f-d98e-456b-a456-04d42a1dbd75,434,RMHS,CJ5C1,B,1700,1600,STEELCORD,46148,Severe cracks found in 1450 mtr in both top & bottom cover  of belt with hardness around 95 & rest of 350 approx belt has hardness around 85 with minor cracks,Piece Addition,No,No,Marginal,Planned,Available,46205,Piece addition done,Closed,,>90 days,,,,
,eb33eb1f-61f7-4bd9-a6d6-f770a7b5cc32,435,RMHS,SCR4,B,90,1600,HAR,46148,1st ply visible on mother belt top cover along the length of the belt,Replace,Yes,No,Marginal,Planned,,46162,Belt replacement done,Closed,,>90 days,,,,
,594c7fa0-9d3f-4c83-9e60-dc023bacbbd4,436,RMHS,RSC4,A,40,1400,SAR70,46148,1st ply visible on mother belt top cover along the length of the belt,Replace,Yes,No,OK,Planned,Available,46190,Belt replacement done,CLOSED,,>90 days,,,,
,cccd770b-9b82-4fb8-a1b1-9f78ef4cd7cb,437,BF#2,Inclined belt,C,20,800,SAR70,46148,1st Ply visible in the center.,Operate under observation,Yes,No,OK,Planned,,46244,Belt Replaced,Closed,,>90 days,,,,
,6d8f90b4-8db6-4c73-b29a-bc0c88204eb2,438,SP#1,RFTH5C1,B,400,650,SAR70,46151,Step crack in joint area,Rejoint,No,No,Critical,Planned,,46268,Rejoint done,Closed,,>90 days,,,,
,78c35ef3-7ff3-4d2a-afb0-78013be29c68,439,RMHS,RMHS-SH1C3,A,70,1200,FR,46151,1st Ply visible in the center.,Replace,Yes,No,Marginal,Planned,,46175,Belt Replaced,Closed,,>90 days,,,,
,83a5c38c-339e-4ac1-b30a-aee4e849f930,440,RMPP,BC14(IRON),A,24,800,SAR70,46151,Ply visible in skirt area,Operate,Yes,No,OK,Planned,,46157,Belt Replaced,Closed,,>90 days,,,,
,c717d6e6-3f19-4f4c-a46b-79b177a23d57,441,SP#1,RFTH4C1,B,480,650,SAR70,46151,Step crack in joint area,Rejoint,No,No,Critical,Planned,,46175,Rejoint done,Closed,,>90 days,,,,
,6963e0b5-ce4d-4e88-92c2-c9e57ebcede6,442,SP#1,RFTH7C2,B,44,650,SAR70,46245,Step crack in joint area & ply visible in skirt area,Replace,No,No,Critical,Planned,,46268,Belt Replaced,Closed,,>30 & <60 days,,300009038031,,
,e8da1399-e049-4304-bf2f-89525f1511d2,443,BF#1,BF1-S0,A+,173,1200,SAR70,46157,1st ply visible on mother belt top cover along the length of the belt,Replace,Yes,No,Marginal,Planned,,46175,Belt Replaced,Closed,,>90 days,,,,
,d85d44d3-2bc6-4d94-bc9f-c11bf10599c6,444,BF#1,BF1-S1,B,122,1200,SAR70,46157,1st ply visible on mother belt top cover along the length of the belt,Replace,Yes,No,Marginal,Planned,,46175,Belt Replaced,Closed,,>90 days,,,,
,a8e0aeb8-64e1-4c26-b135-a700b6b1d1b3,445,SP#1,SP1-S1,A,275,1000,HRT3,46157,1st ply visible on mother belt top cover along the length of the belt,Replace,Yes,Yes,OK,Planned,,46174,Belt Replaced,Closed,,>90 days,,,,
,b1244a5e-cfe2-44ea-a6ac-fba210425a8d,446,RMPP,EJ0016,A,15,650,SAR70,46157,"Belt Joint was open, although the repairing was done but needs to be closely monitored",Operate,No,No,OK,Planned,,,,Open,,>90 days,,,,
,6601b73b-895f-41ff-adb2-229d0c0ab0fa,447,SP#3,SP3-1025,A,304,1000,SAR70,46157,Ply visible in skirt area,Operate under observation,Yes,No,OK, VG,,46245,Belt Replaced,Closed,,>90 days,,,,
,bc9769e6-a4d7-4062-8881-18fd64787c27,448,SMS#2,T44AC2,B,235,800,SAR70,46157,1st Joint area top channel edge open & 2nd joint has patching on top channel which is also damaged. ,Piece Addition,No,No,Critical,Planned,Available,,Dept to Confirm Date,Open,,>90 days,,,,
,b4336324-6222-4b60-b6f5-2bbfb8eab9f1,449,SP#1,RP6,B,49,1000,BUCKET CON,46157,Side edge is damaged in lateral space for approx. 70 mm,Replace,Yes,No,Marginal,Planned,,46233,Belt replaced,Closed,,>90 days,,,,
,720f28b1-b3da-4b21-8335-e6ec736c44ab,450,RMHS,CJ2C2,B,165,1600,SAR70,46157,"Mother belt top & bottom side internal cracks observed.
",Operate under observation,Yes,No,Critical,Planned,,,,Open,,>90 days,,,,
,6f7e3c97-aeaa-42bb-8a08-0dabd6304151,451,SP#1,RP11,B,60,800,SAR70,46158,Bet thickness has reduced ,Operate under observation,Yes,No,Marginal,Planned,Available,,Dept to Confirm Date,Open,,>90 days,,,,
,6de0b54a-7415-4951-a86b-fae991a1e04f,452,RMPP,J11C1,A,211,800,SAR70,46160,Belt bottom cover ply visible at center at multiple places.,Operate under observation,Yes,No,Marginal,Planned,,46213,Belt Replaced,Closed,,>90 days,,,,
,b308c5a9-0139-4127-b627-ad3b7be3cb13,453,RMPP,BC19(WASHERY),A,70,800,SAR70,46164,Rubber peeled out in  edge for 100 x 3000 mm from joint area to mother belt,Operate under observation,Yes,No,Marginal,Planned,Available,46289,Belt Replaced,Closed,,>90 days,,,,
,8a1411e1-bdff-4915-9b51-410ef4d67d67,454,RMPP,J14C1,A,420,800,SAR70,46168,"Deep Groove marks observed on Top cover along entire length. Belt has 2 joints.
Belt edge at joint area found damaged 
1st joint channel area is damaged & 2nd joint channel has crack",Piece Addition,No,No,Marginal,Planned,Available,,Dept to Confirm Date,Open,,>90 days,,,,
,faf3050d-fc14-49b4-adc9-0607c33a3a69,455,RMHS,SCR1,B,90,1600,SAR70,46170,2nd ply is visible in mother belt along the length,Replace,Yes,Yes,Marginal,Planned,Available,46194,Belt replacement done,Closed,,>90 days,,,,
,69a08386-a90e-4150-98b7-2a2cd242c589,456,RMHS,SCR2,B,90,1600,SAR70,46170,Ply is visible in mother belt Centre along the length,Replace,Yes,Yes,Marginal,Planned,Available,46224,Belt replaced,Closed,,>90 days,,,,
,8faf081a-0dcd-4180-b505-e43cd398e91e,457,DRI,K8-BC37,B,84,500,HR,46174,Joint is severely damaged & internal crack throughout the length of the belt,Rejoint,No,No,Critical,Planned,,46192,Rejoint done,Closed,,>90 days,,,,
,aa4b18f9-b6a4-43de-b6a8-0813d27c9bee,458,SP#1,CHE2,A,290,800,HRT3,46175,Burn spots observed on Top Cover,Operate under observation,No,No,OK,Planned,,46176,Piece  addition done,Closed,,>90 days,,,,
,4460618a-e70f-439a-a422-28c99da47ad7,459,RMPP,BC11(COAL),A,50,800,SAR70,46177,Thickness is critical at Edge 1 (0) & Center (0.3),Operate under observation,Yes,No,Marginal,Planned,,46178,Belt replaced,Closed,,>90 days,,,,
,8fa5ef3e-c883-46f2-aa11-ea4d13c77c58,460,RMHS,CJ1C1,A,500,1600,SAR70,46181,Thickness is critical at Center (0.4) & Peel out on top cover,Piece Addition,No,No,Marginal,Planned,,,,Open,,>90 days,,,,
,61c6cdbd-a32c-423e-9c49-ef95ddce618f,461,RMHS,J37C6,A,490,800,SAR70,46181,"Thickness is critical at Edge 1 (0), Center (0) & Edge 2 (0).
Total 2 joints presnt in belt. 1ST HOT JOINT carrying side channel is completely open, 2nd cold joint is slightly open",Operate under observation,Yes,No,OK,Planned,,,,Open,,>90 days,,,,
,858f7ed8-c31f-4c18-97da-c78a535cf79c,462,RMPP,JPPC1,B,468,800,SAR70,46261,"Thickness is critical at Edge 1 (0.1) & ply is visible, Joint area is severely damaged, Crack in joint area.",Rejoint,No,No,Marginal,Planned,,46266,Rejoint done,Closed,,>30 & <60 days,,,,
,d2320c41-7e5c-444a-a76b-0669647f4da0,463,RMPP,BC6(COAL),A,440,1000,SAR70,46181,Thickness is critical at Edge 1 (0.5),Operate under observation,No,No,Marginal,Planned,,46261,Belt replaced with 2 Hot joints,Closed,,>90 days,,,,
,46891b3a-876a-4c40-9ffa-d1d8b1a0a175,464,RMPP,BC3(COAL),B,320,800,SAR70,46181,"Belt has 2 joints, one joint is damaged from edge & 2nd joint has step crack in 1st step & channel crack",Rejoint,No,No,Critical,Planned,,46230,Rejoint done,Closed,,>90 days,,,,
,df802bf1-5c61-4d4e-b056-2e99b5c47f09,465,RMBB,J68C2,B,411,1400,SAR70,46181,Minor step crack in joint area,Operate under observation,,,,Planned,,,"Repairing is done, belt needs to be closely monitored",Open,,>90 days,,,,
,baceb988-068e-4e6a-b0c1-3a08236e8cfe,466,RMPP,JPP3C3,B,384,1000,SAR70,46181,Thickness is critical at Center (0.1),Operate under observation,No,No,Marginal,Planned,,,,Open,,>90 days,,,,
,1fdbcf58-9503-49c7-ae34-01c4dc81cb3a,467,RMPP,K6C1,A,359,800,SAR70,46181,Thickness is critical at Center (0.3),Replace,No,No,Marginal,Planned,Available,,,Open,,>90 days,,,,
,6ca50106-55c5-4fd2-ba32-f9a0e2013e27,468,SMS#2,T44C1,B,290,800,SAR70,46181,Step crack in top & bottom side of joint area of 2ND JOINT,Rejoint,No,No,Critical,Planned,Available,,Dept to Confirm Date,Open,,>90 days,,300008952944,,
,25d6a33a-08a5-4821-a5bc-4344c4b09223,469,RMPP,BC1(IRON),A,290,800,SAR70,46181,Thickness is critical at Edge 1 (0.2) & Edge 2 (0.5),Operate under observation,No,No,Marginal,Planned,,,,Open,,>90 days,,,,
,83b0220d-8ea0-4cd7-9059-c54cfd7ebd37,470,RMPP,BC13(IRON),A,275,800,SAR70,46257,"Ply visible in both side skirt area along the length. 1st joint has 2nd ply visible, 2nd joint has 1st ply visible. 3 rd joint is ok",Replace,Yes,No,Marginal,Planned,Available,,"Inspection updated, last inspection was done on 08-06-2026",Open,,>30 & <60 days,,,,
,904de002-2978-4ab2-9286-676c96121d5b,471,CO#1,J4,B,270,1200,HRT2,46253,Thickness is critical at Edge 2 (0),Replace,Yes,No,Marginal,Planned,Available,,Report Updated,Open,,>30 & <60 days,,,,
,e586abb0-05ed-4f1b-b35b-48861ae4cb8d,472,DRI,K1-BC33,A,240,500,SAR70,46289,"05-08-2026:-1st ply is visible in skirt area along the length.
24-09-2026:- Top cover thickness reduced and 2nd ply visible at multiple loactions in the drive side skirt area.",Replace,Yes,Yes,Marginal,Planned,Available,,Report Updated,Open,,<30 days,,,,
,64b3697d-21be-401c-b55f-848d6396f6fc,473,RMPP,CSIC2,A,240,1200,SAR70,46181,Thickness is critical at Edge 2 (0.5),Operate under observation,No,No,Marginal,Planned,,,,Open,,>90 days,,,,
,62615ac4-158c-411b-8ddb-37bf423f6181,474,RMPP,J15AC2,A,230,800,SAR70,46181,Thickness is critical at Edge 2 (0.5),Operate under observation,No,No,Marginal,Planned,,,Piece addition of 25 mtr done on 12-06-2026,Open,,>90 days,,,,
,f1480d96-f305-4e8d-b254-6b42754aa302,475,RMHS,REC4,A,90,1600,HAR,46181,Thickness is critical at Center (0),Replace,Yes,Yes,OK,Planned,Available,46270,Belt Replaced,Closed,300008952946,>90 days,,,,
,51efacbf-9e75-41ae-99ad-f1853282bf8f,476,RMHS,J36C4,A,225,800,SAR70,46181,Channel crack is present in belt,Operate under observation,No,No,Marginal,Planned,,,,Open,,>90 days,,,,
,525e74bf-7fce-49d3-9866-dab9f87fd408,477,CO#2,25BC11,A,220,1600,FR,46181,Joint edge is damaged,Rejoint,No,No,Marginal,Planned,,46294,Rejoint done,Closed,,>90 days,,,,
,ded0d7ea-92eb-4f87-8265-6418ec95b3c2,478,RMPP,2J18C2,B,210,1000,SAR70,46181,Joint area is damaged,Piece Addition,No,No,Marginal,Planned,,,Thorough Inspection required. Dept toprovide shutdown,Open,,>90 days,,,,
,0e2199ca-2e46-424d-acc4-a2430659b024,479,SMS#2,T44C1,B,290,800,SAR70,46181,Step crack in top & bottom side of joint area of 1ST JOINT,Rejoint,No,No,Critical,Planned,,46211,Rejoint with HOt joint done,Closed,300008952944,>90 days,,,,
,8b097c85-84a6-4711-a65d-1c51ec15dd4a,480,RMPP,PPC4,B,200,1000,SAR70,46291,Joint area is damaged,Piece Addition,No,No,Marginal,Planned,,,Thorough Inspection required. Dept toprovide shutdown,Open,,<30 days,,,,
,d9ff660e-9ac5-4a96-9cf9-c96c26b9d498,481,DRI,K8-BC33,B,240,500,SAR70,46181,Localized damaged in joint area & rubber seems to be peeled out.,Rejoint,No,No,Critical,Planned,,46192,Re-joint done,Closed,,>90 days,,,,
,d2ba6d27-1cfb-4adc-a71d-5af73a3d5890,482,RMPP,TCSC1,A,360,1000,SAR70,46181,Shell of Tail bend pulley is damaged,Replace,No,No,OK,Planned,Available,46212,,CLOSED,,>90 days,,,,
,22386dac-8667-45bc-88b4-6f4677a24fe9,483,RMBB,J52C2,B,126,800,SAR70,46181,"Mother belt damaged at multiple areas, & joint is damaged",Replace,Yes,No,Critical,Planned,Available,46223,Belt replaced,Closed,300008952230,>90 days,,,,
,f6ffd1e6-3e5f-45d0-b954-340e55e25c82,484,RMPP,BC22(WASHERY),A,200,650,SAR70,46181,Thickness is critical at Edge 1 (0) & Edge 2 (0.5),Operate under observation,Yes,No,Marginal,Planned,,,,Open,,>90 days,,,,
,420324be-a48c-4f03-be9e-ca4f0445b63c,485,SP#2,SP2-8002,B,182,650,UHR,46181,Channel area is damaged,Operate under observation,No,No,Marginal,Planned,,,,Open,,>90 days,,,,
,5b22a861-8335-4c9c-a756-665ec7655c9e,486,DRI,PSB4-BC23B,B,50,500,HR,46181,Joint area is damaged,Operate under observation,No,No,Marginal,Planned,,46203,Belt Replaced,Closed,,>90 days,,,,
,e8b9c8f9-3323-49b2-9c8a-3ee3052fcdaa,487,DRI,EJ5-BC30A,B,240,650,SAR70,46181,Joint area is damaged,Rejoint,No,No,Marginal,Planned,,46286,Rejoint done,Closed,,>90 days,,,,
,22eca3aa-5714-4319-b679-6521984ac8e7,488,SP#2,SP2-7002,A,176,1000,HRT3,46181,"Channel area is damaged & step crack has formed. 
Multiple area burnmarks found & also 2nd ply is visible toward tail end from joint to 27mtr towards mother belt",Piece addition,No,No,Marginal,Planned,,46245,Belt Replaced,Closed,,>90 days,,,,
,cbf8beda-ee41-4859-a678-13f29928ee6f,489,SP#2&3,J71C2,B,181,1000,FR,46181,Top cover of joint area had multiple patchings,Rejoint,No,No,Marginal,Planned,,,Dept to confirm date,Open,,>90 days,,300008952945,,
,4891b87b-39fb-4197-915b-a2c2abe3cfa7,490,SP#2&3,J73C1,B,250,1000,FR,46181,Step crack is present in bottom side joint area of joint,Rejoint,No,No,Marginal,Planned,,46198,Re-joint done,Closed,,>90 days,,,,
,2e5a5aa1-7826-44bb-986a-61e529e5e6c5,491,SMS#2,T41C1,A,170,800,SAR70,46181,Channel crack is present in belt,Operate under observation,No,No,Marginal,Planned,,,"Repairing is done, belt needs to be closely monitored",Open,,>90 days,,,,
,ab94e8c1-b7fd-4aad-b720-204e5e54e647,492,RMHS,J21C1,B,155,1400,SAR70,46273,Thickness is critical at Center (0.4) & peel out in 2nd joint area at bottom side,Operate under observation,No,No,Marginal,Planned,,,Earlier abnormality was on 06-06-2026,Open,,<30 days,,,,
,58358976-8e5f-42a8-8121-9c8f12849710,493,RMHS,J21C2,B,155,1400,SAR70,46181,2nd ply visible along the length of the belt,Replace,Yes,Yes,Marginal,Planned,Available,,,Open,,>90 days,,,,
,6c41a249-aa09-45eb-ba3d-ddc386f43262,494,RMBB,J82C1,B,185,800,FR,46275,Thickness is critical at Edge 2 (0.5) & Crack in mother belt,Rejoint,No,No,Marginal,Planned,,,Earlier inspection done on 08-06-2026,Open,,<30 days,,,,
,2fe43530-00e7-47fc-b497-2aa0a34d7957,495,RMPP,AJ2C1,A,154,1000,SAR70,46284,Ply visible in joint area & 2nd ply is visible in both side skirt area,Replace,Yes,Yes,Marginal,Planned,Available,,Earlier observation date was 08-06-2026,Open,,<30 days,,,,
,e0f35a1e-1971-4efd-b12c-f0827531190f,496,RMBB,J65C2,A,870,1400,STEELCORD,46181,"Approximately 200 m of the old mother belt is in critical condition, with the breaker layer and steel cords exposed and protruding, posing a high risk of belt failure.
The recently added 380 m belt section and its joints were found to be in satisfactory condition. However, one cut mark was observed on the newly added belt.
In the remaining 270 m of the old mother belt, the breaker layer is visible throughout the entire length. Although steel cords are not yet exposed in this section, the belt has reached an advanced stage of deterioration.",Piece Addition,Yes,No,Marginal,Planned,,46242,Piece addition of 200 mtr is done,Closed,,>90 days,,,,
,35a85693-f201-4ec2-a8f5-b2772da43f5c,497,LCP,RBC6,B,28,800,SAR70,46181,Thickness is critical at Edge 1 (0) & Edge 2 (0),Operate under observation,Yes,No,Marginal,Planned,,46212,Belt Replaced,Closed,,>90 days,,,,
,77a960fa-5d31-4b1d-b119-9895bb38b135,498,SMS#2,LF-BC2D,B,47,650,SAR70,46181,Thickness is critical at Edge 1 (0) & Edge 2 (0),Operate under observation,Yes,No,Marginal,Planned,,46237,Belt Replaced,Closed,,>90 days,,,,
,b69755d4-2c3d-4e78-936b-6c05df07323f,499,RMPP,BC1(WASHERY),A,130,1000,SAR70,46181,Thickness is critical at Edge 1 (0) & Edge 2 (0),Operate under observation,Yes,No,Marginal,Planned,,,,Open,,>90 days,,,,
,869923e0-557f-4da3-a36f-f969a0662cc8,500,CO#2,02BC09B,A,126,1600,SAR70,46287,"08-06-2026:-Channel area is damaged
22-09-2026:- Top channel patched area has worn out",Operate under observation,,,,Planned,,,Repairing Done,Open,,<30 days,,,,
,7490ad3c-ae49-45b6-bbde-3fd6ad17b6ca,501,RMHS,J5AC1,A,125,1600,SAR70,46181,Joint area is damaged,Operate under observation,No,No,Marginal,Planned,,,,Open,,>90 days,,,,
,57b0ab40-7e34-4f72-98da-fb3df8196e62,502,RMHS,J40ARC1,A,30,1200,SAR70,46181,Thickness is critical at Center (0.3) & Edge 2 (0),Replace,Yes,No,Marginal,Planned,Available,46202,Belt replacement done,Closed,300008952947,>90 days,,,,
,89ec474f-20f9-4370-8f50-e4c6940898f0,503,RMHS,J6C2,A,240,1200,SAR70,46181,Thickness is critical at Edge 2 (0.4),Replace,Yes,No,Marginal,Planned,Available,46223,Belt replaced,Closed,300008952948,>90 days,,,,
,a02fad22-f884-4c13-8978-efac715cd430,504,RMHS,J6C1,B,75,1400,SAR70,46181,Thickness is critical at Edge 1 (0) & Center (0.3),Replace,Yes,No,Marginal,Planned,Available,46191,Belt replacement done,Closed,300008952949,>90 days,,,,
,9cf9dfbf-c277-4564-8d07-136e134737c2,505,RMPP,BC3(IRON),A,350,650,SAR70,46181,Thickness is critical at Center (0.5) & Edge 2 (0),Replace,Yes,No,Marginal,Planned,Available,46189,Belt replacement done,CLOSED,,>90 days,,,,
,30909bb7-509c-45ef-8fda-28f6ed9a0432,506,RMPP,BC5(IRON),B,23,500,SAR70,46181,Thickness is critical at Center (0.5) & Edge 2 (0),Replace,Yes,No,Marginal,Planned,Available,46189,Belt replacement done,Closed,,>90 days,,,,
,63f60f28-b97a-4c99-b370-b5dfa45b1b9b,507,RMPP,BC4(IRON),B,52,500,SAR70,46181,Thickness is critical at Edge 2 (0.3),Replace,No,No,Marginal,Planned,Available,46190,Belt replacement done,Closed,,>90 days,,,,
,0260f8ef-daf0-427d-bee6-bce79f9d0b87,508,RMPP,RBC2,A,35,1200,SAR70,46181,Thickness is critical at Center (0.3),Replace,No,No,Marginal,Planned,Available,46189,Belt replacement done,CLOSED,,>90 days,,,,
,f1a033a8-8b56-408d-aab9-2b9db2d37b8c,509,RMPP,AJ5C1,A,120,1000,SAR70,46181,Thickness is critical at Edge 1 (0.2),Operate under observation,No,No,Marginal,Planned,,,,Open,,>90 days,,,,
,b29f3526-6afb-4331-9675-464c858c2f3f,510,RMPP,BF01,B,12.5,1200,SAR70,46181,"Thickness is critical at Edge 1 (0), Center (0.1) & Edge 2 (0) & Throughcut present in belt",Replace,Yes,No,Marginal,Planned,Available,46235,Belt replaced,Closed,EQUIPMENT NO. NOT AVAILABLE,>90 days,,,,
,0b6cd614-7409-4aed-a64d-b8db4ca6ba66,511,RMPP,BJ1046,A,60,650,SAR70,46181,Thickness is critical at Edge 1 (0.5),Operate under observation,No,No,Marginal,Planned,,,,Open,,>90 days,,,,
,98b095bc-58df-451e-ac9e-15c1fb104b7a,512,DRI,PSB3-JH6C1,A,50,650,SHR,46181,Thickness is critical at Edge 1 (0.3),Replace,No,No,Marginal,Planned,Available,,,Open,,>90 days,,,,
,b5dd2ed8-d200-4f46-9de8-5285b6a19389,513,RMPP,JPPC3,B,10,800,SAR70,46181,Thickness is critical at Edge 1 (0.2) & Edge 2 (0.1),Replace,Yes,No,Marginal,Planned,Available,46203,Belt replacement done,Closed,,>90 days,,,,
,a0a690a1-5233-4258-ae76-c6e26b3d2e0e,514,BF#2,SFC3,A,42,800,SAR70,46181,Thickness is critical at Edge 2 (0),Operate under observation,Yes,No,Marginal,Planned,,46246,Belt Replaced,Closed,,>90 days,,,,
,d6372fae-cbe5-4453-9075-7fa03c75a075,515,BF#2,FPC-A,B,40,1200,HRT3,46181,Thickness is critical at Edge 1 (0) & Edge 2 (0),Operate under observation,Yes,No,Marginal,Planned,,,,Open,,>90 days,,,,
,85e6aaee-95f5-4927-af87-bdfdecc9cd4d,516,BF#2,FPC-B,B,40,1200,HRT3,46181,Thickness is critical at Edge 1 (0),Operate under observation,Yes,No,Marginal,Planned,,,,Open,,>90 days,,,,
,fdd6653a-79aa-40c3-85d1-a786373197f4,517,RMBB,RMBB-CBBRSC1,B,38,1200,FR,46181,Thickness is critical at Edge 2 (0),Operate under observation,Yes,No,Marginal,Planned,,,,Open,,>90 days,,,,
,63a75ed3-423a-478a-8eac-1c97a4f65508,518,RMPP,BC15(COAL),B,35,1000,SAR70,46181,Thickness is critical at Edge 1 (0) & Edge 2 (0.4),Operate under observation,Yes,No,Marginal,Planned,,,,Open,,>90 days,,,,
,4b26fdf4-db26-482f-89e1-c2de9fa3f0e9,519,RMPP,BC16(COAL),B,35,1000,SAR70,46181,Thickness is critical at Edge 1 (0) & Edge 2 (0.5),Operate under observation,No,No,Marginal,Planned,,,,Open,,>90 days,,,,
,8238e673-6535-4c91-9b9b-28585f7307d8,520,RMPP,OF1C1,C,32,800,SAR70,46181,"08-06-2026:-Thickness is critical at Edge 1 (0.3)
03-10-2026:- 1st ply is visible in skirt area & at center",Operate under observation,No,No,Marginal,Planned,,,,Open,,>90 days,,,,
,33d878d9-dea8-4912-a544-0022c37acee6,521,RMPP,BC2(WASHERY),A,30,1000,SAR70,46181,Thickness is critical at Edge 2 (0),Operate under observation,Yes,No,Marginal,Planned,,,,Open,,>90 days,,,,
,0c7c99f1-c920-40c5-bacf-2873deceedb0,522,RMPP,BF4A,A,29,1000,SAR70,46181,Thickness is critical at Edge 1 (0.4),Operate under observation,No,No,Marginal,Planned,,,,Open,,>90 days,,,,
,e4be73d6-4188-4a1e-acb4-519c48c0e8d5,523,RMPP,BC5AC2,B,21,1200,SAR70,46181,Thickness is critical at Edge 1 (0) & Edge 2 (0),Operate under observation,Yes,No,Marginal,Planned,,,,Open,,>90 days,,,,
,94d89f4e-9914-4ead-9eb1-0056a819c12e,524,RMPP,BF5,B,14,1000,SAR70,46181,Thickness is critical at Center (0),Replace,Yes,No,Marginal,Planned,Available,,Dept to Confirm Date,Open,,>90 days,,300008952950,,
,c8acf890-7290-4de3-a15d-509519f1e8bf,525,RMPP,J14C4,A,15,800,SAR70,46181,2nd ply visible along the length of the belt,Operate under observation,No,No,Marginal,Planned,,46241,Belt Replaced,Closed,,>90 days,,,,
,afc6e685-a0ff-4f67-86da-79746c651bab,526,DRI,K1-BC37,A,84,500,HR,46185,"Deep groove line mark was observed along the length of the conveyor, Burn mark at one spot in mother belt was observed.",Replace,No,No,Marginal,Planned,Available,46198,Belt replacement done,CLOSED,,>90 days,,,,
,7bd1a762-6ddb-414a-9b22-13ccd2d963ca,527,RMBB,J69C2,B,268,1400,SAR70,46186,Step & channel crack in joint area,Rejoint,No,No,Critical,Planned,,46245,Rejoint done with Hot Joint,Closed, ,>90 days,,,,
,4ac0f59d-7a03-403c-92b2-488be1564c52,528,RMBB,FCSBHAC1,B,85,1200,BUCKET CON,46187,Cross cut from edge to mother belt in lateral space,Replace,No,No,Marginal,Planned,,46224,Belt replaced with MLT Joint,Closed,300008952231,>90 days,,,,
,a906a271-8b59-46ca-a1e0-e5df2ef233dc,529,CO#2,25BC91B,B,450,1600,HRT3,46191,"Ply is visible over approximately 125 meters of the belt length.
Crack observed in the belt joint area on the carrying side.
Deep groove line marks observed in both skirt areas
135 MTR Piece will be added & one rejoint needs to be done",Piece Addition,Yes,No,Critical,Planned,,46198,Piece addition done,Closed,300008952943,>90 days,,,,
,96cc7101-1bd2-4b30-8a23-0a2e2af7a924,530,CO#2,25BC91,A,850,1600,UHR,46191,"Total 6 joints are present, 1ST Joint is marginal, 2nd joint is critical, 3rdjoint is ok, 4th joint is marginal, 5th is critical, 6th joint is ok. Peelout is also presnt from 2nd to 1st joint in 23 mtr.",Rejoint,No,No,Critical,Planned,,,2 JOINTS ARE STILL TO BE TAKEN FOR REJOINT,Open,,>90 days,,,,
,fb7e1b1f-5a78-44c0-81d2-070b6357a923,531,RMPP,JPP2C1,B,350,1000,SAR70,46203,"Total 3 joints presnt in belt out of which 1st joint is lightly open, 2nd joint is ok & 3rd joint has crack developed & cut observed at edge, this joint is also patched & the patching condition is not good.",Piece Addition,Yes,No,Critical,Planned,,46252,Piece addirtion of 15 mtr done with 2 cold joints,Closed,,>90 days,,,,
,a91b1734-77b5-45a1-98d7-9e37351b03fa,532,RMHS,T39C2,A+ (Sup.Critical),490,800,SAR70,46206,Crack in bottom channel of joint area.,Rejoint,No,No,Marginal,Planned,,46245,Rejoint done with cold joint,Closed,,>90 days,,,,
,a9a0ee62-c22d-421f-b5a9-f7fa08147eea,533,RMHS,T45C1,A+ (Sup.Critical),470,800,SAR70,46206,Crack in top & bottom channel of joint area,Rejoint,No,No,Marginal,Planned,,46245,Rejoint done with cold joint,Closed,,>90 days,,,,
,aea9adfd-f724-496d-b9a6-cb73478bc6e3,534,RMHS,CJ4C2,B,130,1600,SAR70,46244,Both joints are damaged. Step crack is presnt in both joints . Approx. 70 mtr ply is viisble from edge to center. Snub pulley shell is visible,Rejoint,No,No,Marginal,Planned,,,Report Updated,Open,,>30 & <60 days,,NO EQUIPMENT NO.,,
,93f59288-054f-4a1c-b37c-af60c51ce866,535,SP#2&3,J35C3,A+ (Sup.Critical),140,1000,SAR70,46206,Top & bottom side has channel crack in joint area & bottom side has step crack in it,Rejoint,No,No,Marginal,Planned,,46246,Belt Rejoint done with Hot Joint,Closed,,>90 days,,,,
,daa90120-91b9-493a-9cd3-ce55056c9f26,536,SP#2&3,J36C3,A+ (Sup.Critical),384,1000,SAR70,46206,1st joint has both top & bottom channel crack & 2nd joint has top channel crack,Rejoint,No,No,Marginal,Planned,,46246,Belt Rejoint done with Hot Joint,Closed,,>90 days,,,,
,4b004b9d-09ee-4677-936a-95c7d401659b,537,RMHS,TT6C1,B,175,1600,FR,46211,Joint opened from edge area approx. 300 mm across the width of the belt.,Rejoint,No,No,Critical,Planned,,46226,Belt rejoint done,Closed,,>90 days,,,,
,31d5a3b2-1117-4259-a5ad-890468be3a81,538,RMHS,J37C4,A,1100,1200,FR,46211,"Total 5 nos Hot joints present, 2nd joint has channel crack  & step carck at carrying side",Rejoint,No,No,Critical,Planned,,46219,Piece addition done,Closed,,>90 days,,,,
,31f8859c-5b26-45d8-bf54-d67ce700be99,539,CO#2,02BC09A,A,16,1600,SAR70,46211,"Joint is damaged at channel area, multiple patchings have been done in the same joint",Replace,No,No,Critical,Planned,,46270,Belt Replaced,Closed,,>90 days,,300009037911,,
,ec02c03c-369d-4d98-9a07-53eca41bcaf3,540,RMHS,J37C5,A,1100,1200,FR,46212,"Ply visible at multiple spots & burn mark observed. Total 6 joints present—4 hot & 2 cold.
1st Hot is ok, 2nd cold is ok, 3rd cold is slightly damaged, 4th hot is ok, 5th joint has step crack at carrying side, 6th hot joint is ok,",Operate under observation,No,No,Marginal,Planned,,46294,Rejoint done,Closed,,>90 days,,,,
,e2fdb708-8bbf-4d8c-a893-f3c1622d9436,541,RMPP,K9C1,A,380,650,SAR70,46212,"Old mother belt edge condition is not good and thickness alao reduce, multiple area bottom rubber with first ply Peeloff observed in return side. (Only 65mtr belt is ok 2nd joint to 3rd joint).
* Moon cut also observed two defferent area of old mother belt.
* Take up clearance also 1mtrs.
(Need to be plan for belt replacement in next available opportunities.)",Replace,Yes,No,Marginal,Planned,,46281,Belt Replaced,Closed,,>90 days,,NO EQUIPMENT NO.,,
,0347555b-1273-4687-8ee6-7f3c8cd2996e,542,RMBB,J78C1,B,700,800,FR,46212,Total 3 joints. Out of which 1st joint has damage at edge. 2nd joint has bottom channel crack & 3rd joint has carrying side channel crack.,Operate under observation,No,No,Marginal,Planned,,46245,"Belt Rejoint was done on 24-04-2026.
Kindly plan for repairing of the other 2 joints.
Rejoint also done on 11-08-2026",Closed,,>90 days,,,,
,c23369de-0ec5-476d-b56e-370ba16fa7c2,543,RMPP,K8C1,B,350,800,SAR70,46212,"Thickness is critical at Edge 1 (.9), Center (0.5) & Edge 2 (0.7) & Joint found damaged",Replace,Yes,Yes,Marginal,Planned,Available,,,Open,,>90 days,,,,
,aa36697f-ba94-4ce9-b751-d82a8abb7d73,544,DRI,K2-BC33,A,240,500,SAR70,46289,"09-07-2026:- Belt joint channel is damaged from edge to center
24-09-2026:- Belt joint is open at carrying side",Operate under observation,No,No,Marginal,Planned,,,Need to repair the joint area,Open,,<30 days,,,,
,b4a2a1cc-0a72-445c-b743-f97f4491ff35,545,DRI,K3-BC33,A,240,500,SAR70,46212,Crack in Belt joint bottom channel  area.,Operate under observation,No,No,Marginal,Planned,,,Provide shutdown for thorough inspection of joint area,Open,,>90 days,,,,
,ee80fe7c-bc21-47e8-b353-51457b4adbdc,546,RMPP,J15C2,A,232,800,SAR70,46212,Thickness is critical at Edge2 (0) & 2nd ply is visible,Replace,Yes,Yes,Marginal,Planned,Available,,,Open,,>90 days,,,,
,5069eb97-ef67-4eef-ab69-762886f1dca4,547,RMPP,J11C1,A,211,800,SAR70,46212,Belt bottom cover ply visible at center along the length,Replace,Yes,No,Marginal,Planned,Available,,,Open,,>90 days,,,,
,4e634c27-3077-412f-864c-4ef49f2f9f50,548,SP#2&3,J71C1,B,181,1000,FR,46212,Step crack found in the first step of 2nd joint,Operate under observation,No,No,Marginal,Planned,,,Plan for repairing the joint area,Open,,>90 days,,,,
,a232cc5a-b743-4cd6-b19e-2c5b0812238f,549,RMPP,J11BC1,B,180,800,SAR70,46212,Cracks found & moon cut in joint area,Piece Addition,No,No,Marginal,Planned,,,Thorough Inspection required. Dept toprovide shutdown,Open,,>90 days,,,,
,2ee6212e-b1a6-4949-a96f-a0b060a64bd7,550,DRI,K2-BC37,A,84,500,HR,46256,"Belt joint at return side is damaged in channel area, Bottom cover ply visible at multiple spots & rubber peeled off at center in mother belt",Replace,Yes,No,Marginal,,,46265,Belt Replaced,Closed,,>30 & <60 days,,300009037975,,
,49851f6b-53de-45b1-a655-bf6bead66cae,551,SP#2,SP2-1001,A,90,1400,SAR70,46212,Bottom cover of joint area is open,Operate under observation,No,No,Marginal,Planned,,,Plan for repairing the joint area,Open,,>90 days,,,,
,6a0577bd-a31b-417a-9c8b-9bc8638339d9,552,DRI,K3-BC37,A,84,500,HR,46212,Cut marks observed on mother belt top cover,Operate under observation,No,No,Marginal,Planned,,,Provide shutdown for thorough inspection of joint area,Open,,>90 days,,,,
,e2b82d09-abac-47ac-a5ce-b7bacfee5b00,553,DRI,K4-BC37,A,84,500,HR,46212,Cut marks observed on mother belt top cover,Operate under observation,No,No,Marginal,Planned,,,Provide shutdown for thorough inspection of joint area,Open,,>90 days,,,,
,f2fac301-9c9d-4dcb-8578-9c3910ff15fc,554,DRI,K1-BC03,A,80,650,SHR,46212,Mother belt is damaged at carrying side,Operate under observation,No,No,Marginal,Planned,,,Provide shutdown for thorough inspection of joint area,Open,,>90 days,,,,
,7d2e6767-72a3-4107-b5f7-bdf9d0784ce6,555,DRI,PSB1-BC23,B,70,650,SHR,46290,"09-07-2026:-Belt is rubbing with channel at return side, can impact the joint area 
25-09-2026:- Joint is open from corn at top cover.
Edge cut out near joint area",Piece Addition,No,No,Marginal,Planned,,,,Open,,<30 days,,300009037974,,
,d3d6a0c2-1119-4325-9c39-ecc59d515ff2,556,DRI,PSB1-JH2C1,A,50,650,SHR,46212,"Belt is rubbing with channel at return side, can impact the joint area ",Operate under observation,No,No,Marginal,Planned,,,Please Plan & provide for repairing of the joint,Open,,>90 days,,,,
,b95b3d01-4e5b-459c-849a-995630032d52,557,RMBB,FCBC2,B,45,1000,SAR70,46212,Thickness is critical at Center (0.5),Operate under observation,Yes,No,Marginal,Planned,,,,Open,,>90 days,,,,
,ea7ee88e-71d4-435b-a0e1-9341ad91cf86,558,CO#1,CDQ1-BC01A,A,270,1200,HRT3,46212,Step crack found in the return side of joint area,Piece Addition,No,No,Critical,Planned,,46233,Piece addition done,Closed,,>90 days,,,,
,24db59d4-f3cf-4260-b759-93110217f4d1,559,CO#1,CDQ1-BC01B,A,270,1200,HRT3,46212,Step crack  found in the return side joint area,Piece addition,No,No,,,,46278,Piece Addition done,Closed,,>90 days,,300009037910,,
,5d0ae79c-8f67-46f3-a06d-76339ea72861,560,CO#1,CDQ1-BC02A,A,105,1200,HRT3,46284,"09-07-2026:-Channel crack  found in the top channel of joint area. 
19-09-2026:- Channel crack  found in the top channel of joint area. Burn marks visible in multiple places & ply is visible due to that",Operate under observation,No,No,Marginal,,,,Plan for repairing the joint area,Open,,<30 days,,300009037909,,
,dda9566e-5cd4-42d0-9731-f2807ff1a79a,561,RMBB,CCBC1,B,52,1000,FR,46212,3rd ply visible in skirt area of belt along the length as non standard skirt area is being used in conveyor,Replace,Yes,Yes,Marginal,,Available,,,Open,,>90 days,,300009037979,,
,60cb8b01-a7e1-4ca0-a850-5c8d04a8124f,562,BF#1,FOC3,A,142,800,SAR70,46212,Thickness is critical at Center (0.5),Replace,Yes,No,Marginal,Planned,,46175,Belt Replaced,Closed,,>90 days,,,,
,9de1ee47-3981-49eb-82a7-cd11c69eb8aa,563,SMS#2,T44C4,C,27,800,SAR70,46212,Crack in centre of joint area top cover,Operate under observation,No,No,Marginal,Planned,,,,Open,,>90 days,,,,
,458ac728-e7cb-4f6e-a128-9d5d93bcf347,564,RMPP,BC3(COAL),B,320,800,SAR70,46212,Joint Area Top Cover Side Edge Open Top/Bottom Cover Open,Operate under observation,Yes,No,Marginal,Planned,,46230,Belt rejoint done,Closed,,>90 days,,,,
,d291bac0-5453-4f35-beba-7746bdf8d420,565,SP#1,RP9,B,18,800,SAR70,46246,2nd ply visible in skirt area of belt,Replace,Yes,No,Marginal,Planned,Available,,Report Updated,Open,,>30 & <60 days,,300009038030,,
,e34f8bc1-bfcd-44f5-a622-eae16fb8c2a5,566,SP#1,R2,B,16,1000,SAR70,46246,Both side skirt area 2nd ply visible,Replace,Yes,Yes,Marginal,Planned,Available,,Report Updated,Open,,>30 & <60 days,,300009038028,,
,6d3bb857-a3a8-4ecb-8811-5255e2b9fc5e,567,RMPP,BC4(IRON),B,52,500,SAR70,46215,Throughcut due to liner plate,Replace,Yes,No,Marginal,Planned,,46218,Belt  replacement done,Closed,,>60 & <90 days,,,,
,6a6f0aa8-e40c-4cb0-8def-4d22c7d4d2b8,568,RMPP,IJ001,A,28,650,SAR70,46215,Belt thickness reduced & belt needs to be replaced before monsoon,Replace,Yes,No,Marginal,Planned,,46217,Belt Replaced,Closed,,>60 & <90 days,,,,
,adb7af4c-596f-4f5a-b49c-8776f3e4258f,569,RMPP,AJ001,B,28,650,SAR70,46215,Belt thickness reduced & belt needs to be replaced before monsoon,Replace,Yes,No,Marginal,Planned,,46221,Belt Replaced,Closed,,>60 & <90 days,,,,
,0515750b-3158-4cc3-a3b4-6da34f149b36,570,RMPP,CJ001,B,28,650,SAR70,46215,Belt thickness reduced & belt needs to be replaced before monsoon,Replace,Yes,No,Marginal,Planned,,46221,Belt Replaced,Closed,,>60 & <90 days,,,,
,8ae29a6d-4e88-4c99-ab02-b5904e7f74e7,571,BF#2,SCA3,B,36,1200,HRT3,46216,2nd ply visible in return side skirt area,Replace,Yes,No,Marginal,Planned,,46232,Belt Replaced,Closed,,>60 & <90 days,,,,
,6b8785eb-1d81-417f-b11a-cd679fa14b8b,572,RMHS,TT6C1,B,175,1600,FR,46227,Cracks found in both carrying & return side of belt along the length,Replace,Yes,No,Marginal,Planned,,46252,Belt Replaced,Closed,,>60 & <90 days,,,,
,315cbba4-02f9-4210-b8fb-8d54656997b9,573,RMBB,J62C1,A,247,800,SAR70,46227,Step crack found in bottom side joint area,Piece Addition,No,No,Critical,Planned,,,,Open,,>60 & <90 days,,300009037977,,
,527c7aa1-c207-4129-8e7b-743437b14296,574,RMHS,RMHS-CBBC1,A,400,1600,FR,46227,Joint area is damaged & throughcut found in mother belt,Rejoint,No,No,Critical,Planned,,46254,Rejoint done,Closed,,>60 & <90 days,,,,
,eb50d849-7f20-49ad-a282-3fe3d1e12eb3,575,RMHS,LDP3FC1,A,20,1200,SAR70,46227,3rd Ply visible along the length of the belt,Replace,Yes,Yes,Marginal,Planned,,46240,Belt Replaced,Closed,,>60 & <90 days,,,,
,fd4da220-21f4-4b24-bed0-5cef1f9a84c9,576,RMHS,SCR7,B,90,1600,SAR70,46228,Cross cut in mother belt near joint area,Repairing,No,No,Marginal,Planned,,,Plan for repairing the damaged area with fastners or MLT Kit,Open,,>60 & <90 days,,,,
,62f45c4e-9fd6-48bc-a37f-8115fad0bc01,577,RMBB,J84C2,B,41,800,FR,46232,Joint taper area is damaged at return side & slightly open at center on carrying side,Operate under observation,No,No,Marginal,Planned,,,,Open,,>60 & <90 days,,,,
,4d29fee5-ed05-4b2d-9f9b-dd38c9eee436,578,CO#2,02BC01,A,210,1800,SAR70,46232,Peel off from mother belt to joint area,Rejoint,No,No,Critical,Planned,,46235,Rejoint done,Closed,,>60 & <90 days,,,,
,47806446-3a7a-4cf5-9b2d-434a1e83b5af,579,RMHS,CJ1RSC2,B,9,1800,FR,46232,3rd ply visible along the length of the belt,Replace,Yes,Yes,OK,Planned,,46234,Belt Replaced,Closed,,>60 & <90 days,,,,
,8fd92675-32b6-4384-b51b-2777dc9d0052,580,SMS#2,LF-BC2D,B,47,650,SAR70,46232,2nd ply visible along the length of the belt,Replace,Yes,Yes,Marginal,Planned,,46237,Belt Replaced,Closed,,>60 & <90 days,,,,
,27383bfa-685e-46f7-a006-e6f680c9b4ee,581,BF#1,FSC2,A,172,800,SAR70,46254,2nd ply is visible on skirt area along the length. Mother belt is also damaged at one place in center,Replace,Yes,No,Marginal,Planned,,46272,Belt Replaced,Closed,,>30 & <60 days,,300009037903,,
,c80c1a6e-7825-4d66-94be-48153877b08d,582,RMPP,JPP4C1,B,126,1000,SAR70,46233,"Crack formation observed on mother belt top cover.
Cut mark observed on mother belt bottom cover.
Edge separation in joint both sides & joint is open on both side",Operate under observation,No,No,Critical,Planned,,,Thorough Inspection required. Dept toprovide shutdown,Open,,>60 & <90 days,,,,
,ededd8f9-01c5-4d42-b1c4-de3c28fb6d46,583,RMHS,J21C3,B,125,1600,SAR70,46287,"30-07-2026:- Rubber peeled off at return side joint area 
22-09-2026:- step crack present in joint area",Piece Addition,No,No,Marginal,Planned,,,Last inspected on 30-07-2026,Open,,<30 days,,,,
,b00ee784-1196-4671-8efe-144cd1582ffe,584,RMPP,FTH14AC1,B,124,1000,SAR70,46233,"Crack found in joint area, Hole found in mother belt. Joint top cover is slightly open from edge",Operate under observation,No,No,Critical,Planned,,,,Open,,>60 & <90 days,,,,
,fa07d74b-e60e-484f-8f4a-769b4ac8b9f9,585,RMHS,SCR4,B,90,1600,HAR,46266,Throughcut present in  & Cut mark found in the belt patched area,Operate under observation,No,No,OK,Planned,,,"Abnormality since 30-07-2026
Report updated on ,19-08-2026",Open,,>30 & <60 days,,,,
,5accc7ed-cac4-4ce3-84c4-fdc3210e2a23,586,RMPP,AJ1046,A,60,650,SAR70,46233,Cracks present throughout the length of the belt & hardness increased,Operate under observation,No,No,Marginal,Planned,,,,Open,,>60 & <90 days,,,,
,29471e18-3911-49f2-b79b-458d3aaa1d93,587,RMHS,J5BC1,B,60,1400,SAR70,46233,"Joint area is damaged, joint area top cover has worn out & ply visible. Carrying side skirt area ply visible",Replace,Yes,No,Critical,Planned,Available,,,Open,,>60 & <90 days,,300009038022,,
,68a42654-c8aa-4e02-b949-65bd45c7faee,588,RMPP,BC9(IRON),A,42,650,SAR70,46256,1ST Ply visible at Mother belt DE side skirt area,Replace,Yes,No,Marginal,Planned,,46275,Belt Replaced,Closed,,>30 & <60 days,,300009038072,,
,ddb6149a-e6d0-4bd0-a465-72cd7e5bd3d3,589,SP#3,SP3-2007,A,23,1000,SAR70,46233,3rd ply visible in DE side skirt area,Replace,Yes,Yes,Margnial,Planned,,46245,Belt Replaced,Closed,,>60 & <90 days,,,,
,fede98f4-aa8a-4d3d-a001-e06eb45249f3,590,RMPP,EJ0010,A,15,650,SAR70,46233,Joint is damaged & crosscut found in joint area,Replace,No,No,Marginal,Planned,,46258,Belt Replaced,Closed,,>60 & <90 days,,,,
,35fb8bbb-c5e1-447b-ba39-e4e24f4bc190,591,SP#2&3,J70C1,A,510,1000,FR,46233,"Piece added found with 2 hot joints, head end side joint is ok, tail end side hot joint has step crack at carrying & return side.",Piece Addition,No,No,Critical,Planned,,46288,Piece addition done,Closed,,>60 & <90 days,,300009038078,,
,8b3043c9-ade3-4e9e-b3b2-55301c361c98,592,DRI,K6-BC37,A,84,500,HR,46233,"Joint area top & bottom cover is damaged, out of 2 joints One needs to take rejoint & one needs to be repaired",Rejoint,No,No,Critical,Planned,,46237,Rejoint done,Closed,,>60 & <90 days,Head pulley is open at both sides upto 50mm,,,
,a1e880a4-d414-4360-9f66-73ef3ce4bc08,593,RMBB,J80C1,B,438,800,FR,46233,20 mtr peel off at bottom side of piece added,Piece Addition,No,No,Marginal,Planned,,46245,Piece addition done with cold joints,Closed,,>60 & <90 days,,,,
,72b9f8c4-f74e-4e17-9ba5-83d101349066,594,RMHS,CJ1RSC1,B,9,1800,FR,46233,Ply visible along the length of the belt,Replace,Yes,No,Marginal,Planned,,46248,Belt Replaced,Closed,,>60 & <90 days,,,,
,412b8fbe-1b4b-442f-98f5-e30ae2f97ed8,595,RMBB,J84C1,B,240,800,FR,46236,"98 MTR Throughcut present in belt, Piece addition needs to be done",Piece Addition,No,No,OK,Planned,,,,Open,,>60 & <90 days,,300009037976,,
,540023bb-9078-40fe-a607-a5ec84feffcd,596,RMPP,JPP3C2,B,640,1000,SAR70,46237,Top cover joint is open & bottom channel has crack ,Piece Addition,No,No,Marginal,Planned,,,,Open,,>60 & <90 days,,,,
,6490c59f-a368-4d0f-95f1-a950a62527f6,597,RMPP,J9BC1,B,286,800,SAR70,46239,"1st joint edge separation was observed.
3rd joint top corner opened.
Step crack & channel crack present in 3rd joint 
Cracks observed along the length on Top cover.
Ply visible at bottom cover was observed.",Rejoint,Yes,No,Marginal,Planned,,46272,Rejoint done on 07-09-2026,Closed,,>60 & <90 days,,300009038076,,
,c7e78eea-c170-4b0c-b167-2f08b27b2208,598,SP#1,F1,B,230,800,FR,46246,Joint area is severly damaged & 1st ply is visible in skirt area & cneter,Replace,No,No,Marginal,Planned,Available,,Dept to confirm date,Open,,>30 & <60 days,,,,
,736eaaab-301b-43a7-9993-ef94371e6b36,599,SP#1,J32C1,B,580,800,SAR70,46246,Step crack is presnt in joint area,Piece Addition,No,No,Critical,Planned,,46266,Piece addition done,Closed,,>30 & <60 days,,300009038077,,
,c246f4bc-92b3-4e53-93cc-aba6e27fa6e2,600,SP#1,J36C2,A+ (Sup.Critical),420,1000,SAR70,46273,1st joint has step crack for 70 mm at edge of 1st step,Operate under observation,No,No,Marginal,Planned,,,Earlier inspection done on 13-08-2026,Open,,<30 days,,,,
,e89f2ca2-db71-4ede-8067-297edc784426,601,SP#1,J37C2,A+ (Sup.Critical),250,1000,FR-SAR,46247,1st joint has step crack for 100 mm at Center of 1st step,Rejoint,No,No,Marginal,Planned,,46268,Rejoint done,Closed,,>30 & <60 days,,300009038026,,
,4a0b5b70-882c-47f5-b58a-e9296b9da1a2,602,SP#1,SP1-S2,C,35,1000,HRT3,46247,1ST Ply visible on top cover skirt area along the length.,Operate under observation,Yes,No,Marginal,Planned,,,,Open,,>30 & <60 days,,,,
,6dca4cc5-175b-424e-8e7c-faee1b87e9e9,603,SMS#2,T40C2,A,385,800,SAR70,46248,Step crack present in 2 joints & 1st joint to 2nd joint distance is 125 mtr. Takeup clearance is 1.8 mtr,Rejoint,No,No,Critical,Planned,,46276,Rejoint Done,Closed,,>30 & <60 days,,300009038025,,
,a2c1922a-8105-48af-9d5c-a8b5439cff2f,604,RMPP,BC5(COAL),B,435,1600,SAR70,46249,Cross cut & Throughcut is present in belt. 50 mtr piece addition is required,Piece Addition,No,No,OK,Planned,,46260,Belt Replaced with one cold & one Hot joint,Closed,,>30 & <60 days,,300009038079,,
,a112a6a9-834e-4bb3-9f1b-97a8addb6981,605,RMPP,FC1,A,25,800,SAR70,46250,Ply is visible in skirt area & joint is damaged on top & bottom side,Replace,Yes,Yes,Marginal,Planned,,46261,Belt Replaced,Closed,,>30 & <60 days,,300009038073,,
,2ffbef11-e0ba-4d9c-a9a1-b7d915c5b163,606,RMHS,JNT4C1,A,1200,1600,STEELCORD,46251,"3 nos. Throughcut of 5 mtr, 6 mtr  & 5 mtr is present in belt",Repairing,No,No,OK,Planned,,46261,Hot Patch was done for 3 joints & rest 2 joints will have cold patch,Closed,,>30 & <60 days,,,,
,d66a4629-e3cb-49b8-891e-355e1d310320,607,RMPP,2J18C5,B,6,1000,SAR70,46252,Ply is visible in both side skirt area & Bottom side joint area is damaged,Replace,Yes,Yes,Marginal,Planned,Available,,,Open,,>30 & <60 days,,NO EQUIPMENT NO.,,
,e1bf8637-6eda-4ca2-b135-3fd8fdebe305,608,BF#1,FSC3,A,132,800,SAR70,46253,Step crack on last step at carrying side,Piece Addition,No,No,Critical,Planned,,46268,Rejoint done,Closed,,>30 & <60 days,,300009037904,,
,df9e5515-2ed2-4b25-a335-831ba4e80101,609,BF#1,RFTH2C1,A,200,650,SAR70,46253,Step crack & channel crack observed & joint is damaged at bottom channel area,Piece Addition,No,No,Critical,Planned,,46268,Piece addition done,Closed,,>30 & <60 days,,300009037906,,
,0f28788d-4ebf-4ec0-ac4f-2d696171ddfa,610,RMPP,HJ1046,A,65,650,SAR70,46253,Edge cut in joint area,Operate under observation,No,No,Marginal,Planned,,,,Open,,>30 & <60 days,,,,
,09923dfd-ec35-41d3-95ef-0deb51cc8b2d,611,RMHS,SCR3,B,90,1600,HAR,46253,Throughcut is present in belt and ply visible,Replace,,,,Planned,,46254,Belt Replaced,Closed,,>30 & <60 days,,,,
,5c14bbf1-aaee-42b1-9a42-1537764cfcef,612,RMBB,J52C1,A,809,800,SAR70,46253,Crack has been observed in one joint.,Rejoint,No,No,Critical,Planned,,46301,Rejoint done,Closed,,>30 & <60 days,,300009037978,,
,6ca1d639-76ff-416d-828e-ba6f0cf99e97,613,BF#1,BF1-RSC1,A+ (Sup.Critical),90,1200,SAR70,46253,Belt thickness has reduced in center,Replace,Yes,No,Marginal,Planned,,46268,Belt Replaced,Closed,,>30 & <60 days,,300009037908,,
,ddee1c8b-2d11-430e-9661-221e9cd0a717,614,BF#1,FSC1,A,125,800,SAR70,46253,Belt thickness has reduced in skirt area (0.48mm),Replace,Yes,No,Marginal,Planned,Available,,,Open,,>30 & <60 days,,,,
,d200d323-9527-40d2-9a97-276006764e97,615,CO#1,M11,A,290,800,SAR70,46253,Belt thickness has reduced in skirt area (0 mm),Replace,Yes,No,Marginal,Planned,Available,,,Open,,>30 & <60 days,,,,
,f8564697-796e-450a-8b32-8e8cbe0400a8,616,SP#1,CHE3,A,28,800,HRT3,46253,2nd ply is visible along the length of the belt & ,Replace,Yes,Yes,Marginal,Planned,,46268,Belt Replaced,Closed,,>30 & <60 days,,NOTIF. NO. NOT GENERATED DUE TO SYSTEM ERROR,,
,b6585a68-b634-46fc-a3c4-a903cc5630a7,617,RMHS,J27C1,A,750,1200,SAR70,46253,Belt thickness has reduced & ply is visible,Replace,Yes,No,Marginal,Planned,Available,,,Open,,>30 & <60 days,,,,
,1e1e16d2-83bb-454f-97ab-876f9d374683,618,RMHS,RSC4,A,40,1400,SAR70,46253,Belt thickness has reduced & ply is visible,Replace,Yes,No,Marginal,Planned,,46261,Belt Replaced,Closed,,>30 & <60 days,,,,
,d196ef37-2c38-4af4-9c9d-4db9e7618220,619,RMHS,OFBF2,C,16,1200,SAR70,46253,Belt thickness has reduced in skirt area (0 mm),Replace,Yes,Yes,Marginal,Planned,Available,,,Open,,>30 & <60 days,,300009038024,,
,a1b2df2e-e4d5-4399-921f-8f76ad548941,620,RMPP,BC14(COAL),B,18,800,SAR70,46253,Belt thickness has reduced in skirt area (0 mm),Replace,Yes,Yes,Marginal,Planned,Available,,,Open,,>30 & <60 days,,300009038074,,
,a895fc8c-8de2-49db-8af2-3da2baffafc0,621,BF#1,RFTH1C1,A,70,650,SAR70,46252,Belt thickness has reduced in Side Skirt area (0.63mm),Replace,Yes,No,Marginal,Planned,,46268,Belt Replaced,Closed,,>30 & <60 days,,,,
,4a35ec9e-3912-48ca-8f7c-fd84f5784715,622,DRI,K9-BC03,A,80,650,SHR,46255,"1st-step crack observed on both carrying and bottom sides of the joint area.
Cracks observed on both carrying-side and bottom-side channels.
Mother belt top cover found cracked with cut marks at multiple locations.",Replace,No,No,Critical,Planned,,46278,Belt Replaced,Closed,,>30 & <60 days,,300009037973,,
,85bb4152-67bf-4ad0-90b9-816bb7d02b30,623,CO#2,25BC91B,B,450,1600,HRT3,46257,Step crack in joint area,Rejoint,No,No,Critical,Planned,,,,Open,,>30 & <60 days,,300009037972,,
,5e560728-f8fc-4490-aead-4cfacaff9381,624,SP#1,SP1C3,A,220,800,SAR70,46258,Cold joint is damaged,Rejoint,No,No,Critical,Planned,,46266,Rejoint done,Closed,,>30 & <60 days,,300009038027,,
,2c96a83d-0b5d-4132-9ef3-0758af805622,625,RMPP,BC14(IRON),A,24,800,SAR70,46257,2nd ply is visible long the length & 3rd ply is visible at skirt area,Replace,Yes,Yes,Marginal,Planned,,46267,Belt Replaced,Closed,,>30 & <60 days,,,,
,de157db9-3ce1-40e3-bc93-dbf5aa9ff655,626,RMPP,BC6(IRON),B,18,800,SAR70,46257,1st ply is visible along the length & 2nd ply is visible in spots,Replace,Yes,Yes,Marginal,Planned,,46275,Belt Replaced,Closed,,>30 & <60 days,,,,
,baa3022d-13e4-4565-92d4-3be644f2c5d0,627,RMPP,BC12(IRON),A,65,800,SAR70,46257,1st ply visible along the length in skirt area. Ply is also visible in joint area,Replace,Yes,No,Critical,Planned,,46275,Belt Replaced,Closed,,>30 & <60 days,,,,
,29e49fc1-9c03-41dd-9380-70003b33da53,628,RMHS,RMHS-CBBC1,A,400,1600,FR,46257,Crack in joint area,Operate under observation,No,No,Marginal,Planned,,,Hot patch needs to be done,Open,,>30 & <60 days,,,,
,7150c1ce-7eab-45f9-a190-8ccbc5692fd0,629,BF#1,FPC2,B,40,1000,SAR70,46260,Thickness in skirt area has reduced to 0.3 mm,Operate under observation,No,No,OK,Planned,,,,Open,,>30 & <60 days,,,,
,3e84b455-6015-4021-8f0e-92d53830b105,630,RMPP,BC5AC1,B,16,1200,SAR70,46260,1st ply visible in skirt area,Operate under observation,Yes,No,OK,Planned,,,,Open,,>30 & <60 days,,,,
,47478a24-6b59-4697-add5-3c20ea35da56,631,RMPP,JPPC3,B,10,800,SAR70,46260,Rubber peeled off at Skirt area for 100 mm from edge to center along the length,Operate under observation,Yes,No,OK,Planned,,,,Open,,>30 & <60 days,,,,
,fc1616d3-4d29-4c00-93d0-ab9375441775,632,RMPP,PPC2,B,320,1000,SAR70,46266,"Joint was found damaged, channel damaged",Rejoint,No,No,Marginal,Planned,,,,Open,,>30 & <60 days,,,,
,93555c63-b056-4138-8e90-5513e3a64e90,633,CO#2,25BC03A,A,45,1600,UHUAR,46276,4th ply is visible long the length at center area & joint area cross cut observed,Replace,Yes,Yes,Critical,Planned,,46281,Belt Replaced,Closed,,<30 days,,,,
,b5001ac2-3cde-4ab7-ac13-a4d933b4002f,634,RMHS,J26C1,A,340,1200,SAR70,46276,Belt thickness has reduced in Center area (0.5mm),Replace,No,No,Marginal,Planned,Available,,,Open,,<30 days,,,,
,456ac86e-63aa-4545-b50a-16c23af69cb4,635,CO#2,25BC03B,B,45,1600,FR,46287,Crack in mother belt. Mother belt condition is critical,Replace,No,No,Critical,Planned,Available,,,Open,,<30 days,,,,
,fd71c331-85e3-4e8b-a353-651193ffbff5,636,BF#2,CC2,A+ (Sup.Critical),20,1400,SAR70,46281,2nd ply visible in mother belt,Replace,Yes,Yes,Marginal,Planned,,46294,Belt Replaced,Closed,,<30 days,,,,
,ea94bba9-e249-4f23-a799-16c02a3ce90b,637,RMHS,TT6C2,B,175,1600,FR,46272,Crack at bottom side joint area,Operate under observation,No,No,Marginal,,,,Repairing done,Open,,>30 & <60 days,,,,
,90fbed0f-ef5f-473b-b721-079218aa4d4d,638,DRI,K10-BC03,A,80,650,SHR,46272,Joint open at carrying side,Operate under observation,No,No,Marginal,,,,Repairing needs to be done,Open,,>30 & <60 days,,,,
,7f2521c1-7b9e-436c-9788-d2e9fe4256b9,639,SP#1,J34C1,A+ (Sup.Critical),520,800,SAR70,46273,"Burn marks observed on mother belt top cover at multiple places.
Out of 3 joints, tail side joint has step crack.",Operate under observation,No,No,Marginal,,,,Repairing needs to be done,Open,,<30 days,,,,
,84674d6e-fa15-4605-9caa-cd1d614e4444,640,DRI,K10-BC37,A,84,500,HR,46274,Internal cracks observed throughout the length of belt,Operate under observation,No,No,Marginal,,,,Repairing needs to be done,Open,,<30 days,,,,
,74d7e8e0-56e0-4d1f-8969-432f225dd6d9,641,DRI,K5-BC37,A,84,500,HR,46274,Joint bottom channel found crack,Operate under observation,No,No,Marginal,,,,Repairing needs to be done,Open,,<30 days,,,,
,06b6421b-dc96-4c80-ab82-dd564fb56d6d,642,CO#2,25BC01,A,900,1600,UHR,46275,"Step crack in joint area.
In 5 ply belt belt peeled upto 2nd ply.",Piece Addition,No,No,Critical,Planned,,,,Open,,<30 days,,,,
,f2647580-2e0b-4e90-824b-b6f8728c6d1a,643,RMPP,AJ6C1,A,492,1000,SAR70,46276,"Step crack in 2nd joint, 3rd joint is slightly open. 1st joint open from corner. ",Piece Addition,No,No,Critical,Planned,,,,Open,,<30 days,,,,
,fd4e31f8-9d1f-43eb-bda9-8214bd618eae,644,RMPP,J8C2,B,28,800,SAR70,46277,Throughcut observed in belt,Replace,No,No,Marginal,,,46296,Belt Replaced,Closed,,<30 days,,,,
,3284fcfc-f8ef-4c15-9aec-d943755ad917,645,SMS#2,T41C2,A,140,800,SAR70,46278,"1st ply visible in bottom cover skirt area, Top cover peeled off at one spot",Operate under observation,Yes,No,Marginal,,,,Repairing needs to be done,Open,,<30 days,,,,
,21f1d499-c63f-4e67-99a0-85d4da824471,646,SMS#2,CDP Hot Belt,B,21,500,FR,46279,Edge is cut in joint area,Operate under observation,No,No,Marginal,,,,Repairing needs to be done,Open,,<30 days,,,,
,73c04c23-4ce5-4cb6-8f8c-8ee4b3202e66,647,CO#1,M10,A,360,800,SAR70,46286,"1st joint top channel has crack, 2nd joint is open at edge, bottom joint channel arae is slighly open",Operate under observation,No,No,Marginal,,,,Repairing needs to be done,Open,,<30 days,,,,
,dd5504b2-cc23-4873-8c3e-1c00c43da28b,648,RMHS,CJ6C1,B,120,1600,FR,46279,Top channel is open & has crack,Operate under observation,No,No,Marginal,,,,Repairing done,Open,,<30 days,,,,
,406b398d-6ea3-4909-bd48-fac26d2af079,649,RMHS,CJ6AC1,B,1700,1600,STEELCORD,46279,Cut mark in joint area.,Operate under observation,No,No,Marginal,,,,Repairing needs to be done,Open,,<30 days,,,,
,5825456e-84e7-422e-9117-6c7a1a620d4b,650,DRI,PSB3-BC23B,B,50,500,HR,46279,Joint is open & mother belt has a ninor crack,Operate under observation,No,No,Marginal,,,,Repairing needs to be done,Open,,<30 days,,,,
,70e049f8-f19a-4217-8a18-fd9ae3c4ee3d,651,DRI,PSB3-BC30,B,140,500,HRT1,46279,"Top channel is open & has crack, crack in top cover mother belt,
Edge is separated & damaged throughout the length",Replace,No,No,Marginal,,Available,,Repairing needs to be done,Open,,<30 days,,,,
,c2df68bf-02dd-4c20-98b3-1008cf9505b3,652,CO#1,J2,A,180,1200,HRT2,46279,Bottom side joint area has crack,Operate under observation,No,No,Marginal,,,,Repairing needs to be done,Open,,<30 days,,,,
,4207aa34-e8c4-403e-bb88-7df1b4eeb9c3,653,CO#1,J7,A,25,1200,HRT2,46279,Top joint is open from corner,Operate under observation,No,No,Marginal,,,,Repairing needs to be done,Open,,<30 days,,,,
,215b4ee7-22d7-4e90-aae4-e6970630ba74,654,DRI,JH2DRIC1,C,20,650,SAR70,46279,Bottom channel rubber peeled out in one location,Operate under observation,No,No,Marginal,,,,Repairing needs to be done,Open,,<30 days,,,,
,2e4a3ebb-acca-45b1-b4ac-dfa004c2353c,655,DRI,PSB1-BC15,B,210,650,SHR,46280,Top & bottom channel are open,Operate under observation,No,No,Marginal,,,,Repairing needs to be done,Open,,<30 days,,,,
,f9b27198-8e69-4c02-9d0a-a85fe4d18c8c,656,SP#2,SP2-1004,A,39,1200,SAR70,46280,Belt edge is open & joint area is damaged.,Operate under observation,No,No,Marginal,,,,Repairing needs to be done,Open,,<30 days,,,,
,7fdb9dcb-f83e-4844-888c-0ebf49c2076d,657,SP#2,SP2-1025,A,304,1000,SAR70,46280,Crack in both top & bottom side joint area,Operate under observation,No,No,Marginal,,,,Repairing needs to be done,Open,,<30 days,,,,
,d5070549-64be-4269-bf32-08a1238af155,658,SP#3,SP3-7002,A,176,1000,HRT3,46280,Cut mark in mother belt near joint area,Operate under observation,No,No,Marginal,,,,Repairing needs to be done,Open,,<30 days,,,,
,52648b3b-6a73-4927-a8ef-4f50133aec0f,659,SP#3,SP3-7003,A,197,1000,HRT3,46280,"1st joint bottom channel is crack.Top cover of joint is open,",Operate under observation,No,No,Marginal,,,,Repairing needs to be done,Open,,<30 days,,,,
,e6ed2bee-ab38-459e-b3a6-6c15c23c3555,660,SP#3,SP3-8009,A,64,650,UHR,46280,Joint area is open from both edges.,Operate under observation,No,No,Marginal,,,,Repairing needs to be done,Open,,<30 days,,,,
,389a7b9c-9752-4824-9472-5bd2783bc413,661,SP#3,SP3-8003,A,27,650,UHR,46280,Bottom channel is damaged.,Operate under observation,No,No,Marginal,,,,Repairing needs to be done,Open,,<30 days,,,,
,ba75b88e-a117-4b2e-842d-e0a84a23976c,662,SP#3,SP3-9001,A,242,1000,FR,46280,Joint area edge is cut out,Operate under observation,No,No,Marginal,,,,Repairing needs to be done,Open,,<30 days,,,,
,f2ebd996-f498-43d3-a3d6-e38d14266853,663,DRI,K6-BC37,A,84,500,HR,46281,Top side channel area rubber peeled out,Operate under observation,No,No,Marginal,,,46276,Belt Replaced,Closed,,<30 days,,,,
,2b45581d-2251-4b9b-bb02-8d9b834e1aa1,664,DRI,K6-BC12,B,14,500,HR,46281,Top channel is open,Operate under observation,No,No,Marginal,,,,Repairing needs to be done,Open,,<30 days,,,,
,00796f44-ca5c-4bbc-a7e8-fcd55624e5c4,665,DRI,K5-BC12,B,14,500,HR,46281,Top & bottom side joint area is open,Operate under observation,No,No,Marginal,,,,Repairing needs to be done,Open,,<30 days,,,,
,b83f2a41-3327-4a37-8c85-549da8cdb352,666,SP#2&3,J74C2,A,482,1000,FR,46281,Crack in joint area,Operate under observation,No,No,Marginal,,,,Repairing needs to be done,Open,,<30 days,,,,
,74c6c6d8-b621-4feb-9f08-711a4ad86e07,667,SP#2&3,J74C1,A,482,1000,FR,46281,Cut mark in mother belt & mother belt patched area is damaged,Operate under observation,No,No,Marginal,,,,Repairing needs to be done,Open,,<30 days,,,,
,96ff7173-75d3-4502-b136-9253bc605306,668,CO#1,CDQ1-BC01A,A,270,1200,HRT3,46281,Air pocket in top channel area,Piece addition,No,No,Marginal,,,,Repairing needs to be done,Open,,<30 days,,,,
,c6681d7a-a0fe-4294-be8a-800818dfeae8,669,CO#1,CDQ1-BC03,A,400,1200,HRT3,46282,Channel crack is present in belt,Operate under observation,No,No,Marginal,,,,Repairing needs to be done,Open,,<30 days,,,,
,185247cd-f0ad-4e5c-b200-72be9d150173,670,CO#2,02BC05,A,330,1600,SAR70,46283,2nd joint top channel is slightly open,Operate under observation,No,No,Marginal,Planned,,,Repairing needs to be done,Open,,<30 days,,,,
,a430791e-4254-4ac9-b05c-080f0a855d6f,671,CO#2,02BC08,A,430,1600,SAR70,46284,Joint bottom channel is slightly open. Crack near 2nd joint area,Operate under observation,No,No,Marginal,Planned,,,Repairing needs to be done,Open,,<30 days,,,,
,b7f42614-509b-4c53-87c1-ed7deaeac99b,672,CO#2,02RC01,A,20,1600,SAR70,46284,"1st ply visible in skirt area, Joint area is slightly open, Joint edge is open, Bottom channel is alos slightly open.",Replace,Yes,No,Marginal,Planned,Available,,Repairing needs to be done,Open,,<30 days,,,,
,1a500259-4381-4be9-af66-54b0cc08180c,673,CO#2,02BC06A,A,65,1600,SAR70,46284,"Crack in channel area, Bottom channel is open.",Operate under observation,No,No,Marginal,Planned,,,Repairing needs to be done,Open,,<30 days,,,,
,777353d8-d3cf-441b-8fcd-11de0e9e5a67,674,CO#2,25BC91A,B,450,1600,HRT3,46285,Top channel is crack. Bottom side joint area has both step crack & channel crack.,Operate under observation,No,No,Marginal,Planned,,,Repairing needs to be done,Open,,<30 days,,,,
,d8949c0b-2aec-4a36-8bfa-9b3cfd7d0caa,675,CO#2,25BC22,B,299,1000,FR,46285,Joint is damaged & open from edge,Rejoint,No,No,Critical,Planned,,46294,Rejoint done,Closed,,<30 days,,,,
,efe6a61a-bc8b-4480-af01-44d7d7d142e0,676,CO#2,05BC01,A,25,1200,FR,46286,"Top channel is open at edge, Bottom channel is open.",Operate under observation,No,No,Marginal,Planned,,,Repairing needs to be done,Open,,<30 days,,,,
,deaa1617-acd9-4973-b783-be93ccf936c1,677,CO#2,02BC09,A,145,1600,SAR70,46287,Air pocket in top channel area. Bottom channel is also open,Piece Addition,No,No,Critical,Planned,,,,Open,,<30 days,,,,
,5f52414e-492c-48a0-b1b2-23409c7a193b,678,SMS#2,FACS2-BC2D,B,30,650,SAR70,46288,Crack in mother belt.,Operate under observation,No,No,Marginal,Planned,,,Repairing needs to be done,Open,,<30 days,,,,
,caa22c76-625b-42a0-9669-1cb2670811c0,679,DRI,K3-BC03,A,80,650,SHR,46289,Internal cracks observed on belt top cover along the length,Operate under observation,No,No,Marginal,Planned,,,,Open,,<30 days,,,,
,7ca0d324-4f06-48c1-bca3-6b4c989b330a,680,DRI,K3-BC12,B,14,500,HR,46289,"Belt joint is open in carrying side from corner
Belt top cover peel off from joint area to mother belt",Replace,No,No,Critical,Planned,Available,,,Open,,<30 days,,,,
,db26d8af-f08a-4662-ad02-63769773cadb,681,DRI,K4-BC33,A,240,500,SAR70,46289,"1st joint top channel is crack & joint open, bottom side channel crack & rubber peeled out.Takeup 1.8 mtrs",Rejoint,No,No,Critical,Planned,,,,Open,,<30 days,,,,
,1a101928-6028-4838-a5cf-ef6448929f5a,682,CO#2,25BC34,B,30,1000,FR,46294,"Belt Thickness has reduced at center, Edge 1:- 1.8, center:- 0.4, Edge 2:- 1.322",Replace,Yes,No,OK,Planned,Available,,,Open,,<30 days,,,,
,fe440295-33b9-488c-ba67-918fc0438c1e,683,SP#1,RP12,B,230,800,SAR70,46268,"Belt Thickness has reduced at skirt area, Edge 1:- 0.48, center:- 1.95, Edge 2:- 1.63",Operate under observation,Yes,No,OK,Planned,,,,Open,,>30 & <60 days,,,,
,d6fc5e45-af90-4ada-ba30-4fdc850ad368,684,BF#2,FPC-C,B,40,1200,HRT3,46263,"Belt Thickness has reduced at skirt area, Edge 1:- 0, center:- 4.7, Edge 2:- 5",Operate under observation,Yes,No,OK,Planned,,,,Open,,>30 & <60 days,,,,
,b1602ed0-b30d-449e-8918-38390ea77a93,685,RMPP,BC18(WASHERY),A,25,800,SAR70,46289,"Belt Thickness has reduced at skirt area, Edge 1:- 0, center:- 4.18, Edge 2:- 0",Replace,Yes,No,OK,Planned,Available,,,Open,,<30 days,,,,
,a6400a3b-09e8-47e7-9733-db6144fc7225,686,RMPP,J9BC1,B,286,800,SAR70,46175,"Belt Thickness has reduced at skirt area, Edge 1:- 0.2, center:- 2.6, Edge 2:- 1.8",Operate under observation,Yes,No,OK,Planned,,,,Open,,>90 days,,,,
,edb5ee23-c72c-4c59-81d4-670e476a8da9,687,RMHS,SCR6,B,95,1600,FR,46294,MLT Joint is damaged,Piece Addition,No,No,Critical,Planned,,,,Open,,<30 days,,,,
,c75eb666-3f5d-498e-ae5e-a295db1a768b,688,SMS#2,T31C1,A+,395,800,SAR70,46294,Throughcut in joint area for 2.5 mtr & skirt area has ply visible,Piece Addition,No,No,Critical,Planned,,,,Open,,<30 days,,,,
,486dfa48-bd4f-4975-bfd3-6027f2d528be,689,RMPP,SCSC2,B,300,800,SAR70,46296,"Joint is damaged & top cover has been opened, Patching has been done 3 times.",Piece Addition,No,No,Critical,Planned,,,,Open,,<30 days,,,,
,c7f09409-681b-4eea-95d1-72db79db001b,690,RMPP,OFBBC1,A,610,800,SAR70,46293,"2 Hot joints are presnt in belt, 1st joint top channel has crack & bottom channel is damaged, 2nd joint edge is damaged & bottom side joint area is open",Operate under observation,No,No,Critical,Planned,,,,Open,,<30 days,,,,
,c60ac2c6-9bfc-480f-9309-b9e049caa04e,691,RMPP,OFBBRSC1,A,35,1000,SAR70,46294,1st ply is visible along the length of the belt at center & 2nd ply is visible in mul;tiple spots,Replace,Yes,Yes,Marginal,Planned,Available,,,Open,,<30 days,,,,
,4e646335-3e9e-42ef-83d8-c5c56e2bcf6c,692,RMPP,OF2C1,A,230,800,SAR70,46295,"1st ply is visible in skirt area, Belt edge is damaged along the length.",Operate under observation,Yes,No,Marginal,Planned,,,,Open,,<30 days,,,,
,a6e68cab-66f0-4698-8aaa-b6a1155b0276,693,SMS#2,EAF-BC1.1D,A,123,1000,SAR70,46296,Top channel has crack,Operate under observation,No,No,Marginal,Planned,,,,Open,,<30 days,,,,
,8103bc70-01b7-493a-bb93-f86967247c66,694,DRI,K10-BC12,B,14,500,HR,46297,Mother belt top cover has a crack in one spot,Operate under observation,No,No,Marginal,Planned,,,,Open,,<30 days,,,,
,91aba032-dc7d-44e3-8938-6571b0fd9188,695,RMBB,J78C1,B,700,800,FR,46296,Edge & Centre open at the joint area,Operate under observation,No,No,Marginal,Planned,,,Repairing Done,Open,,<30 days,,,,
,e623704b-8e06-47b6-8aff-3689311fb990,696,CO#2,25BC21,A,265,1000,FR,46296,Edge corner open in the joint area,Operate under observation,No,No,Marginal,Planned,,,Repairing Done,Open,,<30 days,,,,
,caef52e6-07a7-47c1-b7bd-1898169b67fd,697,SP#3,SP3-8002,B,182,650,UHR,46296,3 times patching has been done in the joint area,Operate under observation,No,No,Marginal,Planned,,,,Open,,<30 days,,,,
,3c1b8e62-efd4-495a-8ff3-caed420f4c79,698,RMPP,FTH12C1,A,160,1000,SAR70,46296,3 times patching has been done in the joint area,Operate under observation,No,No,Marginal,Planned,,,,Open,,<30 days,,,,
,5285d064-a0d8-4c70-89df-1c30d36c2212,699,RMPP,BC5(IRON),B,23,500,SAR70,46296,Belt thickness has reduced & ply is visible,Replace,Yes,No,OK,Planned,Available,,,Open,,<30 days,,,,
,8370e2bf-34a3-4585-a66f-a4d8b4de1fd3,700,RMPP,BC8(IRON),B,27,700,SAR70,46296,Belt thickness has reduced & ply is visible,Replace,Yes,No,OK,Planned,Available,,,Open,,<30 days,,,,
,f2e69f88-f235-4e36-8118-a303d0390402,701,RMPP,RBC2,A,35,1200,SAR70,46296,Belt thickness has reduced & ply is visible,Replace,Yes,No,OK,Planned,Available,,,Open,,<30 days,,,,
,dac37ba9-ded7-40d4-bfd0-868eaa31c8b7,702,SP#1,SP1C3,A,220,800,SAR70,46296,"Belt width has reduced due to continuous rubbing, Mother belt is damaged too",Replace,Yes,No,OK,Planned,Available,,,Open,,<30 days,,,,
,171523a5-480c-43af-b6cb-d1e9260125da,703,SP#1,R7,B,220,800,SAR70,46297,Step crack  obseevred in both joints,Piece Addition,,,,Planned,,,,Open,,<30 days,,,,
,958a1b5c-aae2-41c3-88f1-fa024d51ecf0,704,SP#1,SP1-S1,A,275,1000,HRT3,46298,A Hole observed on mother belt,Repairing,No,No,OK,Planned,,,Hot patch needs to be done,Open,,<30 days,,,,
,d69eb687-25d8-4f12-8343-5ec802647341,705,RMHS,CJ5C1,A,1700,1600,STEELCORD,46298,40 MTR Throughcut in belt,Piece Addition,,,,Planned,,,,Open,,,,,,