@odata.etag,ItemInternalId,SL NO,DEPT,Section,Conveyor,CATEGORY,belt Length,Belt Width,Belt CoverGrade,TOP,Date,EDGE1,CENTER,EDGE2,"HARDNESS
(EDGE1)","HARDNESS
(CENTER)","HARDNESS
(EDGE2)",Thickness EDGE 1,CENTER2,Thickness EDGE 2,MIN THICKNESS,Last Thickness Date,"Last Thickness Reading
(mm)",Last Belt Replacement,Criticality,Predicted Life (in Months) (Matrix),Predicted Life (in Months) (Actual),"Age as on Date
(in Months)",Planned Wear Rate (mm/Month),"Current Wear Rate
(mm/Month)","Next Prediction
(TBM)","Next Prediction
(CBM)","Installation 
Date ",Remarks,1st Thickness Schedule Date,Next Thickness Schedule Date,Life Difference,Replacement date before current replacement,CBM life1,Wear Difference,Age diff,CBM-TBM
,9059296e-379a-4980-9b4b-0a4fc33f29ee,1,RMBB,Coke Route,CCBC2,B,25,650,SAR70,8,"21-01-2025
22-04-2025
24-07-2025
26-01-2026
06-02-2026","6.2
5.9
3.4
0
0","5.9
5.5
4.7
0.5
0.1","5.6
5.3
5
1.9
1.3","65
72
75
78","66
73
76
78","65
72
79
80",0,0.1,1.3,0,46059,0,44462,1.Critical,6,52.14,61.16666667,0.1438434983,0.1502817783,46026.2,45959.1875,42461,0,NA,Critical,55.16666667,0,49.90625,-0.00643828006,9.026666667,-2.23375
,2ad38404-5386-4f78-a2a3-e0edc73629e6,2,DRI,In Plant,PSB3-BC23,B,70,650,SHR,5,"05-05-2022
17-04-2025
15-07-2025
11-09-2025
01-12-2025
12-05-2026
14-09-2026","5.89
4.9
4.1
3.8
3.6
3.5
3.4","5.53
4.8
4.2
3.7
3.5
3.3
3.3","5.48
4.9
4.3
3.7
3.6
3.5
3.4","71
66
75
79
82","76
65
76
79
81","74
66
75
78
81",3.4,3.3,3.4,3.3,46279,3.3,45738,4.Non-Critical,9,24,18.63333333,0.1875,0.09426987061,46458,47170.05882,42461,0,NA,46459,9.633333333,0,47.73529412,0.09323012939,-5.366666667,23.73529412
,08e75b69-9024-4eff-81f4-1a5dc3a5089b,3,RMBB,Coke Route,CCBC3,B,25,650,SAR70,8,"1/21/2025
24-07-2025
26-01-2026
10-07-2026","5.7
4.6
4.4
4.3","5.5
4.8
4.7
4.3","5.3
4.8
4.4
3.9","67
69
70
70","65
71
72
72","67
70
70
71",4.3,4.3,3.9,3.9,46213,3.9,45199,4.Non-Critical,3,15.59,36.6,0.4810776139,0.1213017751,45666.7,47053.87805,42461,0,NA,46393,33.6,0,61.82926829,0.3597758387,21.01,46.23926829
,e83c9c03-a407-4c62-abd1-3723af348df6,4,RMBB,Sinter Return,J78C1,B,700,800,FR,8,"07-03-2022
15-12-2023
04-10-2024
08-02-2025
21-08-2025
26-09-2025
13-11-2025
09-01-2026
09-02-2026
13-03-2026
16-04-2026
03-06-2026
08-07-2026
07-08-2026","7.6
5.27
5.2
4.6
4.6
4.5
4.5
4.5
4.4
4.3
4.3
3.8
3.5
3.4","
7.2
5.75
4.2
3.9
3.8
3.8
3.7
3.7
3.6
3.6
3.5
3.4
3.4
3.2","7.34
5.90
5.1
4.2
3.9
3.8
3.8
3.7
3.7
3.6
3.6
3.6
3.5
3.5","65
68
74
71
71
72
74
75
78
79","66
70
75
69
71
72
75
75
76
77","64
69
75
71
70
73
75
75
76
78",3.4,3.2,3.5,3.2,46241,3.2,43729,4.Non-Critical,18,76.41,85.6,0.09815469179,0.05732484076,46021.3,47654,42461,0,NA,46421,67.6,0,130.8333333,0.04082985103,9.19,54.42333333
,38aeb8b7-cb69-4a6c-a9bf-6345f9407a91,5,RMBB,Sinter Return,J80C1,B,438,800,FR,8,"07-03-2022
15-12-2023
04-10-2024
08-02-2025
21-08-2025
13-11-2025
09-01-2026
09-02-2026
13-03-2026
16-04-2026
03-06-2026
08-07-2026
10-09-2026","7.4
7.2
7.2
7.0
6.9
6.6
6.5
6.5
6.2
6.1
6.0
5.9
5.7","6.8
6.6
6.2
6.1
6.1
5.9
5.7
5.6
5.4
5.3
5.1
4.5
4.0","7.6
7.4
7.2
7.2
5.8
6.8
6.7
6.6
6.4
6.3
6.1
5.8
5.5","65
68
70
70
71
73
74
75
75
75","65
70
73
73
73
73
74
74
74
75","65
70
72
71
71
74
75
76
76
76",5.7,4,5.5,4,46275,4,44572,4.Non-Critical,18,34.76,57.5,0.2157652474,0.07046388726,45614.8,47765.125,42461,0,NA,46455,39.5,0,106.4375,0.1453013602,22.74,71.6775
,aae2d831-df86-4d3a-8579-6fb0c2aeb7e9,6,RMBB,Sinter Return,J81C1,B,729,800,FR,8,"07-03-2022
15-12-2023
04-10-2024
08-02-2025
26-04-2025
21-08-2025
13-11-2025
22-04-2026
11-06-2026
29-09-2026","7.5
7.4
7.4
7.3
7.2
7.1
7.0
6.9
6.9
5.1","6.6
5.8
5.3
5.1
5.0
4.9
4.7
4.7
4.5
3","7.6
7.4
7.3
7.0
7.1
7.0
6.98
6.9
6.8
5.2","69
71
74
73
74
74","70
71
73
74
75
75","70
71
75
73
74
74",5.1,3,5.2,3,46294,3,44048,3.Marginal,18,65.93,74.96666667,0.113757015,0.06678539626,46025.9,47417,42461,0,NA,46474,56.96666667,0,112.3,0.04697161876,9.036666667,46.37
,a984498b-593b-4717-90ae-b09b32f8c7cf,7,RMBB,Sinter Return,J82C1,B,185,800,FR,8,"07-03-2022
15-12-2023
04-10-2024
16-01-2025
21-08-2025
15-10-2025
13-11-2025
09-01-2026
13-03-2026
22-04-2026
11-06-2026
07-08-2026
10-09-2026","4.5
4.50
4.5
4.3
3.8
3.5
3.4
3.4
3.3
3.1
3.0
2.5
0.7","3.8
3.8
3.7
3.7
3.6
3.5
3.4
3.3
3.2
3.1
3.0
2.3
2.4","3.2
3.1
3.0
2.8
2.7
2.7
2.6
2.6
2.6
2.6
2.6
2.6
2.5","73
75
74
75
75
75
75
75","74
74
73
74
75
76
76
76","75
74
74
75
76
76
77
77",0.7,2.4,2.5,0.7,46275,0.7,43959,2.Semi-Critical,18,68.86,77.93333333,0.1089166425,0.09455958549,46024.8,46338.45205,42461,0,NA,46305,59.93333333,0,79.31506849,0.01435705697,9.073333333,10.45506849
,55158a6c-0d64-4609-9497-95c41525e19c,8,RMBB,Sinter Return,J83C1,B,192,800,FR,8,"07-03-2022
15-12-2023
04-10-2024
03-12-2024
08-02-2025
01-08-2025
13-11-2025
22-04-2026
11-06-2026
29-09-2026","4.4
7.4
7.4
7.3
7.2
7.1
7
6.9
6.7
5.9","1.91
7.8
7.8
7.7
7.7
7.6
7.6
7.5
7.5
5.9","3.87
7.8
7.6
7.5
7.4
7.4
7.3
7.3
7.2
5.2","75
72
76
77
76
77
77","77
70
75
76
76
77
75","76
71
79
77
77
77
77",5.9,5.9,5.2,5.2,46294,5.2,44952,4.Non-Critical,18,33.31,44.83333333,0.2251576103,0.06259314456,45951.3,48546.64286,42461,0,NA,46474,26.83333333,0,119.8214286,0.1625644658,11.52333333,86.51142857
,2080ea8c-12a7-45f0-838a-2037be5b6326,9,RMBB,Sinter Return,J84C1,B,240,800,FR,8,"04-10-2024
03-12-2024
30-04-2025
01-08-2025
13-11-2025
09-01-2026
04-07-2026
29-09-2026","7.5
7.5
7.1
7.0
6.8
6.7
6.5
6.1","7.2
7.1
6.9
6.9
6.8
6.8
6.7
6.2","7.4
7.1
7.1
7.1
7.0
7.0
6.9
6.3","71
71
73
74","75
75
75
76","75
75
76
77",6.1,6.2,6.3,6.1,46294,6.1,45083,4.Non-Critical,18,23.46,40.46666667,0.3196930946,0.0470685384,45786.8,49863.26316,42461,0,NA,46474,22.46666667,0,159.3421053,0.2726245562,17.00666667,135.8821053
,f7a80fa0-fff7-4089-83a3-0fe69afed8b8,10,RMBB,Sinter Return,J84C2,B,41,800,FR,8,"07-08-2025
21-08-2025
09-01-2026
04-07-2026
29-09-2026","3.2
3.1
7
6.5
5.16","2.0
2
6.7
6.2
4.3","3.3
3.1
7.5
6.4
5.8","74
75
78","72
73
75","71
74
77",5.16,4.3,5.8,4.3,46294,4.3,45777,4.Non-Critical,6,18.89,17.33333333,0.3970354685,0.2147001934,46343.7,46824.97297,42461,0,NA,46384,11.33333333,0,34.93243243,0.1823352751,-1.556666667,16.04243243
,804401d7-292b-4b1a-a0af-8006d6f433c2,11,RMBB,Sinter Return,J62C1,A,247,800,SAR70,8,"03-09-2024
05-06-2025
07-08-2025
09-02-2026
25-08-2026","6.4
4.9
4.8
4.8
4.62","5.7
4.7
4.5
4.3
4.03","6.3
5.3
5.0
4.9
4.78","70
71
72
72
73","71
72
73
74
75","71
72
73
74
74",4.62,4.03,4.78,4.03,46259,4.03,43939,4.Non-Critical,18,69.51,78.6,0.1078981442,0.0513362069,46024.3,48321.87154,42461,0,NA,46439,60.6,0,146.0957179,0.05656193726,9.09,76.58571788
,487e8f58-68f9-4fc4-80d3-0dfb79e6c26b,12,RMBB,Sinter Return,J62C2,B,123,800,SAR70,8,"03-09-2024
05-06-2025
07-08-2025
09-02-2026
25-08-2026","6.7
5.1
5.0
4.7
4.62","6.6
5.4
5.3
4.8
3.87","7.4
5.2
5.1
5.1
3.97","70
71
72
72
75","71
72
73
73
74","70
72
73
74
75",4.62,3.87,3.97,3.87,46259,3.87,45330,4.Non-Critical,9,34.79,32.23333333,0.2155791894,0.1333692142,46373.7,47017.046,42461,0,NA,46439,23.23333333,0,56.23486683,0.08220997521,-2.556666667,21.44486683
,698fd948-b01f-45c4-b8b3-569c9c7f51cb,13,RMBB,Flux Route,J52C1,A,809,800,SAR70,8,"11-03-2022
09-03-2024
31-07-2025
18-12-2025
19-06-2026","5.8
6.5
6.0
5.7
5.3","5.5
5.7
4.4
4.2
4.1","5.6
6.7
4.4
4.4
4.2","77
70
76","78
68
73","78
69
73",5.3,4.1,"4,2",4.1,46192,4.1,44650,4.Non-Critical,18,25.8,54.9,0.2906976744,0.07587548638,45424,47615.38462,42461,0,NA,46372,36.9,0,98.84615385,0.214822188,29.1,73.04615385
,d787978f-89bd-4d93-a5a3-4fe938f41cda,14,RMBB,Coke Route,J52C2,B,126,800,SAR70,8,"03-09-2024
30-05-2025
28-01-2026","4.3
3.8
3.4","4.9
3.7
3.5","4.8
4.2
4","68
70
75","65
69
76","69
71
76",3.4,3.5,4,3.4,46050,3.4,46223,4.Non-Critical,9,33.18,2.466666667,0.226039783,0.226039783,47218.4,47218.4,42461,0,46720.7,NA,-6.533333333,0,33.18,0,-30.71333333,0
,111726f3-2b74-433d-9cfb-de18ae42d509,15,RMBB,Coke Route,CCBC4,B,46,800,FR,8,"18-11-2024
18-01-2025
03-03-2025
22-04-2025
7/24/2025
18-12-2025
15-06-2026
30-09-2026","3.9
3.1
2.8
2.3
2.1
7.9
7.5
7.1","3.8
3.2
2.8
2.5
2.3
7.7
7.1
6.8","2.1
3
2.4
2
1.8
7.8
7.2
6.9","69
75
77
78
77","71
76
78
78
77","74
76
77
77
77",7.1,6.8,6.9,6.8,46295,6.8,45907,4.Non-Critical,6,34.81,13,0.2154553289,0.09278350515,46951.3,48332,42461,0,NA,46475,7,0,80.83333333,0.1226718238,-21.81,46.02333333
,ff15d856-199d-4eb8-83e6-8c46fecee778,16,RMBB,Flux Route,J53C1,B,238,800,FR,8,"4/25/2025
18-12-2025
27-06-2026","5.3
4.8
4.5","4.8
4.2
4","5.1
4.8
4.4",70,69,71,4.5,4,4.4,4,46200,4,44909,4.Non-Critical,18,39.98,46.26666667,0.1875937969,0.09295120062,46108.4,47329.625,42461,0,NA,46380,28.26666667,0,80.6875,0.09464259628,6.286666667,40.7075
,08aa708e-06c1-4638-b1f9-c5df181c85cc,17,RMBB,Sinter Return,MSRC1,A,15,1000,SAR70,6,"8/31/2024
8/7/2025","1
0","0
0","1.2
0",84,0,85,0,0,0,0,45876,0,46295,4.Non-Critical,1,17.82,0.06666666667,0.3086419753,0.3086419753,46829.6,46829.6,42461,0,46562.3,NA,-0.9333333333,0,17.82,0,-17.75333333,-4.97E-14
,17bef5a1-13fd-48df-8ffd-7f3bd885cbe1,18,RMBB,Sinter Return,MSRC2,B,15,1000,SAR70,6,"07-08-2025
09-02-2026
24-04-2026","5
3.4
3.3","4.8
4.1
1.9","5
4.7
1.5","67
73","68
72","67
73",3.3,1.9,1.5,1.5,46136,1.5,46141,4.Non-Critical,1,19.23,5.2,0.2860114405,0.2860114405,46717.9,46717.9,42461,0,46429.45,NA,4.2,0,19.23,0,-14.03,4.97E-14
,49afbcc5-ca79-4f1e-bc87-7bf670a2b378,19,RMBB,Sinter Return,MSRC3,B,15,1000,SAR70,6,"07-08-2025
09-02-2026
24-03-2026
24-04-2026
25-08-2026","4.9
4.9
4.7
3.9
3.8","4.5
3.7
3.6
3.5
3.4","4.7
3.7
3.6
3.5
3.0","67
71
72
73
73","67
70
73
74
74","66
71
73
73
73",3.8,3.4,3,3,46259,3,45629,3.Marginal,1,19.63,22.26666667,0.2801833928,0.1428571429,46217.9,46784,42461,0,NA,46439,21.26666667,0,38.5,0.1373262499,2.636666667,18.87
,8f427068-f6a5-488e-9b30-09f047462cb0,20,RMBB,Flux Route,JHBC1,B,369,1000,SAR70,8,"9/14/2024
30-05-2025
03-12-2025
24-07-2026","6.7
5.6
5.5
5.0","6.2
5.1
5.0
4.9","6.9
5.7
5.6
4.9","69
71
70
73","68
69
70
72","70
70
71
73",5,4.9,4.9,4.9,46227,4.9,44197,4.Non-Critical,18,61.04,70,0.122870249,0.04581280788,46028.2,49108.29032,42461,0,NA,46407,52,0,163.7096774,0.07705744114,8.96,102.6696774
,e47634f4-d903-4e68-b739-e6a7bda57de4,21,RMBB,Sinter Return (Iron fines),J58C1,B,411,1000,FR,8,"03-09-2024
22-01-2025
30-05-2025
7/12/2025
28-01-2026
14-07-2026","6.5
6.4
6.2
5.9
5.8
5.5","6.4
6.2
6.0
5.8
5.7
5.0","6.2
5.9
5.7
5.5
5.5
5.2","71
73
75
76
78
79","75
75
77
79
80
81","72
73
74
75
77
79",5.5,5,5.2,5,46217,5,44197,4.Non-Critical,18,61.04,70,0.122870249,0.04455445545,46028.2,49247,42461,0,NA,46397,52,0,168.3333333,0.07831579357,8.96,107.2933333
,f2c0640f-3cab-4dc8-94e9-d7ba8ed37c17,22,RMBB,Sinter Return,J59C1,B,66,1000,FR,8,"03-09-2024
22-01-2025
10-06-2025
7/12/2025
28-01-2026
14-07-2026","7.8
7.7
7.5
7.4
7.2
7.1","6.9
6.76
6.7
6.6
6.5
6.4","7.5
7.4
7.2 
7.1
7.0
6.9","74
75
78 
78
79
79","75
74
77 
78
79
79","75
75
78
79
79
79",7.1,6.4,6.9,6.4,46217,6.4,45238,4.Non-Critical,9,24.11,35.3,0.3110742431,0.04902962206,45961.3,49827.0625,42461,0,NA,46397,26.3,0,152.96875,0.262044621,11.19,128.85875
,9b60f06e-9857-476c-afb4-348fbdc6d4d1,23,RMBB,Sinter Return,J59C2,B,121,1000,FR,8,"03-09-2024
18-01-2025
07/12/2025
28-01-2026","6.2
4.9
4.5
7.5","4.5
4.3
3.8
7.6","5.5
5.3
5
7.5","77
75
78
63","78
76
78
64","79
78
79
63",7.5,7.6,7.5,7.5,46050,7.5,46033,4.Non-Critical,9,4.77,8.8,1.572327044,0.8823529412,46176.1,46288,42461,0,NA,NA,-0.2,0,8.5,0.6899741028,4.03,3.73
,75cda89d-66e2-4e47-9670-95c0ff1feb57,24,RMBB,Sinter Return,J60C1,B,413,1000,SAR70,8,"1/14/2025
30-05-2025
25-11-2025
03-04-2026
12-09-2026","7.3
7.3
7.3
6.7
6.5","6.9
6.8
6.7
6.4
6.4","7.3
7.2
7.1
6.1
6.1","74
75
76
77
77","74
74
75
77
77","74
75
76
78
78",6.5,6.4,6.1,6.1,46277,6.1,44197,4.Non-Critical,18,61.04,70,0.122870249,0.02740384615,46028.2,52407.52632,42461,0,NA,46457,52,0,273.6842105,0.09546640286,8.96,212.6442105
,8b05c86a-eb79-46d1-ae99-154b4176af15,25,RMBB,Sinter Return,J61C1,B,62,1000,SAR70,8,"1/14/2025
30-05-2025
25-11-2025
03-04-2026
12-09-2026","5.9
5.7
5.6
5.3
5.2","5.2
5.0
4.8
4.4
4.2","4.6
4.5
4.3
4.2
4.0","71
75
76
77
79","73
76
78
80
80","78
78
80
81
81",5.2,4.2,4,4,46277,4,44197,4.Non-Critical,9,61.04,70,0.122870249,0.05769230769,46028.2,48097,42461,0,NA,46457,61,0,130,0.06517794132,8.96,68.96
,e5eab5ed-269d-41e8-b33a-4a0e6d6eb1f2,26,RMBB,Sinter Return,J61C2,B,122,1000,SAR70,8,"1/14/2025
30-05-2025
25-11-2025
03-04-2026
12-09-2026","7.3
7.2
7.0
6.9
6.0","5.0
4.8
4.6
4.6
4.5","5.1
4.9
4.8
4.7
4.5","72
73
74
74
75","76
76
77
77
78","76
77
78
79
79",6,4.5,4.5,4.5,46277,4.5,44922,4.Non-Critical,9,23.08,45.83333333,0.3249566724,0.07749077491,45614.4,47825.57143,42461,0,NA,46457,36.83333333,0,96.78571429,0.2474658975,22.75333333,73.70571429
,3b8eb8b1-9aae-4ea2-ab7b-c74b8ad15b51,27,RMBB,Flux Route,FCBC1,B,45,1000,SAR70,8,"30-04-2025
13-03-2026
04-04-2026
30-09-2026","4.4
6.8
6.7
6","4.2
6.5
6.4
5.8","5.1
7.2
6.9
6.3","70

63","70

66","70

63",6,5.8,6.3,5.8,46295,5.8,46129,4.Non-Critical,6,12.73,5.6,0.5891594658,0.3975903614,46510.9,46694.90909,42461,0,NA,46385,-0.4,0,18.86363636,0.1915691044,-7.13,6.13E+00
,0cc6099d-bf26-4525-a5e6-10522ad6e7c5,28,RMBB,Flux Route,FCBC2,B,45,1000,SAR70,8,"24-12-2024
30-04-2025
31-07-2025
15-10-2025
28-01-2026
04-04-2026
19-06-2026
20-07-2026","0
7.6
7.5
7.3
7.2
6.6
5.1
5.0","0
6.0
5.2
4.8
4.6
4.6
4.5
4.4","0
6.4
6.4
5.8
5.7
5.6
5.5
5.1","68
70
73
74
75
75","64
69
69
73
77
78","65
70
70
74
74
75",5,4.4,5.1,4.4,46223,4.4,45652,4.Non-Critical,6,10.97,21.5,0.6836827712,0.1891418564,45981.1,46841.58333,42461,0,NA,46403,15.5,0,39.65277778,0.4945409148,10.53,28.68277778
,2ba44ae3-7858-46dd-8fb7-9d52106680e1,29,RMBB,Flux Route,RMBB-FCSBC1,B,53,1000,SAR70,8,"26-10-2024
30-04-2025
31-07-2025
04-04-2026
30-09-2026","4.54
4.9
3.2
7.6
7.3","4.68
4.0
3.2
7.2
7","6.4
5.7
5.6
7.4
7","70
70
70
73","65
70
70
75","65
70
70
78",7.3,7,7,7,46295,7,45946,4.Non-Critical,9,29.53,11.7,0.2539790044,0.08595988539,46831.9,48563.5,42461,0,NA,46475,2.7,0,87.25,0.168019119,-17.83,57.72
,66706944-3a2e-4793-b0ac-581c282366cc,30,RMBB,Flux Route,RMBB-FCSBC2,B,53,1000,SAR70,8,"4/30/2025
15-10-2025
28-01-2026
13-03-2026
04-04-2026","6.6
6.5
6.5
6.5
6.3","6
4.7
3.7
3.2
2.8","6.6
6.5
6.3
6.1
5.9","68
68

72
73","64
69

70
72","65
68

70
73",6.3,2.8,5.9,2.8,46116,2.8,46129,4.Non-Critical,9,23.83,5.6,0.3147293328,0.3147293328,46843.9,46843.9,42461,0,46486.45,NA,-3.4,0,23.83,0,-18.23,4.97E-14
,d1810ac3-118d-4287-a7f0-e04ec8031b0d,31,RMBB,Coke Route,CCBC1,B,52,1000,FR,8,"20-11-2024
21-01-2025
22-04-2025
24-07-2025
26-01-2026
07-07-2026
30-09-2026","5.6
5.55
4.2
4.1
4.0
3.0
2.7","5.3
5.1
5.0
4.9
4.9
3.5
3","4.8
4.4
4.0
3.7
3.7
3.2
2.9","69
76
76
76
77","71
70
74
75
76","69
75
75
75
76",2.7,3,2.9,2.7,46295,2.7,44637,3.Marginal,9,46.58,55.33333333,0.1610133104,0.0958986731,46034.4,46983.22642,42461,0,NA,46355,46.33333333,0,78.20754717,0.06511463733,8.753333333,31.62754717
,1b38963e-6bc1-4474-8aa6-6a2a3006496e,32,RMBB,Coke Route,CCBC4A,A,84,1000,FR,8,"18-11-2024
03-03-2025
22-04-2025
15-10-2025
15-04-2026
30-09-2026","4.4
4.1
5
3.5
3.4
2.9","4.5
4
5.2
4.8
3.3
2.5","5.3
4.9
5.3
3.4
3.2
2.6","72
76
77","73
77
78","73
77
77",2.9,2.5,2.6,2.5,46295,2.5,45287,3.Marginal,9,27.27,33.66666667,0.2750275028,0.1636904762,46105.1,46661.54545,42461,0,NA,46355,24.66666667,0,45.81818182,0.1113370266,6.396666667,18.54818182
,bc956e54-20ef-476f-851e-6eed290166e2,33,RMBB,Coke Route,CCBC5,B,37,1000,FR,8,"18-11-2024
21-01-2025
06-09-2025
10-03-2026
07-09-2026","4.3
4.05
3.8
3.6
2.6","5.0
4.9
4.8
4.7
4.6","5.9
5.7
5.6
5.5
5.4","75

76
76
76","75

76
76
77","74

76
77
78",2.6,4.6,5.4,2.6,46272,2.6,44201,3.Marginal,6,60.91,69.86666667,0.1231324906,0.07822308064,46028.3,47077.38889,42461,0,NA,46332,63.86666667,0,95.87962963,0.04490940992,8.956666667,34.96962963
,1496a176-0ed7-4419-b709-7e505f4d97ec,34,RMBB,Pile making (Coal),J51C1,B,808,1000,FR,8,"1/21/2025
30-07-2025
28-01-2026
24-07-2026","5.9
5.8
5.5
5.3","5.1
5.0
4.9
4.8","6
5.8
5.6
5.1","75
77
77
77","75
80
80
80","74
79
79
80",5.3,4.8,5.1,4.8,46227,4.8,44197,4.Non-Critical,18,61.04,70,0.122870249,0.04729064039,46028.2,48954.8125,42461,0,NA,46407,52,0,158.59375,0.07557960862,8.96,97.55375
,ba2b5dc9-ffc6-4b94-844d-01176751f5ad,35,RMBB,Coke Route,CBBC2,B,65,1000,FR,8,"18-11-2024
21-01-2025
22-04-2025
18-12-2025
15-06-2026
10-07-2026","7.7
7.6
7.5
7.4
7.0
6.9","7.6
7.6
7.4
7.3
6.9
6.4","7.7
7.4
7.2
7.1
7.1
6.9","65

70
74
75","66

70
75
76","65

74
75
76",6.9,6.4,6.9,6.4,46213,6.4,45364,4.Non-Critical,9,17.51,31.1,0.4283266705,0.05653710247,45889.3,49343.6875,42461,0,NA,46393,22.1,0,132.65625,0.371789568,13.59,115.14625
,aaaf4c79-fce3-4bb4-8270-6b2c7abd5437,36,RMBB,Sinter Return,J75HAC1,B,54,1000,BUCKET CON,8,0,0,0,0,0,0,0,0,0,0,0,0,0,45974,4.Non-Critical,24,2.66,10.76666667,2.819548872,2.819548872,46053.8,46053.8,42461,0,NA,NA,-13.23333333,0,2.66,0,8.106666667,9.68E-14
,8d0715c8-2dde-4ee2-9953-067b92fe7868,37,RMBB,Pile making,J59RSC1,B,18,1200,FR,8,"1/22/2025
07/12/2025
20-12-2025
17-03-2026
14-07-2026","5.0
4.8
4.7
4.6
4.4","4.9
4.7
4.5
4.3
4.0","4.98
4.7
4.5
4.3
4.3","70
71
72
73
74","72
74
74
75
76","73
73
73
74
75",4.4,4,4.3,4,46217,4,45553,4.Non-Critical,3,13.11,24.8,0.5720823799,0.1807228916,45946.3,46798,42461,0,NA,46397,21.8,0,41.5,0.3913594883,11.69,28.39
,64d72119-50d3-4d26-b80e-71e825db87e6,38,RMBB,Coke Route,CRSC1,B,31,1200,SAR70,8,"22-01-2025
10-06-2025
7/12/2025
20-12-2025
06-02-2026","3.57
3.5
3.5
3.4
3.2","3.47
3.3
3.1
2.8
2.5","3.3
3.2
3
3.0
3.0","80
80
81
80
80","79
82
82
82
83","81
81
82
83
83",3.2,2.5,3,2.5,46059,2.5,46147,4.Non-Critical,6,32.57,5,0.2302732576,0.2302732576,47124.1,47124.1,42461,0,46635.55,NA,-1,0,32.57,0,-27.57,0
,c1d88cdc-7177-44c2-8cb5-389e01250bd0,39,RMBB,Flux Route,J61RSC1,B,18,1200,SAR70,8,"7/12/2025
25-11-2025
06-02-2026
03-04-2026
20-07-2026
12-09-2026","7.6
7.9
7.9
7.7
6.5
6.0","5.9
7.6
7.5
7.4
6.7
5.8","7.6
7.7
7.7
7.6
6.2
6.2","73
72
75
76
75","69
72
74
75
76","73
71
74
75
75",6,5.8,6.2,5.8,46277,5.8,45945,4.Non-Critical,3,25.9,11.73333333,0.2895752896,0.1987951807,46722,47076.81818,42461,0,NA,46457,8.733333333,0,37.72727273,0.09078010885,-14.16666667,11.82727273
,bd17cf4e-f92c-4a82-aacc-6c18b3e31f4c,40,RMBB,Flux Route,FRSC1,B,31,1200,SAR70,8,"5/3/2025
7/12/2025
25-11-2025
31-12-2025
17-03-2026
03-04-2026
20-07-2026","6.9
6.7
6.6
6.6
6.5
6.4
3.5","4.7
4.5
4.4
4.3
3.7
3.6
3.5","3.9
3.8
3.7
3.7
3.5
3.4
3.3","70
72
72
73
74","69
71
72
72
73","70
70
71
72
73",3.5,3.5,3.3,3.3,46223,3.3,45404,4.Non-Critical,6,27.61,29.76666667,0.2716407099,0.1721611722,46232.3,46710.91489,42461,0,NA,46403,23.76666667,0,43.56382979,0.09947953773,2.156666667,15.95382979
,811fce86-065b-4ca7-9447-900a6c7c531f,41,RMBB,Flux Route,J30FC6,B,17,1200,SAR70,8,"31-07-2025
06-02-2026
04-04-2026","7.5
6.7
6.5","6.6
2.6
2.3","7.9
7.7
6.3","70
71
75","71
71
77","70
71
75",6.5,2.3,6.3,2.3,46116,2.3,46220,4.Non-Critical,3,18.36,2.566666667,0.408496732,0.408496732,46770.8,46770.8,42461,0,46495.4,NA,-0.4333333333,0,18.36,0,-15.79333333,9.59E-14
,f09d7b76-95c5-4eb3-9cf0-73e6c20e52ba,42,RMBB,Flux Route,J30FC7,B,17,1200,SAR70,8,"26-10-2024
20-12-2025
13-03-2026
20-07-2026","7.9
7.7
7.7
7.2","6.8
4.4
4.1
0","7.1
6.2
6.0
5.8","68
71
74
74","70
71
72
75","69
72
74
75",7.2,0,5.8,0,46223,0,46253,4.Non-Critical,3,8.84,1.466666667,0.8484162896,0.8484162896,46518.2,46518.2,42461,0,46385.6,NA,-1.533333333,0,8.84,0,-7.373333333,-9.77E-14
,339d4db8-43aa-414d-8de7-21a452420f26,43,RMBB,Flux Route,J30FC8,B,23,1200,FR,8,"1/21/2025
31-07-2025
20-12-2025
06-02-2026
10-03-2026
15-04-2026
17-06-2026
24-07-2026
07-09-2026","5.5
5.5
5.4
5.4
5.3
5.2
5.1
5.1
4.3","5.4
4.0
2.1
1.9
1.8
1.7
1.7
1.7
0.6","5.4
4.4
3.3
3.3
3.2
3.1
3.1
3.0
2.6","65
72
72
73
74
74
75","70
71
73
74
74
75
75","71
72
73
73
74
76
76",4.3,0.6,2.6,0.6,46272,0.6,45281,2.Semi-Critical,3,25.71,33.86666667,0.2917152859,0.2240161453,46052.3,46285.39189,42461,0,NA,46302,30.86666667,0,33.47972973,0.06769914057,8.156666667,7.76972973
,b2f4d24d-903c-439e-b1e1-3c3eb377ec71,44,RMBB,Flux Route,J30FC9,B,23,1200,FR,8,"21-01-2025
13-03-2026
07-09-2026","6.2
7.7
7.6","4.5
7.4
4.4","6.1
7.5
7.0","71
68
73","68
67
74","72
68
75",7.6,4.4,7,4.4,46272,4.4,45922,4.Non-Critical,3,12.19,12.5,0.6152584085,0.3085714286,46287.7,46651.16667,42461,0,NA,46362,9.5,0,24.30555556,0.30668698,0.31,12.11555556
,3a8773bc-7187-43e1-ab79-d5fe655de8a1,45,RMBB,Coke Route,RMBB-CBBC1,A,186,1200,FR,5,"21-01-2025
22-04-2025
7/24/2025
18-12-2025
26-01-2026
06-02-2026
10-03-2026
15-04-2026
17-06-2026
07-08-2026
30-09-2026","4.6
4.5
4.4
4.4
4.2
4.2
4.1
4.0
3.9
3.8","4.12
3.9
3.5
3.2
3.2
3.0
2.9
2.8
2.7
2.7","4.6
4.5
4.4
4.4
4.4
4.0
3.9
3.8
3.8
3.7","74
75
78
78
78
78","75
76
79
79
79
79","75
75
78
79
79
79",3.8,2.7,3.7,2.7,46295,2.7,45238,3.Marginal,18,23.29,35.3,0.1932159725,0.06527909177,45936.7,47306.04348,42461,0,NA,46355,17.3,0,68.93478261,0.1279368808,12.01,45.64478261
,3d382d19-caa5-4fe2-ad64-0d0ae8941c76,46,RMBB,Coke Route,CCBRC1,B,17,1200,FR,8,"20-11-2024
03-03-2025
24-07-2025
26-01-2026
15-04-2026
07-09-2026","3.2
2.8
2.5
2.5
2.4
2.4","5.1
4.7
4.1
2.9
2.8
2.7","4.4
4.1
3.5
3.1
2.8
2.7","66
72
73
74
75
76","64
71
74
75
75
77","68
71
74
74
76
77",2.4,2.7,2.7,2.4,46272,2.4,45018,3.Marginal,3,26.12,42.63333333,0.287136294,0.1339712919,45801.6,46697.46429,42461,0,NA,46332,39.63333333,0,55.98214286,0.1531650022,16.51333333,29.86214286
,aa0523b6-0e9b-4c77-9630-bff223d90836,47,RMBB,Coke Route,CCBRC2,B,17,1200,FR,8,"20-11-2024
03-03-2025
24-07-2025
26-01-2026
07-09-2026","5.3
5.1
5.1
5.0
4.4","5.2
5.2
5.1
5.0
4.9","5.1
5.0
4.9
4.9
4.7","70
71
72
72
75","70
71
72
73
76","70
70
72
72
77",4.4,4.9,4.7,4.4,46272,4.4,44637,4.Non-Critical,3,46.58,55.33333333,0.1610133104,0.06605504587,46034.4,48043.25,42461,0,NA,46452,52.33333333,0,113.5416667,0.09495826456,8.753333333,66.96166667
,906ad4b7-bd68-410a-b6fc-1986683f8443,48,RMBB,Coke Route,CCBRC3,B,25,1200,FR,8,"20-11-2024
03-03-2025
7/24/2025
18-12-2025
26-01-2026
07-09-2026","5.8
5.4
5.3
5.2
5.1
4.7","5.9
5.7
5.7
5.6
5.5
5.4","5.6
5.3
5.1
4.9
4.9
4.8","67
71
74
74
74","66
71
74
74
74","65
70
73
74
75",4.7,5.4,4.8,4.7,46272,4.7,44197,4.Non-Critical,3,61.04,70,0.122870249,0.04771084337,46028.2,48912.90909,42461,0,NA,46452,67,0,157.1969697,0.07515940564,8.96,96.1569697
,62f028bd-2cb6-4c01-abf0-c4b25dd530c7,49,RMBB,Coke Route,RMBB-CBBRSC1,B,38,1200,FR,8,"1/21/2025
7/24/2025
26-01-2026
06-03-2026","6.3
6
7.6
2.9","4.5
4.1
7.5
2.1","6.1
5.5
7.6
0","67
70
67
75","69
72
66
75","67
70
67
76",2.9,2.1,0,0,46087,0,46033,1.Critical,6,15.09,8.8,0.4970178926,4.444444444,46485.7,46083.625,42461,0,NA,Critical,2.8,0,1.6875,-3.947426552,-6.29,-13.4025
,40dcd7db-df2d-41c7-8b97-cd29faa8591d,50,RMBB,Coke Route,CCBRSC1,B,34,1200,FR,8,"1/21/2025
7/24/2025
18-12-2025
26-01-2026
07-08-2026
30-09-2026","5.44
4.9
7.8
7.6
5.2
4.9","4.2
3.8
7.7
7.5
5.3
5","5.6
5.2
7.8
7.6
5.4
5.1","65
66
67
75","65
66
67
74","66
67
67
76",4.9,5,5.1,4.9,46295,4.9,45907,4.Non-Critical,6,29.91,13,0.2507522568,0.2396907216,46804.3,46845.70968,42461,0,NA,46385,7,0,31.29032258,0.01106153512,-16.91,1.380322581
,58198570-193f-49ef-a822-f39c292157d1,51,RMBB,Flux Route,FCSBHAC1,B,85,1200,BUCKET CON,8, ,0,0,0,0,0,0,0,0,0,0,0,0,46224,4.Non-Critical,24,21.39,2.433333333,0.350631136,0.350631136,46865.7,46865.7,42461,0,46544.85,NA,-21.56666667,0,21.39,0,-18.95666667,-9.59E-14
,d9d16e04-bb9e-4a63-b263-bc5f39fd8c0b,52,RMBB,Flux Route,FCSBHAC2,B,110,1200,BUCKET CON,8,0,0,0,0,0,0,0,0,0,0,0,0,0,45432,4.Non-Critical,24,20.47,28.83333333,0.3663898388,0.3663898388,46046.1,46046.1,42461,0,45739.05,NA,4.833333333,0,20.47,0,8.363333333,-4.62E-14
,e58b9979-5c5f-48aa-9516-f160e3d5cb6e,53,RMBB,Flux Route,FCSBHAC3,B,80,1200,BUCKET CON,8,0,0,0,0,0,0,0,0,0,0,0,0,0,45404,4.Non-Critical,24,21.39,29.76666667,0.350631136,0.350631136,46045.7,46045.7,42461,0,45724.85,NA,5.766666667,0,21.39,0,8.376666667,-9.59E-14
,575e7ec9-5ef9-4533-a3f4-7e0faba5fa5f,54,RMBB,Flux Route,FCSBHAC4,B,44,1200,BUCKET CON,8,0,0,0,0,0,0,0,0,0,0,0,0,0,45432,4.Non-Critical,24,20.47,28.83333333,0.3663898388,0.3663898388,46046.1,46046.1,42461,0,45739.05,NA,4.833333333,0,20.47,0,8.363333333,-4.62E-14
,5c1308cb-5f0b-4c39-9c0a-21823b8e3da0,55,RMBB,Coke Route,CCBHAC1,B,114,1200,BUCKET CON,8,0,0,0,0,0,0,0,0,0,0,0,0,0,45794,4.Non-Critical,24,42.3,16.76666667,0.1773049645,0.1773049645,47063,47063,42461,0,46428.5,NA,-7.233333333,0,42.3,0,-25.53333333,0
,43f22626-d64d-4cb0-8c15-2c965e41316c,56,RMBB,Coke Route,CCBHAC2,B,57,1200,BUCKET CON,8,0,0,0,0,0,0,0,0,0,0,0,0,0,45903,4.Non-Critical,24,20.02,13.13333333,0.3746253746,0.3746253746,46503.6,46503.6,42461,0,46203.3,NA,-10.86666667,0,20.02,0,-6.886666667,-4.97E-14
,a20687b5-a61a-494f-9e07-f26a07ec2ac1,57,RMBB,Pile Making,J65C1,A,14,1400,SAR70,6,"7/11/2025
15-03-2026
31-08-2026","6.5
4.9
3.31","4.8
2.3
1.44","7.1
4.5
2.45","68
68
71","65
70
70","69
70
72",3.31,1.44,2.45,1.44,46265,1.44,46294,4.Non-Critical,1,3.53,0.1,1.558073654,1.558073654,46399.9,46399.9,42461,0,NA,NA,-0.9,0,3.53,0,-3.43,4.88E-14
,9eb56ac6-de43-4e09-8857-091a318e0afb,58,RMBB,Pile Making,J65C2,A,870,1400,STEELCORD,8,"5/15/2025
03-06-2025
07-08-2025
26-12-2025
01-04-2026","6.4
5
5
4.8
0","4.3
3.5
3.6
3.5
0","4.8
4.5
4.3
4.3
2.5","70
77","70
81","70
79",0,0,2.5,0,46113,0,45212,1.Critical,36,65.37,36.16666667,0.1147315282,0.2663706992,47173.1,46056.6875,42461,0,NA,Critical,0.1666666667,0,28.15625,-0.151639171,-29.20333333,-37.21375
,3d5c5d5a-d210-4d77-bf48-276527d24555,59,RMBB,Pile dispatch,J66C1,B,914,1400,STEELCORD,8,"5/15/2025
07-08-2025
24-09-2026","4
3.8
3.7","4.5
4.3
3.8","6.2
6.1
5.9",79,80,80,3.7,3.8,5.9,3.7,46289,3.7,44197,4.Non-Critical,36,61.04,70,0.122870249,0.06166347992,46028.2,47845.83721,42461,0,NA,46469,34,0,121.627907,0.06120676909,8.96,60.58790698
,acdec12c-5dc7-4dd5-87d7-ddf0cdfe3404,60,RMBB,Pile dispatch,J67C1,A,914,1400,STEELCORD,8,"10-12-2024
12-05-2025
07-08-2025","3.7
3.0
2.5","2
1.7
1.4","5.8
5.2
3.6",0,0,0,2.5,1.4,3.6,1.4,45876,1.4,43850,2.Semi-Critical,36,72.44,81.56666667,0.1035339591,0.09772951629,46023.2,46152.27273,42461,0,NA,45906,45.56666667,0,76.74242424,0.00580444285,9.126666667,4.302424242
,87b1a4ef-dde3-4d28-9a77-5304513ca916,61,RMBB,Pile Making,J63C1,A,273,1400,SAR70,5,"6/21/2025
07-08-2025
9/11/2025
08-12-2025
15-03-2026
23-03-2026
08-07-2026
31-08-2026","7.6
7.3
7.1
6.9
4.7
4.6
4.4
2.89","6.4
6.3
6.1
5.2
4.7
4.4
4.3
2.59","7.6
7.4
7.3
7.2
4.8
4.4
4.4
2.75","71
72


70
70
71","72
72


69
70
70","72
73


70
70
71",2.89,2.59,2.75,2.59,46265,2.59,46015,3.Marginal,18,12.75,9.4,0.3529411765,0.2892,46397.5,46481.80498,42461,0,NA,46325,-8.6,0,15.56016598,0.06374117647,-3.35,2.810165975
,84b5e489-5d7b-411b-90bc-ae6a887f736c,62,RMBB,Pile Making,J64C1,B,247,1400,SAR70,6,"16-08-2024
26-11-2024
21-02-2025
15-05-2025
11-07-2025
07-08-2025
21-02-2026
15-03-2026
23-04-2026
08-07-2026","5.5
1.2
1.1
1.0
0
0
3.9
3.7
3.7
2.1","5.1
1.7
1.6
1.4
1
0.2
3.5
3.4
3.4
3.1","5.3
3.8
3.7
3.2
2.5
0
4.7
4.6
4.5
4.0","64
73
77
78
79

70
72
75","

67
68
76
76
80

72
72
73","69
73
76
78
79

71
72
73",2.1,3.1,4,2.1,46211,3.1,46265,4.Non-Critical,18,15.05,1.066666667,0.365448505,0.365448505,46716.5,46716.5,42461,0,46490.75,NA,-16.93333333,0,15.05,0,-13.98333333,0
,7b76671d-6f5d-47e5-9a64-a01ed42476b1,63,RMBB,Pile dispatch,J68C1,B,416,1400,SAR70,8,"16-10-2025
10-06-2026","7.4
6.0","6.3
6.3","5.2
4.7","64
65","66
67","66
66",6,6.3,4.7,4.7,46183,4.7,45679,4.Non-Critical,18,21.37,20.6,0.3509592887,0.1964285714,46320.1,46824.45455,42461,0,NA,46363,2.6,0,38.18181818,0.1545307173,-0.77,16.81181818
,81ceb11c-98ff-441e-9181-3a454999f5a9,64,RMBB,Pile dispatch,J68C2,B,411,1400,SAR70,8,"5/1/2025
16-10-2025
15-04-2026","4.6
4.5
4.4","4.5
4.4
4.3","5.4
5.3
5","84
85","80
81","81
82",4.4,4.3,5,4.3,46127,4.3,44348,4.Non-Critical,18,56.08,64.96666667,0.1337375178,0.06239460371,46030.4,47954.08108,42461,0,NA,46307,46.96666667,0,120.2027027,0.07134291412,8.886666667,64.1227027
,92636256-c750-4cb6-83e1-00d6c7906b58,65,RMBB,Pile dispatch,J69AC1,B,833,1400,SAR70,8,"13-07-2024
03-09-2024
24-04-2025
10-06-2025
31-07-2025","7
6.8
4.2
0
0","6.4
5.4
4.3
4
0","7.2
6.7
3.9
3.6
0","70
74
76
78","75
73
77
78","74
72
76
79",0,0,0,0,45869,0,46135,4.Non-Critical,18,42.46,5.4,0.1766368347,0.1766368347,47408.8,47408.8,42461,0,46771.9,NA,-12.6,0,42.46,0,-37.06,9.95E-14
,eab1e59d-4439-4668-bcf8-0cb0e8ec5646,66,RMBB,Pile dispatch,J69AC2,B,788,1400,SAR70,8,"9/3/2024
30-05-2025
03-12-2025
24-07-2026","7.3
7.2
6.0
5.9","7.1
7.1
6.5
6.0","7.3
7.2
6.3
6.1","73
78
78
78","72
76
77
77","74
77
78
78",5.9,6,6.1,5.9,46227,5.9,44698,4.Non-Critical,18,44.58,53.3,0.1682368775,0.04120340092,46035.4,50158.71429,42461,0,NA,46407,35.3,0,182.0238095,0.1270334766,8.72,137.4438095
,ed467982-ebdb-4279-a22b-b735fb53ee70,67,RMBB,Pile dispatch,J69C1,B,271,1400,SAR70,8,"13-07-2024
24-04-2025
10-06-2025
31-07-2025
24-04-2026","6
3.4
3.4
0
7.5","3.9
1.9
1.8
0
7.4","5.8
3.3
0
0
7.7","70
74
75

","71
71
72","72
73
73",7.5,7.4,7.7,7.4,46136,7.4,45915,4.Non-Critical,18,13.73,12.73333333,0.5462490896,0.0814479638,46326.9,48677.5,42461,0,NA,46316,-5.266666667,0,92.08333333,0.4648011258,-0.9966666667,78.35333333
,61bac870-a5fa-4aa4-aaf0-39c3752be72a,68,RMBB,Pile dispatch,J69C2,B,268,1400,SAR70,8,"9/14/2024
30-05-2025
03-12-2025
24-07-2026","5.2
7.9
6.8
6.0","2.1
7.8
6.1
5.9","5.5
7.9
5.8
5.8","82
67
69
70","73
68
70
72","84
70
70
71",6,5.9,5.8,5.8,46227,5.8,45691,4.Non-Critical,18,39.54,20.2,0.1896813354,0.1231343284,46877.2,47518.27273,42461,0,NA,46407,2.2,0,60.90909091,0.066547007,-19.34,21.36909091
,057e5193-2238-4501-b0a3-4cccf051967e,69,RMBB,Pile dispatch,JHAC1,A,295,1400,SAR70,8,"06-09-2024
03-12-2024
14-03-2025
24-04-2025
21-07-2025
15-10-2025
19-11-2025
24-01-2026
14-04-2026
10-06-2026
10-09-2026","2.38
5
5.2
4.6
4.3
4.3
4
3.8
3.6
7.6
7.3","1.86
4.9
4.4
4.1
4.1
3.8
3.6
3.5
3.4
7.6
7.1","1.07
4.7
4.7
4.5
4.5
2.6
2.4
2.2
2.1
7.5
6.7","72
66
68
69
71
72
63
70","72
67
69
70
70
74
64
70","72
66
69
70
73
74
64
69",7.3,7.1,6.7,6.7,46275,6.7,46135,4.Non-Critical,18,13.3,5.4,0.5639097744,0.2785714286,46534,46942.69231,42461,0,NA,46365,-12.6,0,26.92307692,0.2853383459,-7.9,13.62307692
,da55dd8e-35ea-4fb4-be38-27c0c0805de7,70,RMBB,Pile Making,TBS BOOM1,A,70,1400,SAR70,8,"19-11-2024
15-05-2025
30-05-2025
07-08-2025
24-12-2025
23-04-2026
20-07-2026","3.9
2.9
2.4
4.8
1.6
7.4
6.1","3.6
2.5
0
4.3
0.6
6.8
5.2","3.8
3.1
1.9
4.8
1.7
7.5
6.1","72


70
70","73


68
71","72


68
70",6.1,5.2,6.1,5.2,46223,5.2,46030,4.Non-Critical,9,11.3,8.9,0.6637168142,0.4352331606,46369,46546.96429,42461,0,NA,46313,-0.1,0,17.23214286,0.2284836535,-2.4,5.932142857
,0ce27030-8b4d-44d3-a715-cca0ff9cdcb7,71,RMBB,Pile Making,TBS BOOM2,A,70,1400,SAR70,8,"15-05-2025
03-06-2025
07-08-2025
23-04-2026
20-07-2026","3.4
3.1
3.8
4.0
4.0","3.1
2.4
0
3.1
2.4","4.1
2
3
4.2
4.0","70
73

69
70","69
71

69
71","68
72

68
71",4,2.4,4,2.4,46223,2.4,46242,4.Non-Critical,9,24.87,1.833333333,0.3015681544,0.3015681544,46988.1,46988.1,42461,0,46615.05,NA,-7.166666667,0,24.87,0,-23.03666667,-4.97E-14
,b045e224-139c-4542-8495-9d58c0fe3b27,72,RMBB,Pile Dispatch,BARREL BRIDGE,A,80,1400,SAR70,6,"06-03-2025
03-09-2025
23-04-2026
24-08-2026","0
3.5
4.5
3.62","0
2.5
4.2
3.25","0
3.4
4.7
3.82","70
75
65
68","71
76
65
66","72
77
65
66",3.62,3.25,3.82,3.25,46258,3.25,46285,4.Non-Critical,9,12.8,0.4,0.4296875,0.4296875,46669,46669,42461,0,46477,NA,-8.6,0,12.8,0,-12.4,0
,fba80606-961c-4849-a34f-486afdf84415,73,RMBB,Pile Making,IORSC1,A,59,1600,SAR70,8,"7/28/2025
9/11/2025
10/2/25
11/15/2025
25-12-2025
21-02-2026
15-03-2026
25-04-2026
11-06-2026
31-08-2026","6
5.6
5.2
3.8
2.2
7.5
7.4
5
7.0
3.52","5.7
5.4
4.3
3.0
2.3
5.8
4.9
1.4
7.6
4.57","5.8
5.6
4.3
3.4
2.4
6.5
6.3
4.9
7.4
4.74","69
71


66
67","69
70


64
65","70
71


66
68",3.52,4.57,4.74,3.52,46265,3.52,46294,4.Non-Critical,9,3,0.1,2.5,2.5,46384,46384,42461,0,NA,NA,-8.9,0,3,0,-2.9,0
,eb2919ae-0186-4c7c-b435-f46c27d8b117,74,RMBB,Pile dispatch,JHARC1,A,20,1600,SAR70,8,"21-07-2025
31-07-2025
03-09-2025
11/19/2025
25-12-2025
14-04-2026
10-06-2026
27-07-2026
12-08-2026
31-08-2026
19-09-2026","6.7
5.1
0
6.4
5.8
6.6
6.4
5.0
4.10
3.9
3.46","6.2
5.4
5.4
6.4
5.2
6.5
6.4
4.5
4.5
4.25
3.50","6.5
5.5
0
6.4
5.6
6.7
6.4
4.7
4.2
3.79
2.40","67
69

69
69
70
71
71
72
72
72","70
70

65
65
66
66
67
68
68
70","69
69

67
69
70
71
71
71
72
74",3.46,3.5,2.4,2.4,46284,2.4,46294,4.Non-Critical,3,3.06,0.1,2.450980392,2.450980392,46385.8,46385.8,42461,0,NA,NA,-2.9,0,3.06,0,-2.96,9.68E-14
,7c752b85-b268-40e2-af24-066c03a8d0c0,75,BF#1,Stock House,BF1-C1,A+ (Sup.Critical),475,1600,SAR70,8,"18-02-2022
20-05-2022
07-06-2023
15-10-2023
05-03-2024
19-10-2024 
11-02-2025
21-03-2025
7/17/2025
07-11-2025
12-02-2026
18-08-2026","5.0
4.85
4.92
3.96
4.40
7.1
6.9
5.7
5.5
5.4
5.4
5.35","4.85
4.75
4.15
4.45
4.30
6.8
6.5
6.4
6.1
5.9
5.8
5.22","5.0
5.18
4.87
4.15
4.70
6.7
6.6
5.6
5.4
5.2
5.2
5.08","69
67
68
69
70
70
72
73
74
75","68
62
71
71
71
70
72
73
74
75","69
69
69
70
72
69
71
73
75
76",5.35,5.22,5.08,5.08,46252,5.08,45512,4.Non-Critical,18,30.44,26.16666667,0.2463863338,0.1183783784,46425.2,47412.68493,42461,0,NA,46432,8.166666667,0,63.35616438,0.1280079554,-4.273333333,32.91616438
,8b5c5e17-a66f-40b1-9c1b-2a5c70d1b4b4,76,BF#1,Stock House,BF1-C2,A+ (Sup.Critical),480,1600,SAR70,5,"20-05-2022
15-10-2023
05-03-2024
06-06-2024
08-08-2024
19-10-2024
11-02-2025
21-03-2025
17-06-2025
7/17/2025
07-11-2025
12-02-2026
18-08-2026
03-09-2026","5.52
4.85
4.60
4.90
4.10
4.3
4.4
3.7
3.5
3.5
3.3
3.1
2.99
2.78","5.12
4.66
4.40
4.00
4.15
4.10
4.5
3.6
3.4
3.3
3.3
3.3
3.21
2.91","5.50
4.70
4.80
4.20
4.30
4.30
4.6
3.6
3.3
3.3
3.29
3.25
3.15
2.95","67
68
72
74
71
72
74
75
75
75
75
76
76","69
69
70
72
72
72
73
74
76
77
77
77
78","66
71
69
71
72
71
73
73
74
75
77
78
78",2.78,2.91,2.95,2.78,46268,2.78,44986,3.Marginal,18,34.31,43.7,0.1311570971,0.051950078,46015.3,47584.64865,42461,0,NA,46328,25.7,0,86.62162162,0.07920701905,9.39,52.31162162
,e677b168-b391-487f-9270-5649461611a2,77,BF#1,Stock House,BF1-C3,A+ (Sup.Critical),750,1600,STEELCORD,6,"06-06-2024
19-10-2024
7/17/2025
12-02-2026
12-06-2026
18-08-2026","5.8
5.3
5.2
5.1
5
4.1","4.9
4.4
4.2
4.1
4.1
3.2","4.1
4.2
4.1
4
4.0
3.9","74
72
75","72
73
79","71
73
76",4.1,3.2,3.9,3.2,46252,3.2,44707,4.Non-Critical,36,44.28,53,0.1242095754,0.05436893204,46035.4,47741.82143,42461,0,NA,46432,17,0,101.1607143,0.06984064339,8.72,56.88071429
,9079e303-a593-4395-a64c-4b88f7163385,78,BF#1,Stock House,BF1-RSC1,A+ (Sup.Critical),90,1200,SAR70,6,"18-02-2022
15-10-2023
19-10-2024
09-01-2025
17-06-2025
17-07-2025
12-02-2026
09-05-2026
18-08-2026","5.23
4.84
4.70
4.0
2.4
1.5
5.2
5.0
4.96","4.2
3.05
3.1
3.2
1.3
0.8
3.8
2.6
0.67","5.3
4.43
4.1
3.8
1.4
0.9
5.3
4.9
4.58","68
69
70
73
75
65
69
69","67
68
69
72
74
62
69
70","67
70
72
72
74
64
69
70",4.96,0.67,4.58,0.67,46252,0.67,46268,4.Non-Critical,9,15.42,0.9666666667,0.3566796368,0.3566796368,46730.6,46730.6,42461,0,46499.3,NA,-8.033333333,0,15.42,0,-14.45333333,-4.80E-14
,0c0ee744-5f69-48df-8b54-794f6e69c5d7,79,BF#1,Slag Route,BF1-S0,A+ (Sup.Critical),173,1200,HRT2,8,"7/17/2025
12-03-2026
26-04-2026",0,"7.2
6.4
5.4",0,0,0,0,0,5.4,0,5.4,46138,5.4,46175,4.Non-Critical,18,8.85,4.066666667,0.8474576271,0.8474576271,46440.5,46440.5,42461,0,46307.75,NA,-13.93333333,0,8.85,0,-4.783333333,0
,d9fcec1c-8014-4132-ba9a-f84ee6c829c4,80,BF#1,Slag Route,BF1-S1,B,122,1200,SAR70,6,"26-04-2023
16-04-2024
19-09-2024
04-11-2024
26-12-2024
17-07-2025
03-02-2026
26-04-2026",0,"3.5
3.9
5.9
5.2
4.8
3.5
2.30
1.7",0,"63
66
","66
68
","66
65
",0,1.7,0,1.7,46138,1.7,46175,4.Non-Critical,9,11.13,4.066666667,0.4941599281,0.4941599281,46508.9,46508.9,42461,0,46341.95,NA,-4.933333333,0,11.13,0,-7.063333333,4.80E-14
,be3e35ff-c3c0-410d-9b20-d3bbea785232,81,BF#1,Slag Route,BF1-S2,B,322,1200,SAR70,6,"23-03-2022
03-05-2022
26-04-2023
16-04-2024
21-05-2024
19-09-2024
04-11-2024
26-12-2024
10-03-2025
17-07-2025
03-02-2026
26-04-2026
05-08-2026
03-09-2026","5.2
5.30


4.1
","5.1
5.0
5.8
4.5
3.7
4.88
4.7
4.4
4.2
3.3
3.0
2.4
2.0
1.5","5.5
5.21


3.1
","63
59
64
66
74
","64
62
63
66
75
","63
60
64
67
74
",0,1.5,0,1.5,46268,1.5,44898,2.Semi-Critical,18,24.43,46.63333333,0.2251330332,0.09854014599,45630.9,46572.44444,42461,0,NA,46298,28.63333333,0,55.81481481,0.1265928872,22.20333333,31.38481481
,9f2cf976-0913-49a4-80e5-ac90b02335f7,82,BF#1,Slag Route,BF1-S3,B,62,1200,SAR70,6,"23-03-2022
03-05-2022
26-04-2023
16-04-2024
19-09-2024
04-11-2024
26-12-2024
17-07-2025
10/24/2025
03-02-2026
26-04-2026
05-08-2026","3.3
3.5
","3.1
2.7
1.00
3.8
5.11
4.9
3.8
2.2
0
5
4.4
4.0","4
3.65
","63
61
64
67
","66
61
64
66
","65
62
63
68
",0,4,0,4,46239,4,45967,4.Non-Critical,9,12.45,11,0.4417670683,0.2205882353,46340.5,46715,42461,0,NA,46329,2,0,24.93333333,0.221178833,-1.45,12.48333333
,73ecc33b-51d6-46d9-8d81-0831047e801d,83,BF#1,Slag Route,BF1-S4,B,40,1200,SAR70,8,"7/17/2025
10/24/2025
03-02-2026
26-04-2026",0,"3.5
0
5.4
5.2",0,0,0,0,0,5.2,0,5.2,46138,5.2,46213,4.Non-Critical,6,8.77,2.8,0.8551881414,0.8551881414,46476.1,46476.1,42461,0,46344.55,NA,-3.2,0,8.77,0,-5.97,-4.80E-14
,a24dbf3b-ac14-4e55-bbfd-592f86b6c1cf,84,BF#1,Stock House,FCC1,A,162,800,SAR70,5,"15-10-2023
05-03-2024
06-06-2024
19-10-2024
18-03-2025
7/17/2025
12-02-2026
18-08-2026
03-09-2026","4.42
4.90
3.60
3.50
3.4
3.2
2.8
2.6
2.56","4.50
4.70
4.10
4.0
3.7
3.6
3.5
3.3
3.25","4.33
4.70
4.00
3.90
3.6
3.5
3.5
3.4
3.30","70
68
69
72
74
74
75
75","71
67
70
71
74
75
75
75","68
66
69
69
75
75
75
75",2.56,3.25,3.3,2.56,46268,2.56,45090,3.Marginal,18,34.67,40.23333333,0.129795212,0.06213921902,46130.1,47262.54098,42461,0,NA,46328,22.23333333,0,72.41803279,0.06765599298,5.563333333,37.74803279
,5f8eae8e-9de9-46d3-ab7e-9dfb9005d5e8,85,BF#1,Stock House,FCC2,A,165,800,SAR70,5,"18-02-2022
20-05-2022
06-06-2024
19-10-2024
18-03-2025
17-06-2025
7/17/2025
11-08-2025
17-10-2025
12-02-2026
09-05-2026
18-08-2026
03-09-2026","4.46
4.48
3.70
3.60
3.1
2.7
2.3
2.3
2.1
1.8
1.77
1.64
1.46","4.35
4.63
3.00
3.00
2.8
2.6
2.1
2.1
2.0
2.0
1.9
1.88
1.47","4.25
4.43
3.40
3.30
3.2
3.0
2.9
2.7
2.6
2.5
2.5
2.48
1.73","73
71
73
72
77
77

78
78
78
78
78","74
65
75
73
75
77

78
79
79
79
79","73
69
73
70
77
78

79
79
79
79
79",1.46,1.47,1.73,1.46,46268,1.46,44197,2.Semi-Critical,18,61.04,70,0.07372214941,0.05127957508,46028.2,46829.62712,42461,0,NA,46298,52,0,87.75423729,0.02244257433,8.96,26.71423729
,ca46a977-dc16-4c39-bfbb-af44c434b76a,86,BF#1,Stock House,FCC3,A,140,800,SAR70,8,"18-02-2022
20-05-2022
05-03-2024
08-08-2024
18-03-2025
11-08-2025
12-02-2026
09-05-2026","4.48
4.71
5.50
4.10
4
4.0
3.7
3.5","3.9
4.22
5.20
5.00
4.7
4.5
4.2
4.0","4.23
4.50
5.30
4.20
4.1
4.0
3.8
3.5","71
70
64
67
70
71
71","72
74
66
69
70
71
72","71
73
65
69
70
72
72",3.5,4,3.5,3.5,46151,3.5,44708,4.Non-Critical,9,44.25,52.96666667,0.1694915254,0.09355509356,46035.5,47113,42461,0,NA,46331,43.96666667,0,80.16666667,0.07593643187,8.716666667,35.91666667
,a706a261-a9e7-43f4-853c-8d93513e0426,87,BF#1,Stock House,FOC1,A,162,800,SAR70,5,"05-03-2024
06-06-2024
19-10-2024
18-03-2025
7/17/2025
12-02-2026
18-08-2026
03-09-2026","4.4
4.5
4.4
3.8
3.7
3.2
2.60
2.57","4.3
4.4
4.3
3.8
3.6
3.1
2.65
2.65","4.6
4.3
4.3
3.6
3.4
2.9
2.43
2.34","66
72
72
73
74
75
75","66
73
74
75
76
76
76","67
72
73
75
76
76
76",2.57,2.65,2.34,2.34,46268,2.34,45299,3.Marginal,18,34.69,33.26666667,0.1297203805,0.08235294118,46339.7,46938.28571,42461,0,NA,46328,15.26666667,0,54.64285714,0.04736743934,-1.423333333,19.95285714
,02c41b5b-d44d-45ca-b72d-6a24ac00b998,88,BF#1,Stock House,FOC2,A,165,800,SAR70,5,"05-03-2024
06-06-2024
19-10-2024
18-03-2025
7/17/2025
12-02-2026
09-05-2026
18-08-2026
03-09-2026","4.5
4.0
3.9
3.4
3.2
1.6
1.49
1.45
1.37","4.2
4.2
3.70
3.5
3.1
2
1.8
1.49
1.31","4.3
4.1
3.90
3.6
2.6
2.2
1.9
1.70
0.93","68
70
74
73
73
74
74
75
75","69
73
75
76
74
75
76
76
76","66
71
75
75
75
75
76
76
76",1.37,1.31,0.93,0.93,46268,0.93,45089,2.Semi-Critical,18,34.71,40.26666667,0.1296456353,0.103562341,46130.3,46392.56265,42461,0,NA,46298,22.26666667,0,43.45208845,0.0260832943,5.556666667,8.742088452
,33feed25-7a8f-405a-adb5-301022c8f1b5,89,BF#1,Stock House,FOC3,A,142,800,SAR70,5,"18-02-2022
20-05-2022
05-03-2024
06-06-2024
18-03-2025
7/17/2025
04-08-2025
8/11/2025
10/17/2025
12-2-2026
23-03-2026","4.76
4.90
3.70
3.50
3.3
3.3
3
2.7
2.7
2.3
2.1","4.65
4.71
3.00
2.30
2.1
1.5
1.4
1.3
1
0.5
0.5","4.57
4.80
3.39
3.35
3.20
3
2.5
2.5
2.4
2
1.9","69
71
72
72
74
74
74

77
","68
66
75
74
76
76
77

79
","68
67
73
73
76
76
77

78
",2.1,0.5,1.9,0.5,46104,0.5,46175,4.Non-Critical,9,61.04,4.066666667,0.07372214941,0.07372214941,48006.2,48006.2,42461,0,47090.6,NA,-4.933333333,0,61.04,0,-56.97333333,-9.95E-14
,638a65ce-c40d-4049-87f6-b6cf1390cf01,90,BF#1,Filter press,FPC1,B,40,1000,SAR70,5,"2/29/2024
11-08-2025
23-12-2025
16-02-2026
26-08-2026","3.4
3.3
3.3
3.2
3.11","2.1
2.0
3.4
3.29
3.23","2.06
1.9
3.2
3.23
3.01","71
73
73
74","70
71
72
73","71
72
73
75",3.11,3.23,3.01,3.01,46260,3.01,44224,4.Non-Critical,6,60.15,69.1,0.07481296758,0.02932220039,46028.5,48828.0201,42461,0,NA,46440,63.1,0,153.4673367,0.04549076719,8.95,93.31733668
,811cff05-1773-4602-8497-43c010e0d004,91,BF#1,Filter press,FPC2,B,40,1000,SAR70,5,"2/29/2024
11-08-2025
23-12-2025
16-02-2026
26-08-2026","2.9
2.3
2.1
2.0
1.5","3.8
3.6
3.6
3.5
3.43","3.0
2.2
2.0
1.7
0.31","76
77
78","73
74
75","75
76
78",1.5,3.43,0.31,0.31,46260,0.31,44224,1.Critical,6,60.15,69.1,0.07481296758,0.06910609037,46028.5,46177.51812,42461,0,NA,Critical,63.1,0,65.11727079,0.005706877208,8.95,4.967270789
,060fea28-59c0-46aa-b271-86cb87dc875f,92,BF#1,Stock House,FSC1,A,125,800,SAR70,5,"15-10-2023
05-03-2024
06-06-2024
19-10-2024
18-03-2025
7/17/2025
12-02-2026
18-08-2026","4.84
4.80
4.30
4.20
3.8
3.7
3.2
2.22","4.68
4.50
4.20
4.00
3.6
3.4
3.1
2.35","4.70
4.90
4.80
4.30
3.5
3.4
2.8
0.48","
69
67
72
73
73
75
75","
70
70
71
70
73
73
75","
69
69
72
71
74
75
75",2.22,2.35,0.48,0.48,46252,0.48,45089,1.Critical,9,34.81,40.26666667,0.1292731974,0.1165950129,46133.3,46246.85398,42461,0,NA,Critical,31.26666667,0,38.59513274,0.01267818446,5.456666667,3.785132743
,5ac90c69-c537-48a5-aa7b-f8f5ac65f7c4,93,BF#1,Stock House,FSC2,A,172,800,SAR70,5,"18-02-2022
20-05-2022
05-03-2024
06-06-2024
19-10-2024
18-03-2025
7/17/2025
12-02-2026
09-05-2026
18-08-2026","3.37
3.10
5
4.2
4.1
3.2
2.9
2.7
2.4
2.35","3.1 
2.90
4.9
3.9
3.7
3.5
3.1
3.0
2.9
2.29","2.73
3.70
5
4.1
3.9
3.6
2.6
1.5
1.1
0","76
71
66
73
74
72
74
76
77
77","76
78
71
75
76
76
77
78
79
79","75
72
68
74
75
76
78
78
79
79",2.35,2.29,0,0,46252,0,46268,4.Non-Critical,18,32.77,0.9666666667,0.1373207202,0.1373207202,47251.1,47251.1,42461,0,46759.55,NA,-17.03333333,0,32.77,0,-31.80333333,0
,08c4d1c2-205e-4aa0-abfe-8b7dfff6ffde,94,BF#1,Stock House,FSC3,A,132,800,SAR70,5,"18-02-2022
20-05-2022
05-03-2024
06-06-2024
18-03-2025
7/17/2025
12-02-2026
09-05-2026
18-08-2026
03-09-2026","4.17
3.10
2.4
3.7
3.6
3.5
2.9
2.7
2.57
2.07","3.75
0.43
2.2
1
3.8
3.6
2.8
2.5
2.5
2.47","4.29
3.50
2.5
3.5
3.8
3.6
2.5
2.5
2.43
1.29","72
72
71
73
70
71
72
72
74","74
76
72
74
71
73
73
74
74","73
74
73
70
69
71
72
73
74",2.07,2.47,1.29,1.29,46268,1.29,45512,2.Semi-Critical,9,22.14,26.16666667,0.2032520325,0.1472222222,46176.2,46428.98113,42461,0,NA,46298,17.16666667,0,30.56603774,0.0560298103,4.026666667,8.426037736
,a42d2986-73bc-4ffe-a076-13555d4e08c4,95,BF#1,Stock House,RFTH1C1,A,70,650,SAR70,5,"11-08-2025
12-02-2026
09-05-2026
18-08-2026","4.8
3.7
3.6
3.2","4.8
3.4
1.8
1.29","4.9
3.7
3.5
063","68
69
74","68
69
75","68
68
73",3.2,1.29,0.63,0.63,46252,0.63,46268,4.Non-Critical,9,22.62,0.9666666667,0.198938992,0.198938992,46946.6,46946.6,42461,0,46607.3,NA,-8.033333333,0,22.62,0,-21.65333333,-4.97E-14
,29f73773-e83d-46ff-86a4-6a8eb3a3512b,96,BF#1,Stock House,RFTH2C1,A,200,650,SAR70,8,"05-03-2024
07-06-2024
31-07-2024
19-10-2024
22-12-2024
18-03-2025
17-06-2025
7/17/2025
11-08-2025
10/17/2025
12-02-2026
23-03-2026
09-05-2026
18-08-2026
03-09-2026","3.5
4.2
3.3
3.2
3.9
2.9
2.3
2.3
2.2
2.0
1.8
1.7
1.6
1.55
1.53","4.0
4.0
3.0
2.90
3.3
3
2.9
2.8
2.7
2.5
2.4
2.4
2.3
2.2
2.08","4.1
4.1
3.1
3.0
3.9
3.3
3.0
2.9
2.8
2.7
2.7
2.6
2.6
2.6
2.32","70
70
71
72
72
73
73
73

74
74
75
75","69
69
70
70
71
71
72
72

75
75
75
76","69
70
70
70
71
72
72
72

73
74
74
74",1.53,2.08,2.32,1.53,46268,1.53,44197,3.Marginal,18,61.04,70,0.122870249,0.09372283921,46028.2,46597.69552,42461,0,NA,46298,52,0,80.02318393,0.02914740981,8.96,18.98318393
,e110b945-6bb0-4832-8234-6a7d21cfdaa5,97,BF#1,Stock House,RFTH3C1,A,70,650,SAR70,5,"05-03-2024
07-06-2024
31-07-2024
19-10-2024
18-03-2025
17-06-2025
17-07-2025
12.02-2026
23-03-2026
09-05-2026","2.0
1.5
1.0
4.79
2.6
2.3
1.8
0
0
0","2.5
1.8
0.8
4.84
3.4
3.1
3
1.8
0.6
0.3","2.9
0.7
0.9
4.6
2.3
2.1
2
0.2
0.2
0","70
70
75
68
70
72
75","71
71
75
70
73
74
74","71
74
76
69
71
73
75",0,0.3,0,0,46151,0,46175,4.Non-Critical,9,25.74,4.066666667,0.1748251748,0.1748251748,46947.2,46947.2,42461,0,46561.1,NA,-4.933333333,0,25.74,0,-21.67333333,-9.59E-14
,921758be-b014-4ddd-8b62-c1247d0d3f10,98,BF#2,Slag Route,SCA2,B,245,1000,HRT3,6,"04-07-2022
20-11-2024
08-03-2025
26-08-2025
10-12-2025
08-08-2026","
3.21
4.3","2.6
4.9
4.1
4.0
5.9
5.5","
3.35
4.2","
60
70","
63
72","
61
71",0,5.5,0,5.5,46242,5.5,45945,4.Non-Critical,18,18.06,11.73333333,0.3045404208,0.05050505051,46486.8,49212,42461,0,NA,46422,-6.266666667,0,108.9,0.2540353703,-6.326666667,90.84
,741b66f9-b016-4745-a1f8-1a330860a04d,99,BF#2,Slag Route,SCA3,B,36,1200,HRT3,6,"29-09-2025
10-12-2025
26-04-2026
10-09-2026",0,"4.6
4.0
3.8
5.5",0,0,0,0,0,5.5,0,5.5,46275,5.5,46232,4.Non-Critical,6,6.17,2.166666667,0.8914100486,0.3488372093,46417.1,46705,42461,0,NA,46365,-3.833333333,0,15.76666667,0.5425728393,-4.003333333,9.596666667
,7b0b3dd5-8579-4cae-8ee8-6870ec70bc55,100,BF#2,Slag Route,SCB3,B,36,1200,HRT3,6,"29-09-2025
10-12-2025
12-03-2026
26-04-2026",0,"6
5.5
5.9
5.5",0,0,0,0,0,5.5,0,5.5,46138,5.5,46031,4.Non-Critical,6,2.27,8.866666667,2.422907489,0.1401869159,46099.1,47208,42461,0,NA,NA,2.866666667,0,39.23333333,2.282720573,6.596666667,36.96333333
,cf1a1699-ab5e-4fc2-ae32-ee0b40f1d64c,101,BF#2,Stock house,SFC1,A,63,800,SAR70,6,"12-01-2023
03-09-2024
17-03-2025
23-07-2025
03-12-2025
05-08-2026
10-09-2026","4.06
4.1
3.7
3.6
2.7
2.5
2.5","3.03
4.4
4.3
4.2
4.2
4.1
3.8","3.03
4.6
3.4
3.3
2.7
2.6
2.5","75
70
71
72
73
74
75","78
70
72
74
75
77
79","79
71
72
74
75
76
77",2.5,3.8,2.5,2.5,46275,2.5,44953,3.Marginal,1,26.74,44.8,0.205684368,0.07942511346,45755.2,47030.42857,42461,0,NA,46335,43.8,0,69.24761905,0.1262592545,18.06,42.50761905
,b8983362-966e-4de9-846f-c3ed03a2a484,102,BF#2,Stock house,SFC2,A,65,800,SAR70,6,"20-07-2022
12-01-2023
03-12-2024
25-03-2025
23-05-2025
07-07-2025
21-08-2025
03-12-2025
16-04-2026","3.19
3.6
2.3
2.1
2.0
2.0
1.9
0
0","2.40
3.1
2.8
2.6
2.6
2.5
2.5
2.5
2.4","3.15
3.5
2.8
2.7
2.6
2.5
2.3
0.3
0.1","77
70
72
75
79
78
85
86","80
71
73
74
77
78
80
80","79
71
73
74
79
78
79
81",0,2.4,0.1,0,46128,0,46135,4.Non-Critical,1,34.86,5.4,0.157773953,0.157773953,47180.8,47180.8,42461,0,46657.9,NA,4.4,0,34.86,0,-29.46,9.95E-14
,d0772503-5a30-4889-b6fc-bf727a1d9c06,103,BF#2,Stock house,SFC3,A,42,800,SAR70,6,"07-06-2022
20-07-2022
17-01-2023
07-12-2023
03-09-2024
11-02-2025
23-07-2025
21-08-2025
25-12-2025","5.23
4.19
2.5
4.30
4.6
4.2
4.1
3.8
2.7","5.35
4.45
3.86
5.30
5.24
4.5
4.5
4.1
3.8","4.48
4.6
4.0
4.5
1.99
1.5
1.3
0
0","70
70
72
77
79
83","73
74
74
79
81
82","68
70
75
76
77
83",2.7,3.8,0,0,46016,0,46245,4.Non-Critical,1,41.13,1.733333333,0.1337223438,0.1337223438,47478.9,47478.9,42461,0,46861.95,NA,0.7333333333,0,41.13,0,-39.39666667,0
,acef231d-6fcd-4a09-b100-bec19d2bc1a0,104,BF#2,Stock house,SFC4,A,270,800,SAR70,6,"17-01-2023
03-09-2024
25-03-2025
23-07-2025
08-01-2026
05-08-2026","3.87
4.62
4.1
4.0
3.9
3.8","4.7
4.25
4.1
4.0
3.9
3.9","4.98
4.62
4.5
4.5
4.4
4.2","71
69
75
75
74
74","75
72
74
75
74
74","72
69
74
75
75
75",3.8,3.9,4.2,3.8,46239,3.8,45083,4.Non-Critical,18,31.93,40.46666667,0.1722518008,0.05709342561,46040.9,47973,42461,0,NA,46419,22.46666667,0,96.33333333,0.1151583752,8.536666667,64.40333333
,8eb242ba-0e66-4ca0-b9be-bac336d20a2b,105,BF#2,Stock house,OAC2,A+ (Sup.Critical),80,1400,SAR70,6,"3/8/2025
21-08-2025
20-11-2025
05-02-2026
10-07-2026
29-09-2026","2.1
5.8
5.7
4.2
3.8
3.4","0.5
5.7
4.7
4.5
3.6
3.3","2.6
5.6
5.6
4.3
3.6
3.4","77

69
73
75","78

69
73
74","77

70
72
75",3.4,3.3,3.4,3.3,46294,3.3,45876,4.Non-Critical,9,27.43,14.03333333,0.2005103901,0.1937799043,46698.9,46727.48148,42461,0,NA,46474,5.033333333,0,28.38271605,0.006730485778,-13.39666667,0.9527160494
,f0913e87-e48e-494d-bfb5-2c4419c913af,106,BF#2,Stock house,OAC3,A,25,1400,SAR70,8,"03-10-2025
10-12-2025
17-03-2026
18-07-2026","2.5
5.4
5.2
6.3","1.8
4.2
4
6","2.6
5.4
5.2
6.1",68,63,65,6.3,6,6.1,6,46221,6,46294,4.Non-Critical,3,7.96,0.1,0.9422110553,0.9422110553,46532.8,46532.8,42461,0,46413.4,NA,-2.9,0,7.96,0,-7.86,9.68E-14
,d1be6160-7f3f-447e-ac89-8be6e09202f1,107,BF#2,Stock house,OAC4,A,68,1400,SAR70,6,"19-08-2024
08-03-2025
21-07-2025
09-01-2026
17-03-2026
15-06-2026
12-08-2026","5.7
4.1
3.8
3.8
3.7
3.7
3.6","5.5
3.9
3.8
2.9
2.8
2.7
2.0","5.7
4.6
4.2
2.9
3.6
3.5
3.5","69
70
73
74
76","70
70
72
73
75","70
70
72
73
76",3.6,2,3.5,2,46246,2,46294,4.Non-Critical,9,16.8,0.1,0.3273809524,0.3273809524,46798,46798,42461,0,46546,NA,-8.9,0,16.8,0,-16.7,0
,6506fd03-7789-457b-9b25-22892a81c4b3,108,BF#2,Stock house,OAC5,A,68,1400,SAR70,6,"17-01-2023
30-11-2023
19-08-2024
08-03-2025
17-06-2025
21-08-2025
9/26/2025
20-11-2025
03-12-2025
17-03-2026
16-04-2026","4.62
6.12
4.1
3.4
2.1
2
1.9
1.5
1.3
1.1
1.2","3.12
5.10
4.0
2.9
2.6
2.2
2.1
1.9
1.7
1.6
1.5","5.35
5.80
5.2
3.0
2.7
2.3
2.1
1.7
1.5
1.5
1.4","75
70
68
72
73
73
75
77","74
68
70
73
73
73
74
77","75
70
71
73
74
74
75
78",1.2,1.5,1.4,1.2,46098,1.2,46135,4.Non-Critical,9,50.89,5.4,0.1080762429,0.1080762429,47661.7,47661.7,42461,0,46898.35,NA,-3.6,0,50.89,0,-45.49,-9.95E-14
,5c3e6332-5e1c-4205-ac50-44ce60f0bb62,109,BF#2,Stock house,OFC3,A,42,800,SAR70,6,"08-02-2021
07-12-2023
28-08-2024
25-03-2025
23-07-2025
08-01-2026
05-08-2026","4.35
2.6
5.5
5
4.8
4.6
4.4","4.1
3.7
4.9
4.9
4.8
4.7
4.5","4.62
1.4
4.2
4
3.9
3.9
3.8","68
71
72
73
73
74
74","69
70
71
72
72
73
73","69
70
71
71
72
72
72",4.4,4.5,3.8,3.8,46239,3.8,45330,4.Non-Critical,6,26.31,32.23333333,0.2090459901,0.07260726073,46119.3,47602.5,42461,0,NA,46419,26.23333333,0,75.75,0.1364387294,5.923333333,49.44
,e52d7cad-8949-47a2-93e0-a6b5f0370f1f,110,BF#2,Stock house,MB1,A+ (Sup.Critical),389,2000,STEELCORD,12,"12-04-2023
07-12-2023
07-08-2025
25-12-2025
05-09-2026","11.6
12.0

9.5
9.3","10.10
11.90
8.9
7.8
7.6","11.6
12.0

9.8
9.6","65
68","62
68","61
67",9.3,7.6,9.6,7.6,46270,7.6,45104,4.Non-Critical,36,46.55,39.76666667,0.2470461869,0.1132075472,46500.5,48151.5,42461,0,NA,46450,3.766666667,0,101.5833333,0.1338386397,-6.783333333,55.03333333
,35c4367c-2ee8-4b74-a081-c7d9638947ee,111,BF#2,Stock house,MB2,A+ (Sup.Critical),934,2000,STEELCORD,12,"07-12-2023
07-08-2025
25-12-2025
05-09-2026","12

11.5
10.6","10.8
9.8
9.6
9.4","12

9.6
9.4",67,69,67,10.6,9.4,9.4,9.4,46270,9.4,44953,4.Non-Critical,36,36.2,44.8,0.317679558,0.05922551253,46039,50778.19231,42461,0,NA,46450,8.8,0,194.1730769,0.2584540455,8.6,157.9730769
,b59fe88a-00a5-491e-9a19-706b60db2aec,112,BF#2,Slag Route,SCA1,A+ (Sup.Critical),190,1000,HRT3,6,"04-07-2023
20-11-2024
26-08-2025
10-12-2025
10-09-2026",4.12,"2.95
5.5
3.85
3.75
4.5",4.05,60,63,59,0,4.5,0,4.5,46275,4.5,46138,4.Non-Critical,18,11.36,5.3,0.4841549296,0.3284671533,46478.8,46640.33333,42461,0,NA,46365,-12.7,0,16.74444444,0.1556877763,-6.06,5.384444444
,36409c25-a78f-4efd-b453-da30c98ba01e,113,BF#2,Slag Route,SCB1,A+ (Sup.Critical),190,1000,HRT3,6,"03-10-2024
08-11-2024
12-03-2026
10-09-2026",0,"4.5
3.7
4.5
3.5",0,0,0,0,0,3.5,0,3.5,46275,3.5,45796,4.Non-Critical,18,9.1,16.7,0.6043956044,0.1565762004,46069,46849.8,42461,0,NA,46455,-1.3,0,35.12666667,0.447819404,7.6,26.02666667
,d5cbc4ae-7c18-41aa-8698-cea91f206886,114,BF#2,Stock house,SC2,A+ (Sup.Critical),82,1400,SAR70,6,"08-02-2021
03-09-2024
25-11-2024
25-03-2025
03-07-2025
08-01-2026
16-04-2026
08-08-2026
29-09-2026","4.1
5.7
4.5
2.9
2.1
4.2
4.0
3.8
3.4","3.2
4.7
4.0
2.8
2.0
3.8
3.4
3.2
3.1","3.8
5.4
4.08
3.6
3.1
3.0
3.2
3.1
3","
75
69
70
70
72
74","
75
71
73
73
74
75","
76
69
71
72
75
75",3.4,3.1,3,3,46294,3,45859,3.Marginal,9,20.9,14.6,0.2631578947,0.2068965517,46486,46656.5,42461,0,NA,46384,5.6,0,26.58333333,0.05626134301,-6.3,5.683333333
,c66e6fe5-711c-4437-8c59-bbbfde002eb7,115,BF#2,Stock house,SC3,A,25,1400,SAR70,8,"03-10-2025
10-12-2025
18-07-2026","2.3
5.2
4.2","1.5
2.9
4.1","1.7
3.7
4.3",70,69,70,4.2,4.1,4.3,4.1,46221,4.1,46245,4.Non-Critical,3,4.6,1.733333333,1.630434783,1.630434783,46383,46383,42461,0,NA,NA,-1.266666667,0,4.6,0,-2.866666667,0
,0c7e2499-3cc9-4f09-aad3-91034fddbcf0,116,BF#2,Stock house,SC4,A,68,1400,SAR70,6,"11-01-2023
30-11-2023
08-03-2025
21-07-2025
09-01-2026
06-08-2026","4.22
5.10
4.6
4.5
4.4
4.2","4.55
4.50
4.0
3.9
3.7
3.2","4.3
5.30
4.2
4.0
3.9
3.9","74
75
75
76
76","74
76
76
78
78","74
75
75
76
77",4.2,3.2,3.9,3.2,46240,3.2,44197,4.Non-Critical,9,61.04,70,0.09010484928,0.04111600587,46028.2,48210.03571,42461,0,NA,46420,61,0,133.7678571,0.04898884341,8.96,72.72785714
,75a4203d-2364-47a6-b9bb-6cd8a4ed4e66,117,BF#2,Stock house,SC5,A,68,1400,SAR70,6,"11-01-2023
02-12-2023
19-08-2024
08-03-2025
9/26/2025
25-12-2025
15-06-2026
29-09-2026","3.99
5.60
4.9
4.8
4.7
4.7
4.6
4.3","4.56
5.36
5.2
5.0
4.7
4.5
4.4
4.2","4.1
5.56
4.7
4.7
4.7
4.6
4.5
4.3","73
76
76
77
78","75
75
74
76
77","73
75
76
76
77",4.3,4.2,4.3,4.2,46294,4.2,44197,4.Non-Critical,9,61.04,70,0.09010484928,0.02575107296,46028.2,50604.5,42461,0,NA,46474,61,0,213.5833333,0.06435377632,8.96,152.5433333
,125b24df-62bc-49e8-841f-5ad715190711,118,BF#2,Stock house,OFC1,A,42,800,SAR70,6,"23-07-2025
03-12-2025
04-06-2026
15-07-2026","5.7
5.5
4.8
4.7","5.3
5.1
4.8
4.7","5.3
5.1
4.6
4.6","73
74
75
78","72
74
75
79","73
74
75
77",4.7,4.7,4.6,4.6,46217,4.6,45740,4.Non-Critical,6,22.85,18.56666667,0.2407002188,0.08805031447,46425.5,47613.92857,42461,0,NA,46397,12.56666667,0,62.46428571,0.1526499044,-4.283333333,39.61428571
,2297c4ce-048b-4184-9738-46fa2b7d1127,119,BF#2,Stock house,OFC2,A,42,800,SAR70,6,"11-01-2023
07-12-2023
19-08-2024
11-03-2025
23-07-2025
08-01-2026
04-06-2026
12-08-2026
10-09-2026","5.8
4.70
4.20
3.7
3.6
3.4
3.2
2.9
2.8","5.8
5.0
4.80
3.9
3.8
3.2
3.2
2.8
2.7","5.9
4.90
5.0
4.1
3.9
3.3
3.3
3.1
3.1","67
72
70
74
76
76
75
75
75","67
73
73
75
75
74
74
75
76","69
74
72
74
76
76
76
76
76",2.8,2.7,3.1,2.7,46275,2.7,44869,3.Marginal,6,30.75,47.6,0.1788617886,0.07041251778,45791.5,47212.33333,42461,0,NA,46335,41.6,0,78.11111111,0.1084492708,16.85,47.36111111
,0a1998e1-d32b-4f7c-8e33-d254a7294a5e,120,BF#2,Stock house,OFC4,A,182,800,SAR70,6,"17-01-2023
03-09-2024
11-03-2025
23-07-2025
08-01-2026
05-08-2026","4.3
5.7
4.9
4.9
4.8
4.1","4.95
5.8
5.6
5.5
5.4
5.4","4.8
5.7
5.6
5.6
5.5
5.4","75
75
77
77
78","73
75
76
77
77","76
74
75
77
77",4.1,5.4,5.4,4.1,46239,4.1,45028,4.Non-Critical,18,34.86,42.3,0.157773953,0.0470685384,46073.8,48533.52632,42461,0,NA,46419,24.3,0,116.8508772,0.1107054146,7.44,81.99087719
,835bf642-8b50-4625-86dd-f55f21b14b19,121,BF#2,Stock house,CC2,A+ (Sup.Critical),20,1400,SAR70,6,"7/3/2025
10/3/25
10-12-2025
20-07-2026","5
2.1
5.7
5.8","3.8
1.7
4.2
5.5","5
2.1
5.6
5.9","72
71","69
69","69
71",5.8,5.5,5.9,5.5,46223,5.8,46294,4.Non-Critical,3,4.94,0.1,1.113360324,1.113360324,46442.2,46442.2,42461,0,NA,NA,-2.9,0,4.94,0,-4.84,-9.77E-14
,65bf134f-66fa-4e4b-b21c-a388feabed58,122,BF#2,Stock house,CFC1,A,65,800,SAR70,6,"02-12-2023
03-12-2024
11-02-2025
23-07-2025
21-08-2025
25-12-2025
04-06-2026
29-09-2026","5.09
5.0
5.4
5.0
4.7
4.4
4.0
3.8","6
5.4
5.2
4.8
4.6
4.2
3.9
3.8","5.08
5.4
4.9
4.4
4.2
4
3.7
3.5","76
76
77
77","75
77
78
78","72
77
78
78",3.8,3.8,3.5,3.5,46294,3.5,45339,4.Non-Critical,9,28.22,31.93333333,0.194897236,0.07853403141,46185.6,47440,42461,0,NA,46474,22.93333333,0,70.03333333,0.1163632046,3.713333333,41.81333333
,6018e819-921e-4fa1-9dda-6c3f765c5d85,123,BF#2,Stock house,CFC2,A,72,800,SAR70,6,"11-01-2023
02-12-2023
03-12-2024
25-03-2025
23-07-2025
08-01-2026
03-06-2027","4.8
2.08
5.4
5.1
4.8
4.8
2.5","4.4
3.09
5.5
5.3
4.7
4.7
2.1","4.8
2.02
5.4
4.9
4.5
4.0
0","68
70
77
76
76
76","70
72
76
75
77
77","70
70
78
75
75
75",2.5,2.1,0,0,46176,0,46245,4.Non-Critical,9,34.76,1.733333333,0.1582278481,0.1582278481,47287.8,47287.8,42461,0,46766.4,NA,-7.266666667,0,34.76,0,-33.02666667,9.95E-14
,43418a6c-6076-4403-a1a2-adc4b7c5c8cb,124,BF#2,Stock house,CFC3,A,30,1000,SAR70,6,"08-02-2021
18-01-2023
07-12-2023
03-12-2024
08-03-2025
03-07-2025
9/26/2025
20-11-2025
03-12-2025
17-03-2026
16-04-2026
14-07-2026","4.2
4.98
5.30
4.5
4.4
4.3
4.2
4.1
3.9
3.8
3.7
3.1","3.7
4.38
5.00
3.0
2.6
2.1
1.9
1.8
1.8
1.6
1.6
2.9","4.4
4.88
5.00
4.0
4.0
3.8
3.7
3.6
3.5
3.4
3.3
3.0","72
67
67
65
69
70
75
77
78
78
74","74
65
70
68
72
73
76
76
77
77
72","73
64
69
71
69
70
75
76
77
77
72",3.1,2.9,3,2.9,46217,2.9,46245,4.Non-Critical,3,20.46,1.733333333,0.2688172043,0.2688172043,46858.8,46858.8,42461,0,46551.9,NA,-1.266666667,0,20.46,0,-18.72666667,9.59E-14
,fead4305-338a-4d1d-9e93-213fbedc804b,125,BF#2,Stock house,CFC4,A,200,1000,SAR70,8,"18-01-2023
25-01-2024
03-12-2024
25-03-2025
23-07-2025
09-01-2026
14-07-2026","4.8
5.40
4.9
4.3
4.2
4
4.0","4.65
4.79
4.1
4.1
4.0
4.0
3.9","4.9
5.40
5.2
4.1
4.0
3.9
3.8","65
74
75
73
75
78","66
73
74
75
75
78","67
74
75
75
75
78",4,3.9,3.8,3.8,46217,3.8,44202,4.Non-Critical,18,60.87,69.83333333,0.1232134056,0.06253101737,46028.1,47800.21429,42461,0,NA,46397,51.83333333,0,119.9404762,0.06068238825,8.963333333,59.07047619
,328ca9d3-67f9-4f60-ae3a-fc25557a9c48,126,BF#2,Stock house,CFC5,A,20,1000,SAR70,6,"03-12-2024
11-03-2025
23-07-2025
9/26/2025
20-11-2025
20-02-2026 
14-07-2026
10-09-2026","3.7
3.4
3.3
3.3
3.3

4.9
4.6","3.8
3.4
3.4
3.3
3.2
0
4.5
3.9","4.3
3.9
3.8
3.5
3.2

5.2
4.9","70
72
73
74
75

69","71
71
72
72
73

67","73
73
73
74
75

70",4.6,3.9,4.9,3.9,46275,3.9,46098,4.Non-Critical,3,8.07,6.633333333,0.6815365551,0.3559322034,46340.1,46561.57143,42461,0,NA,46365,3.633333333,0,15.45238095,0.3256043518,-1.436666667,7.382380952
,d8a4c938-419b-4911-8b34-3c1ba0eda0ef,127,BF#2,Stock house,CFC6,A,290,1000,SAR70,6,"11-01-2023
25-01-2024
03-12-2024
11-02-2025
23-07-2025
21-08-2025
25-12-2025
04-06-2026
14-07-2026","5.8
5.50
4.8
4.6
4.5
4.1
4.0
3.9
3.9","5.4
4.7
4.6
4.2
4.1
4.0
4.0
3.9
3.8","5.7
5.39
4.9
4.5
4.5
4.3
4.2
4.2
4.0","74
73
73
73
73
75","70
71
71
72
72
73","74
72
75
75
75
75",3.9,3.8,4,3.8,46217,3.8,44197,4.Non-Critical,18,61.04,70,0.09010484928,0.03267326733,46028.2,49247,42461,0,NA,46397,52,0,168.3333333,0.05743158195,8.96,107.2933333
,5e0575a5-ad48-424e-9644-364e97f44c3c,128,BF#2,Stock house,CFC7,A,95,800,SAR70,8,"11-01-2023
03-09-2024
03-12-2024
11-02-2025
23-07-2025
25-12-2025
04-06-2026
14-07-2026","3.56
7.56
6.0
5.3
5.1
5.0
4.9
4.9","3.92
5.90
5.8
5.5
5.3
5.1
4.8
4.6","3.48
7
5.6
5.3
5.3
5.2
5.1
5.0","75
76
76
77
77
78","72
75
76
77
77
79","76
76
77
77
77
80",4.9,4.6,5,4.6,46217,4.6,45209,4.Non-Critical,9,30.88,36.26666667,0.2428756477,0.1011904762,46135.4,47432.52941,42461,0,NA,46397,27.26666667,0,74.11764706,0.1416851715,5.386666667,43.23764706
,b2e0099e-a4e7-41a2-8da9-e2610f83ebba,129,BF#2,Stock house,CFC8,A,30,800,SAR70,6,"11-01-2023
03-12-2024
11-02-2025
21-07-2025
9/26/2025
20-11-2025
08-01-2026
16-04-2026
14-07-2026","4.35
5.0
4.3
3.2
2.4
2.3
2.0
1.1
5.9","4.6
4.0
3.6
2.8
2.5
2.5
2.4
0.9
5.6","4.43
5.0
4.4
3.4
2.7
2.4
2.2
1.0
5.8","71
76
77
78
78
81
76","73
76
76
76
77
80
76","71
78
78
78
78
80
77",5.9,5.6,5.8,5.6,46217,5.6,46133,4.Non-Critical,3,18.34,5.466666667,0.2998909487,0.1428571429,46683.2,47288,42461,0,NA,46397,2.466666667,0,38.5,0.1570338059,-12.87333333,20.16
,888348e9-c491-44ee-8fa5-7467174b0608,130,BF#2,Stock house,CFC9,C,35,800,Not Existing,5,0,0,0,0,0,0,0,0,0,0,0,0,0,44398,4.Non-Critical,6,54.43,63.3,0.08267499541,0.08267499541,46030.9,46030.9,42461,Not running,45214.45,NA,57.3,0,54.43,0,8.87,0
,f7f8269e-9a73-41e7-8156-d7eeeb9f68e2,131,BF#2,Stock house,CRC,A+ (Sup.Critical),25,1400,SAR70,8,"10-12-2025
20-07-2026","4.9
3.0","3.1
2.8","5.4
3.0",62,61,62,3,2.8,3,2.8,46223,2.8,46245,4.Non-Critical,5,16.72,1.733333333,0.4485645933,0.4485645933,46746.6,46746.6,42461,0,46495.8,NA,-3.266666667,0,16.72,0,-14.98666667,-4.62E-14
,a5f2ee69-ab29-4a9a-bd05-c227536f6a7d,132,BF#2,Slag Route,D6,B,850,1000,SAR70,6,"9/29/2025
26-04-2026",0,"3.7
3.3",0,0,0,0,0,3.3,0,3.3,46138,3.3,45022,4.Non-Critical,18,54.6,42.5,0.1007326007,0.07258064516,46660,47295.33333,42461,0,NA,46318,24.5,0,75.77777778,0.02815195557,-12.1,21.17777778
,2080446f-8ede-42b5-9ec9-fc25e0651166,133,BF#2,Slag Route,D3,B,560,1600,SAR70,6,"9/29/2025
26-04-2026",0,"5.2
4.5",0,0,0,0,0,4.5,0,4.5,46138,4.5,45859,4.Non-Critical,18,31.64,14.6,0.1738305942,0.1612903226,46808.2,46882,42461,0,NA,46318,-3.4,0,34.1,0.0125402716,-17.04,2.46
,74ffcd5d-a836-4201-9294-21a05f303e24,134,BF#2,Slag Route,D4,B,840,1600,SAR70,6,"29-09-2025
26-04-2026",0,3.1,0,0,0,0,0,5,0,5,46138,5,44393,4.Non-Critical,18,54.6,63.46666667,0.1007326007,0.01719197708,46031,53990.5,42461,0,NA,46318,45.46666667,0,319.9166667,0.08354062366,8.866666667,265.3166667
,864cdc5b-a23f-407c-be75-b0958a72db9c,135,BF#2,Slag Route,D5,B,138,1600,SAR70,6,45929,0,4.7,0,0,0,0,0,4.7,0,4.7,45929,4.7,45946,4.Non-Critical,9,25.76,11.7,0.2135093168,0.2135093168,46718.8,46718.8,42461,0,46332.4,NA,2.7,0,25.76,0,-14.06,9.59E-14
,ceb43745-ce3b-46a5-95fb-3cf73a624fc4,136,BRIQUETTING,CBI,T30AC1,B,1100,800,SAR70,5,"03-03-2022
27-02-2025
13-05-2025
01-10-2025
11-11-2025
11-05-2026
27-08-2026","3.82
3.7
3.6
3.5
3.5
3.5
3.2","3.75
3.7
3.6
3.5
3.4
3.3
3.1","3.7
3.6
3.6
3.6
3.6
3.5
3.2","72
78
79
80","74
78
79
80","70
78
79
81",3.2,3.1,3.2,3.1,46261,3.1,44197,4.Non-Critical,18,61.04,70,0.07372214941,0.02761627907,46028.2,49085.42105,42461,0,NA,46441,52,0,162.9473684,0.04610587034,8.96,101.9073684
,362f86ca-450e-44a6-a33f-e923a0c946eb,137,BRIQUETTING,CBI,T30BC1,B,375,800,SAR70,5,"03-03-2022
14-02-2025
13-05-2025
01-10-2025
11-11-2025
11-05-2026
06-06-2026
27-08-2026","4
3.1
3.3
2.6
2.5
2.5
2.4
1.7","3.7
3.5
3.4
3.3
3.2
3.2
3.1
3","3.5
3
3
2.8
2.7
2.6
2.5
2.3","66

70
71
71","67

70
71
72","62

71
71
73",1.7,3,2.3,1.7,46261,1.7,44197,3.Marginal,18,61.04,70,0.07372214941,0.04796511628,46028.2,47011.54545,42461,0,NA,46291,52,0,93.81818182,0.02575703313,8.96,32.77818182
,adb981af-3c04-4313-aefb-2ce0e1371076,138,BRIQUETTING,CBI,T30BC2,B,44,1000,HR,6,"14-02-2025
13-05-2025
01-10-2025
11-11-2025
11-05-2026
27-08-2026","5.51
5.4
5.3
5.2
5.0
4.1","5.45
5.41
5.3
5.1
5.0
4","5.2
5.1
5.1
5.0
4.9
4.4","77
78
79
82
84","76
78
80
82
84","76
77
79
82
84",4.1,4,4.4,4,46261,4,45298,4.Non-Critical,6,26.33,33.3,0.2088872009,0.06230529595,46087.9,47946.25,42461,0,NA,46441,27.3,0,88.275,0.146581905,6.97,61.945
,335ffe19-c5bc-4985-9e47-20e8ec887f34,139,BRIQUETTING,CBI,AJ5-BC30B,B,720,800,HRT1,5,"25-07-2023
14-09-2023
27-02-2025
11-11-2025
28-01-2026
24-03-2026
14-05-2026
27-08-2026","4
3.6
3.6
3.6
3.6
3.6
3.6
3.5","3.7
3.6
3.6
3.4
3.3
3.3
3.3
3.2","4.2
3.7
3.7
3.7
3.4
3.4
3.4
3.3","68
76
79
82","66
77
80
83","67
77
79
82",3.5,3.2,3.3,3.2,46261,3.2,44197,4.Non-Critical,18,61.04,70,0.07372214941,0.0261627907,46028.2,49357,42461,0,NA,46441,52,0,172,0.04755935871,8.96,110.96
,fff20076-fde4-43b1-894f-a3582f14ed92,140,BRIQUETTING,CBI,AJ5-BC30C,B,375,800,HRT1,5,"14-09-2023
14-02-2025
13-05-2025
11-11-2025
14-05-2026
27-08-2026","4.4
4.4
4.4
4.3
4.3
4.2","4.6
4.5
4.5
4.4
4.4
4.3","4.5
4.5
4.4
4.4
4.4
4.3","67
79
79
85","67
78
81
85","66
78
81
86",4.2,4.3,4.3,4.2,46261,4.2,45300,4.Non-Critical,18,24.8,33.23333333,0.1814516129,0.02497398543,46044,50705.625,42461,0,NA,46441,15.23333333,0,180.1875,0.1564776275,8.433333333,155.3875
,07ecfa7f-1be7-41bd-9be3-bddf6fb35e57,141,BRIQUETTING,CBI,AJ5-BC30D,B,44,1000,HR,5,"06-08-2022
08-10-2023
14-02-2025
13-05-2025
11-11-2025
06-06-2026
27-08-2026","4.88
3.99
5.7
5.6
5.5
5.5
2.9","3.92
0
4.7
4.6
4.6
4.5
2.7","4.42
3.33
5.8
5.7
5.5
5.5
2.8","72
78

80
80
82","71
74

79
79
85","69
76

79
79
84",2.9,2.7,2.8,2.7,46261,2.7,45298,3.Marginal,6,28.43,33.3,0.1582835033,0.07165109034,46150.9,47182.13043,42461,0,NA,46321,27.3,0,62.80434783,0.086632413,4.87,34.37434783
,4faa04d4-4dd1-47dc-8711-2876fc321e5e,142,BRIQUETTING,CBI,T31C2,A,530,800,SAR70,5,"03-03-2022
04-10-2024
19-12-2024
08-04-2025
04-10-2025
02-12-2025
05-05-2026","4.46
4.6
4.4
4.0
3.4
3.3
3.2","4.27
4.7
4.5
3.7
3.6
3.4
3.3","4.4
4.6
4.4
4.1
3.6
3.6
3.4","73
78
78
75
77
79
81","75
79
80
76
78
80
81","72
77
77
77
78
79
80",3.2,3.3,3.4,3.2,46147,3.2,44760,4.Non-Critical,18,38.86,51.23333333,0.1158003088,0.03893294881,45925.8,48227.5,42461,0,NA,46327,33.23333333,0,115.5833333,0.07686735999,12.37333333,76.72333333
,74f009fa-7338-4435-ad93-81cbac0c8b37,143,BRIQUETTING,CBI,BC1020,A,34,800,HRT1,5,"03-03-2022
04-10-2024
19-12-2024
14-02-2025
08-04-2025
04-10-2025
02-12-2025
05-05-2026
03-07-2026
27-08-2026","4.15
3.5
3.4
3.3
3.1
3.0
2.3
2.2
2.2
2","4.2
3.9
3.8
3.7
3.5
3.2
3.1
3.0
2.9
2.8","4.01
3.9
3.8
3.7
3.5
3.1
2.9
2.8
2.7
2.6","71
79
80

78
79
79
81
84","71
80
81

77
79
80
82
84","72
81
80

78
79
80
82
85",2,2.8,2.6,2,46261,2,44458,3.Marginal,6,52.46,61.3,0.08577964163,0.04991680532,46031.8,47162.5,42461,0,NA,46321,55.3,0,90.15,0.03586283631,8.84,37.69
,67213816-7983-4acc-80f4-2bbc81033e93,144,BRIQUETTING,CBI,BC1030,A,126,800,HRT1,5,"03-03-2022
04-10-2024
19-12-2024
14-02-2025
08-04-2025
04-10-2025
02-12-2025
05-05-2026","4.0
4.0
3.9
3.8
3.7
3.7
3.7
3.6","4.4
4.3
4.3
4.2
4.2
4.1
3.9
3.8","4.5
4.5
4.4
4.3
4.3
4.2
4.0
3.7","67
71
77

79
79
79
80","66
69
80

79
79
79
79","65
70
77

77
78
78
79",3.6,3.8,3.7,3.6,46147,3.6,44458,4.Non-Critical,9,52.46,61.3,0.08577964163,0.02486678508,46031.8,49886.92857,42461,0,NA,46327,52.3,0,180.9642857,0.06091285655,8.84,128.5042857
,c6fa1bb9-d5d2-432e-808b-09935a221e8c,145,BRIQUETTING,CBI,BC1115,A,24,650,SHR,6,"03-03-2022
04-10-2024
19-12-2024
08-02-2025
06-08-2025
9/16/2025
02-12-2025
04-05-2026
06-06-2026
03-07-2026","4.36
4.9
4.5
3.9
3.4
2.6
1.7
1.6
1.5
0.4","4.42
4.7
4.4
4.1
3.9
3.7
3.7
3.6
3.5
3.2","4.45
4.5
4.1
3.7
2.8
2.7
2.7
2.2
2.1
1.9","69
76
80
80
83
83
85
85
85","72
75
80
80
81
84
84
84
86","72
79
80
81
80
82
84
84
85",0.4,3.2,1.9,0.4,46206,0.4,46255,4.Non-Critical,3,15.6,1.4,0.3525641026,0.3525641026,46723,46723,42461,0,46489,NA,-1.6,0,15.6,0,-14.2,0
,b3033879-4f9d-41e1-9a7a-bdc866095d28,146,BRIQUETTING,CBI,BC2070,A,22,650,SHR,6,"28-06-2025
06-08-2025
9/16/2025
02-12-2025
03-02-2026
07-09-2026","6
5.2
5
3.2
3.0
3.8","6
4.7
4.4
3.0
0
2.1","6
5.2
5
3.1
0
0","64
64
70
70
75","63
64
69
72
76","62
64
70
72
78",3.8,2.1,0,0,46272,0,46091,1.Critical,3,12.26,6.866666667,0.4486133768,0.9944751381,46458.8,46256.91667,42461,0,NA,Critical,3.866666667,0,5.530555556,-0.5458617613,-5.393333333,-6.729444444
,57815118-98ff-40b4-8f31-d52ab1417785,147,BRIQUETTING,CBI,BC2090,A,16,650,SHR,6,"03-03-2022
04-10-2024
19-12-2024
08-04-2025
28-06-2025
06-08-2025
9/16/2025
11-11-2025
29-12-2025
04-05-2026
01-08-2026","3.8
4.4
4.0
3.8
3.3
2.4
2
1.9
1.8
4.2
4.0","1.65
4.1
4.0
3.3
3.1
2.9
2.8
2.4
2.2
4.6
4.6","2.85
3.9
3.7
3.5
2.9
2.7
2.5
2.4
2.2
4.7
4.7","63
73
72
77
81
80
77

64","62
74
75
78
80
81
76

65","65
71
72
78
80
80
76

65",4,4.6,4.7,4,46235,4,46043,4.Non-Critical,3,7.61,8.466666667,0.7227332457,0.3125,46271.3,46571,42461,0,NA,46325,5.466666667,0,17.6,0.4102332457,0.8566666667,9.99
,af50368b-7fb8-4ec5-a6e7-c7b2272be180,148,BRIQUETTING,CBI,BC2075,A,65,650,SHR,5,"03-03-2022
04-10-2024
19-12-2024
14-02-2025
08-04-2025
08-05-2025
28-06-2025
06-08-2025
9/16/2025
04-10-2025
11-11-2025
01-08-2026","4.81
2.80
3.1
2.9
2.5
2.0
1.7
0
0
0
0
4.7","4.82
2.50
2.4
2.3
2.2
2.0
1.4
1.2
0.8
0.5
0.3
4.8","4.8
3.5
3.2
3.1
3.0
2.9
2.4
2.0
1.8
0
0
4.8","61
73
70

76
75
78
82
83
64","60
74
73

76
77
78
79
80
65","60
71
73

76
77
78
79
80
65",4.7,4.8,4.8,4.7,46235,4.7,45992,4.Non-Critical,9,16.6,10.16666667,0.2710843373,0.03703703704,46490,49637,42461,0,NA,46415,1.166666667,0,121.5,0.2340473003,-6.433333333,104.9
,0fb1b785-1d4a-4511-a312-556d2bf3ae25,149,BRIQUETTING,CBI,BC2080,A,510,650,SAR70,6,"03-03-2022
04-10-2024
27-02-2025
08-05-2025
11-11-2025
28-01-2026
03-03-2026
05-05-2026
03-07-2026
27-08-2026","4.34
3.9
3.8
3.7
3.7
3.6
3.6
3.5
3.5
3.4","3.7
3.5
3.4
3.1
3.0
2.9
2.8
2.8
2.7
2.6","3.2
3.9
3.8
3.7
3.6
3.6
3.5
3.5
3.4
3.3","70
69
69
70


75
75
77
77","69
70
68
71


74
75
76
77","70
70
69
70


75
76
76
77",3.4,2.6,3.3,2.6,46261,2.6,44570,3.Marginal,18,32.75,57.56666667,0.1679389313,0.06031933767,45552.5,47305.44118,42461,0,NA,46321,39.56666667,0,91.18137255,0.1076195936,24.81666667,58.43137255
,207c0dad-1a26-4fe3-9e92-32e7229ce50a,150,BRIQUETTING,CBI,BC3090,A,291,800,HRT1,5,"13-06-2025
02-12-2025
05-05-2026
03-07-2026
28-08-2026","3.2
2.7
2.7
2.5
2.3","4.1
4.1
4.1
3.9
3.8","3.2
2.4
2.4
2.3
2.1","75
77
80
82","75
78
80
84","75
79
79
80",2.3,3.8,2.1,2.1,46262,2.1,45340,3.Marginal,18,12.29,31.9,0.3661513426,0.09436008677,45708.7,46770.68966,42461,0,NA,46322,13.9,0,47.68965517,0.2717912558,19.61,35.39965517
,f9c9645e-5641-4dc9-9532-fb58d52faf46,151,BRIQUETTING,CBI,BC3095,A,24,1000,HR,8,"6/13/2025
6/28/2025
06-08-2025
01-08-2026","2.5
2.3
0
6.9","1.4
1.3
0.3
6.7","2.4
2.2
0
7.5","80
80
67","76
80
67","76
79
68",6.9,6.7,7.5,6.7,46235,6.7,45993,4.Non-Critical,3,16.46,10.13333333,0.4556500608,0.1611570248,46486.8,47389.15385,42461,0,NA,46415,7.133333333,0,46.53846154,0.294493036,-6.326666667,30.07846154
,bce77378-2a82-435b-84a2-34373c36c651,152,BRIQUETTING,CBI,BOOM,A,32,650,SAR70,6,"17-01-2025
08-04-2025
08-05-2025
13-06-2025
24-12-2025
28-01-2026
31-03-2026
06-06-2026
01-08-2026
27-08-2026","3
2.8
2.4
2.4
1.9
5
3
2.4
1.9
1.6","2.2
2.1
1.9
1.0
0.6
4.2
3
2.0
1.4
1.1","3.4
3.4
3.1
3.1
0
5.4
4.2
3.8
3.6
3.2","65
70
72
74
75
67
73
74","68
70
70
80
76
68
70
73","73
73
74
74
83
68
68
74",1.6,1.1,3.2,1.1,46261,1.1,45936,2.Semi-Critical,6,12.55,12.03333333,0.438247012,0.4523076923,46312.5,46300.79592,42461,0,NA,46291,6.033333333,0,12.15986395,-0.01406068036,-0.5166666667,-0.3901360544
,4506cf98-b689-4fe8-a75c-551ca92b26bb,153,BRIQUETTING,CBI,HAC1120,A,73,650,BUCKET CON,8,45674,2.6,2.2,3.8,75,76,75,2.6,2.2,3.8,2.2,45674,2.2,45708,4.Non-Critical,24,17.61,19.63333333,0.4258943782,0.4258943782,46236.3,46236.3,42461,0,45972.15,NA,-4.366666667,0,17.61,0,2.023333333,9.59E-14
,506563c2-6bdf-4c44-b594-dd9f6c64bf1b,154,BRIQUETTING,CBI,HAC2100,A,48,650,BUCKET CON,8,0,0,0,0,0,0,0,0,0,0,0,0,0,45298,4.Non-Critical,24,24.64,33.3,0.3043831169,0.3043831169,46037.2,46037.2,42461,0,45667.6,NA,9.3,0,24.64,0,8.66,-9.59E-14
,c4c495a6-dbb9-4338-9ba9-9a27e144c016,155,BRIQUETTING,CBI,HAC3100,A,57,1000,BUCKET CON,8,0,0,0,0,0,0,0,0,0,0,0,0,0,45994,4.Non-Critical,24,13.04,10.1,0.5751533742,0.5751533742,46385.2,46385.2,42461,0,46189.6,NA,-13.9,0,13.04,0,-2.94,-9.59E-14
,da73c151-cdd9-470f-854d-c98d6e9fa7ce,156,CO#1,Coke,J1,A,250,1200,HRT2,5,"24-03-2023
18-07-2024
03-10-2024
25-12-2024
19-02-2025
05-05-2025
28-06-2025
04-07-2025
08/01/2025
9/15/2025
24-04-2026","3.2
3.2
3.6
3.2
2.2
2.1
2
1.4
1.2
1
4.6","3
2.9
2.2
2.4
2.0
2.0
1
0.9
0.7
0
4.7","3.1
2.8
3.6
2.8
2.6
2.7
2.4
2.3
2
1.8
4.7","71
69
62
73
69
71
72
79
79","73
70
63
70
67
71
73
80
81","71
68
64
70
68
71
71
80
80",4.6,4.7,4.8,4.6,46136,4.6,45953,4.Non-Critical,18,12.13,11.46666667,0.3709810387,0.06557377049,46316.9,48011.75,42461,0,NA,46316,-6.533333333,0,68.625,0.3054072683,-0.6633333333,56.495
,7a2ed029-e034-4273-9aef-56bc58a58d69,157,CO#1,Coke,J2,A,180,1200,HRT2,6,"15-07-2025
01-08-2025
23-09-2025
09-10-2025
02-01-2026
20-03-2026
08-04-2026
09-06-2026
13-08-2026
03-09-2026","4.1
3.9
3.8
3.8
3.7
3.6
3.5
3.3
2.9
2.09","4
3.6
3.6
3.4
2.7
2.7
2.6
2.6
2.23
1.9","4.2
3.8
3.7
3.7
3.6
3.6
3.5
3.5
3.1
2.48","64
74
68
66
68
70
71
72
72","64
75
69
68
69
69
70
72
72","63
70
69
68
68
68
71
72
73",2.09,1.9,2.48,1.9,46268,1.9,45666,3.Marginal,18,15.05,21.03333333,0.365448505,0.2043189369,46117.5,46473.56098,42461,0,NA,46298,3.033333333,0,26.91869919,0.1611295681,5.983333333,11.86869919
,f6ee0178-f26b-432c-9a4a-b6ffc6f5adef,158,CO#1,Coke,J3,A,240,1200,HRT2,5,"24-03-2023
18-07-2024
25-12-2024
19-02-2025
24-04-2025
11-06-2025
28-06-2025
07-07-2025
08-08-2025
20-03-2026
08-04-2026
13-08-2026","3.1
3.9
3.5
2.3
2.0
2.0
2
1.9
1.9
3.6
3.6
3.5","3
2.5
2.5
1.4
1.2
0.7
0.3
0
0
3.3
3.3
3.0","3.2
3.5
3.6
2.8
2.4
2.1
2
1.3
1.1
3.5
3.4
3.3","71
70
74
72
73
75
76
75
67
69
74","68
72
74
72
75
75
76
76
68
69
74","70
71
74
73
73
75
76
76
69
69
73",3.5,3,3.3,3,46247,3,45947,3.Marginal,18,26.26,11.66666667,0.1713632902,0.2,46734.8,46622,42461,0,NA,46337,-6.333333333,0,22.5,-0.02863670982,-14.59333333,-3.76
,dcda8e33-0d84-4dd3-b249-ed0ad670e321,159,CO#1,Coke,J4,B,270,1200,HRT2,5,"14-08-2024
19-02-2025
24-04-2025
11-06-2025
08/01/2025
15-09-2025
09-10-2025
09-12-2025
02-01-2026
20-02-2026
20-03-2026
22-05-2026","3.1
2.9
2.7
2.7
2.6
2.5
2.3
2.2
1.5
1.3
1.2
1.0","3.1
2.9
2.6
2.5
2.1
1.8
1.7
1.7
1.7
1.6
1.5
0.9","3.2
3.1
2.8
2.7
2.3
2.1
2.0
2.0
0
0
0
0","67
68
70
70
71
71
71
72
73","68
67
70
70
69
70
70
73
74","69
68
70
70
71
71
71
72
75",1,0.9,0,0,46164,0,45113,1.Critical,18,40.28,39.46666667,0.1117179742,0.1427212179,46321.4,46058.9,42461,0,NA,Critical,21.46666667,0,31.53,-0.03100324371,-0.8133333333,-8.75
,ba785b41-e77f-45df-a42d-94103decdb2f,160,CO#1,Coke,J5,B,320,1200,HRT2,5,"24-05-2023
14-08-2024
08-10-2024
19-02-2025
24-04-2025
28-06-2025
09-12-2025
09-06-2026
20-07-2026
12-08-2026
07-09-2026","1.95
2.2
3.2
3.7
3.5
3.2
1.9
1.8
1.8
1.7
1.64","2
2
2.4
3.8
3.8
3.7
3.6
3.6
3.2
3.2
3.0","2
0
0.5
3.8
3.8
3.7
3.7
3.7
3.5
3.4
3.16","67
66
65
66
67
71
72
72
75
76
76","68
70
68
65
66
70
72
73
74
75
75","66
64
66
65
66
71
71
72
74
74
75",1.64,3,3.16,1.64,46272,1.64,45584,3.Marginal,18,34.05,23.76666667,0.1321585903,0.1465116279,46605.5,46505.42857,42461,0,NA,46302,5.766666667,0,30.71428571,-0.0143530376,-10.28333333,-3.335714286
,78203f41-64e0-4974-b83e-7f65b07fcb1c,161,CO#1,Coke,J6,A,620,1200,HRT2,5,"24-05-2023
31-08-2024
05-10-2024
11-06-2025
30-08-2025
10/18/2025
12-11-2025
05-12-2025
20-02-2026
02-03-2026
15-06-2026
18-08-2026","4.8
4.5
4.1
4.1
3.9
3.8
3.7
3.7
3.5
3.2
3.1
2.6","4.2
3.9
3.8
3.7
3.6
3.5
3.3
3.1
2.9
2.9
2.9
1.6","4.4
4.2
4.2
4.0
4.0
3.9
3.8
3.8
3.5
3.3
3.2
2.6","78
76
65
72
73
73
74
74
75
76","80
77
72
74
75
76
76
76
77
77","78
74
66
70
71
72
73
75
76
76",2.6,1.6,2.6,1.6,46252,1.6,44197,3.Marginal,18,61.04,70,0.07372214941,0.0496350365,46028.2,46916.85294,42461,0,NA,46282,52,0,90.66176471,0.02408711291,8.96,29.62176471
,d74bffd2-6e82-4225-bb18-42cc10fc5e71,162,CO#1,Coke,J7,A,25,1200,HRT2,5,"8/8/2025
22-11-2025
20-03-2026
22-05-2026","2.7
0
3.7
0","2.7
0
1.7
0.9","2.8
0
3.1
3.0","70

62
65","68

63
65","67

63
65",0,0.9,3,0,46164,0,46175,4.Non-Critical,3,7.93,4.066666667,0.5674653216,0.5674653216,46412.9,46412.9,42461,0,46293.95,NA,1.066666667,0,7.93,0,-3.863333333,4.88E-14
,9bd2a125-9f0f-4b0e-97b2-aa767d1bc4ec,163,CO#1,Coke,J40C1,B,570,1200,SAR70,5,"05-10-2024
07-01-2025
21-02-2025
16-08-2025
15-09-2025
27-10-2025
18-08-2026","4.4
2.6
2.6
2.2
2.1
1.7
1.3","1.8
1.4
1.5
0.6
0.5
0.2
0.1","3.9
2.7
2.5
2
1.8
1.5
1.4","68
74
75
75
82","70
72
74
77
81","69
74
75
77
80",1.3,0.1,1.4,0.1,46252,0.1,44197,1.Critical,18,61.04,70,0.07372214941,0.07153284672,46028.2,46084.2449,42461,0,NA,Critical,52,0,62.90816327,0.002189302695,8.96,1.868163265
,e3ef8368-0433-4d0d-9fb6-23021a55ffff,164,CO#1,Coke,J40AC1,B,120,1200,Not Existing,5,0,0,0,0,0,0,0,0,0,0,0,0,0,44197,4.Non-Critical,9,61.04,70,0.07372214941,0.07372214941,46028.2,46028.2,42461,Not running,45112.6,NA,61,0,61.04,0,8.96,-9.95E-14
,b0aed949-f012-43d2-b66c-55598f6f5360,165,CO#1,Coke,J42RC1,A,120,1200,SAR70,5,"05-10-2024
07-01-2025
30-08-2025
10-11-2025
02-01-2026
02-03-2026
23-06-2026
14-07-2026
18-08-2026
23-09-2026","4.7
4.0
4.0
1.6
1.5
1.4
1.4
1.3
1.2
1.1",  ,"4.5
3.5
3.5
3.1
2.8
2.8
2.7
2.6
2.6","62
64
69
70
72
75
75","66
68
69
69
72
74
75","64
69
69
69
71
74
75",1.1,2.1,2.6,1.1,46252,1,45015,2.Semi-Critical,9,22.5,42.73333333,0.2,0.09700889248,45690,46406.625,42461,0,NA,46282,33.73333333,0,46.3875,0.1029911075,20.23333333,23.8875
,8a522c3a-eb64-4ecc-a221-e0ca1ab00dfb,166,CO#1,Coke,J40FC1,A,20,1200,SAR70,5,"9/20/2024
8/16/2025
22-11-2025
15-06-2026
21-08-2026","
4.3
0
3.7
3.0","0
4.2
0
2.5
2.0","
4.7
0
3.8
2.8","70

78
78","69

76
78","70

79
79",3,2,2.8,2,46255,2,46007,3.Marginal,3,9.83,9.666666667,0.4577822991,0.3629032258,46301.9,46379,42461,0,NA,46315,6.666666667,0,12.4,0.09487907328,-0.1633333333,2.57
,8fc05e0d-5531-433a-98c1-0ecc808db0fa,167,CO#1,Coke,J44C1,C,960,1200,Not Existing,5,0,0,0,0,0,0,0,0,0,0,0,0,0,44197,4.Non-Critical,18,61.04,70,0.07372214941,0.07372214941,46028.2,46028.2,42461,Not Running,45112.6,NA,52,0,61.04,0,8.96,-9.95E-14
,e15354e7-94e8-4ad3-a2c9-64d7196ee128,168,CO#1,Coke,J45C1,A,860,1200,SAR70,5,"31-08-2024
05-10-2024
07-01-2025
07-05-2025
12-11-2025
02-01-2026
20-03-2026
23-06-2026
19-08-2026
23-09-2026","4.5
4.5
4.4
4.4
4.3
4.3
4.1
3.9
3.8
3.48","4.2
4.0
3.9
3.8
3.8
3.7
3.7
3.6
3.5
2.84","3.9
3.7
3.5
3.4
3.3
3.2
3.2
3.1
3.0
2.85","69
72
72
72
73
73
75
75","70
71
71
72
73
73
74
75","69
70
71
71
73
73
75
75",3.48,2.84,2.84,2.84,46288,2.84,44197,3.Marginal,18,61.04,70,0.07372214941,0.03098995696,46028.2,48553.25,42461,0,NA,46348,52,0,145.2083333,0.04273219245,8.96,84.16833333
,4caf4bbe-c76a-4885-ace5-570c124e7bf1,169,CO#1,Coal,COC1,B,370,1000,SAR70,6,"24-06-2024
21-02-2025
17-10-2025
19-01-2026
20-03-2026
29-06-2026","3.5
3.4
3.3
3.2
3.2
3","4
3.7
3.7
3.6
3.4
3.2","4.0
4.0
3.8
3.7
3.5
3.4","73
75
80
81","74
75
79
80","74
74
79
80",3,3.2,3.4,3,46202,3,45744,3.Marginal,18,58.34,18.43333333,0.09427494001,0.1965065502,47494.2,46583.66667,42461,0,NA,46382,0.4333333333,0,27.98888889,-0.1022316102,-39.90666667,-30.35111111
,58793df5-9c90-4161-908b-02801dc073ef,170,CO#1,Coal,M1,A,240,800,SAR70,5,"2/4/2025
8/1/2025
23-09-2025
20-03-2026
29-06-2026
13-08-2026","3.4
3
3.0
2.9
2.8
2.6","4.3
4.1
3.9
3.7
3.7
3.6","3.5
3.4
3.2
3.1
3.0
2.9","76
76
76
78","75
76
76
77","76
76
77
78",2.6,3.6,2.9,2.6,46247,2.6,45236,3.Marginal,18,28.58,35.36666667,0.1574527642,0.07121661721,46093.4,47131.625,42461,0,NA,46307,17.36666667,0,63.1875,0.08623614696,6.786666667,34.6075
,11926714-490b-4a17-9ed7-7b37886d6670,171,CO#1,Coal,M2,A,400,800,SAR70,5,"09-08-2024
30-10-2024
27-01-2025
05-06-2025
08/01/2025
23-09-2025
12-11-2025
27-01-2026
10-03-2026
29-06-2026
13-08-2026
21-09-2026","3.4
2.9
2.7
2.7
2.6
2.6
2.5
2.5
2.4
2.2
1.7
1.53","4.2
3.9
3.7
3.5
3.3
3.2
3.2
3.2
3.2
3.1
3.0
2.02","1.6
1.2
3.2
3.1
3.0
3.0
2.9
2.9
2.9
2.7
2.2
2.05","72
78
79
78
78
75
80
80
80","73
77
79
76
77
77
81
81
80","72
76
79
78
78
75
80
80
81",1.53,2.02,2.05,1.53,46286,1.53,45044,3.Marginal,18,33.43,41.76666667,0.1346096321,0.08381642512,46046.9,46654.66282,42461,0,NA,46316,23.76666667,0,53.68876081,0.05079320695,8.336666667,20.25876081
,53a3b0f6-0000-45c3-bfb5-209ec646fe34,172,CO#1,Coal,M3,A,32,800,SAR70,5,"27-01-2025
16-05-2025
27-01-2026
29-06-2026
13-08-2026
21-09-2026","2
3.6
1.1
2.6
1.9
1.41","2.5
3.2
3.0
4.3
2.86
2.7","2.8
3.6
1.6
3.2
2.1
1.37","73
74
74
75","72
73
74
74","71
72
72
74",1.41,2.7,1.37,1.37,46286,1.37,46295,4.Non-Critical,6,6.87,0.06666666667,0.6550218341,0.6550218341,46501.1,46501.1,42461,0,46398.05,NA,-5.933333333,0,6.87,0,-6.803333333,-4.88E-14
,d6b19ef3-4af4-4a46-b11b-04a85fe5024e,173,CO#1,Coal,M4,A,55,800,SAR70,5,"31-08-2024
30-10-2024
06-02-2025
16-05-2025
12-11-2025
06-02-2026
22-05-2026
31-07-2026
20-08-2026","1.9
1.4
1.1
1
4.1
2.9
2.8
2.1
2.0","2.5
2.2
2.2
2.3
4.1
3.7
3.5
3.5
3.4","1.2
1.1
1
1
3.6
3.6
3.5
3.1
2.6","71
76

71
72
73
73
74","72
78

71
71
72
73
74","75
76

71
72
73
73
74",2,3.4,2.6,2,46254,2,45813,3.Marginal,9,23.52,16.13333333,0.1913265306,0.2040816327,46518.6,46474.5,42461,0,NA,46314,7.133333333,0,22.05,-0.01275510204,-7.386666667,-1.47
,7559e7fe-2366-42f7-ba04-a7ead98cfce2,174,CO#1,Coal,M5,A,55,800,SAR70,5,"19-08-2024
30-10-2024
06-02-2025
16-05-2025
12-11-2025
06-02-2026
22-05-2026
20-08-2026","2.88
2.8
2.7
2.6
2.5
2.4
2.2
3.8","3.92
3.5
3.3
3.1
2.8
2.4
2.4
4.0","3.24
2.7
2
2.2
2.2
2.1
2.1
4.0","78

78
78
78
73","77

77
77
78
74","79

79
79
80
73",3.8,4,4,3.8,46254,3.8,46182,4.Non-Critical,9,54.8,3.833333333,0.08211678832,0.5,47826,46452,42461,0,NA,46344,-5.166666667,0,9,-0.4178832117,-50.96666667,-45.8
,66ca2dfb-cba7-4b1b-85d2-6a8de6b715c6,175,CO#1,Coal,M6,A,380,800,SAR70,5,"04-10-2024
06-02-2025
30-08-2025
24-02-2026
14-08-2026","4.3
3.6
3.3
3.2
2.9","4.1
3.9
3.8
3.7
3.7","4
3.8
3.6
3.4
2.85","74
76
77
78","74
75
76
77","74
74
75
76",2.9,3.7,2.85,2.85,46248,2.85,45413,3.Marginal,18,40.75,29.46666667,0.1104294479,0.07724550898,46635.5,47160.67442,42461,0,NA,46308,11.46666667,0,58.25581395,0.03318393887,-11.28333333,17.50581395
,3a793371-4036-4803-9d13-ae7d46dd5922,176,CO#1,Coal,M7,A,380,800,SAR70,5,"19-08-2024
30-10-2024
06-02-2025
30-08-2025
23-09-2025
10-03-2026
10-09-2026","3.9
3.8
3.7
3.6
3.5
3.4
3.12","4.03
3.6
3.6
3.6
3.5
3.5
3.16","3.77
3.6
3.5
3.5
3.2
3.1
2.65","70


72
73
74","70


71
74
75","71


75
74
76",3.12,3.16,2.65,2.65,46275,2.65,44714,3.Marginal,18,26.35,52.76666667,0.1707779886,0.04516335682,45504.5,47703.14894,42461,0,NA,46335,34.76666667,0,99.63829787,0.1256146318,26.41666667,73.28829787
,cc1896b6-6835-4774-b974-4b596c3d186b,177,CO#1,Coal,M8,A,88,800,SAR70,5,"24-05-2023
01-11-2024
28-01-2025
28-06-2025
04-07-2025
29-08-2025","3.5
2.2
2.4
0
0
0","3.2
2.5
2.2
1.7
1.6
1.5","3.8
2.9
2.3
0
0
0","
76
80
87
87
88","
74
77
80
82
83","
74
79
86
86
87",0,1.5,0,0,45898,0,45923,4.Non-Critical,9,30.63,12.46666667,0.1469147894,0.1469147894,46841.9,46841.9,42461,0,46382.45,NA,3.466666667,0,30.63,0,-18.16333333,4.97E-14
,6af97285-6f83-475b-90e5-f89ff6158a8a,178,CO#1,Coal,M10,A,360,800,SAR70,5,"04-10-2024
01-11-2024
28-01-2025
05-05-2025
28-06-2025
25-11-2025
06-02-2026
24-06-2026
10-07-2026
23-09-2026","4.1
3.7
3.5
3.6
3.5
3.4
3.2
3.2
3.19
3.15","4.2
3.8
3.7
3.6
3.5
3.2
3.2
3.1
3.0
2.9","4.1
3.7
3.6
3.6
3.2
3.1
3.1
2.9
2.8
2.7","71
71

72
73
74
74
75
75","70
71

72
73
73
74
74
75","71
72

73
73
74
74
75
76",3.15,2.9,2.7,2.7,46288,2.7,45120,3.Marginal,18,20.34,39.23333333,0.2212389381,0.05907534247,45730.2,47405.21739,42461,0,NA,46348,21.23333333,0,76.17391304,0.1621635956,18.89333333,55.83391304
,ed470684-0762-4fbf-b9c6-89be0c03016f,179,CO#1,Coal,M11,A,290,800,SAR70,5,"24-05-2023
01-11-2024
28-01-2025
05-05-2025
23-09-2025
25-11-2025
06-02-2026
24-06-2026
10-07-2026
23-09-2026","2.2
2.9
2.7
2.8
2.3
2.3
2.2
1.9
0.8
0.34","1.6
3.5
3.2
3.1
2.9
2.8
2.7
2.6
2.6
2.50","2.1
3.3
3.2
3.0
2.9
2.9
2.8
2.8
2.7
2.6","71
72

73
73
74
74
75
75","71
72

72
73
74
75
75
76","71
72

73
73
74
75
75
76",0.34,2.5,2.6,0.34,46288,0.34,45112,1.Critical,18,41.98,39.5,0.1071939019,0.118877551,46371.4,46247.62232,42461,0,NA,Critical,21.5,0,37.85407725,-0.01168364916,-2.48,-4.125922747
,4ba0df0d-8a28-411f-9dfd-eb64911166c3,180,CO#1,Coal,CO1-S1,B,290,500,SAR70,5,"08-10-2024
06-02-2025
08/01/2025
02-01-2026
02-03-2026
13-05-2026
20-07-2026
10-09-2026","4.3
3.7
3.5
3.5
3.4
3.3
3.2
3.0","4.3
3.7
3.5
3.45
3.37
3.29
3.23
3.18","4.2
3.8
3.6
3.5
3.4
3.4
3.39
3.36","69

70
71
71
71","68

70
70
71
71","68

69
69
70
70",3,3.18,3.36,3,46275,3,45433,3.Marginal,18,27.12,28.8,0.1659292035,0.07125890736,46246.6,47327.5,42461,0,NA,46455,10.8,0,63.15,0.09467029618,1.68,36.03
,91ceaafc-a0c3-4d2b-9256-c2297f08acdf,181,CO#1,Coal,CO1-S2,B,380,500,SAR70,5,"31-08-2024
08-10-2024
06-02-2025
08/01/2025
02-01-2026
02-03-2026
13-05-2026
06-07-2026","3.5
3.3
3.2
3.2
3.2
3.1
3.0
2.8","4.2
4.0
3.9
3.7
3.5
3.4
3.3
3.1","3.4
3.3
3.3
3.2
3.2
3.1
3.1
2.7","76
76
77
77
79","79
78
78
78
78","78
74
75
77
78",3.9,3.9,4,3.9,46209,3.9,44568,4.Non-Critical,18,28.99,57.63333333,0.15522594,0.02010968921,45437.7,51281.18182,42461,0,NA,46389,39.63333333,0,223.7727273,0.1351162508,28.64333333,194.7827273
,db626334-2679-453a-b626-8d62a6400049,182,CO#1,Coal,CO1-S3,B,40,500,SAR70,5,"31-08-2024
30-10-2024
06-02-2025
10/17/2025
16-12-2025
21-02-2026
13-05-2026
06-07-2026
10-09-2026","3.5
3.2
3.1
3.0
2.9
2.9
2.8
2.8
2.28","4.0
3.9
3.8
3.7
3.6
3.5
3.2
3.0
2.52","3.6
3.2
3.2
3.1
3.1
3.1
3.0
2.9
2.13","72
73
74
74
75","73
74
74
75
76","78
73
74
74
75",2.28,2.52,2.13,2.13,46275,2.13,44830,3.Marginal,6,27.71,48.9,0.1623962468,0.05958477509,45661.3,47095.67944,42461,0,NA,46335,42.9,0,75.52264808,0.1028114718,21.19,47.81264808
,be035339-0c2c-4a1f-bb02-031f0ab88e9b,183,CO#2,Coal,02BC01,A,210,1800,SAR70,8,"10-10-2024
23-01-2025
22-05-2025
10-11-2025
11-06-2026
29-07-2026","6.8
6.6
6.4
6.3
6.1
5.2","6.6
6.6
6.5
6.4
6.0
5.1","6.5
6.5
6.5
6.3
6.3
5.2","
75
76
76
76
77","
75
75
75
75
76","
76
77
77
77
77",5.2,5.1,5.2,5.1,46232,5.1,44225,4.Non-Critical,18,60.12,69.06666667,0.124750499,0.04334828102,46028.6,49415.51724,42461,0,NA,46412,51.06666667,0,173.0172414,0.08140221799,8.946666667,112.8972414
,d9df3f1b-0087-4545-8558-36e85d7aa668,184,CO#2,Coal,02BC02,A,42,1800,SAR70,8,"10-10-2024
23-01-2025
22-05-2025","5.6
4.9
4.7","4.6
4.2
3.9","6.4
4.5
3.8","76
77
78","75
76
77","76
77
78",4.7,3.9,3.8,3.8,45799,3.8,46291,4.Non-Critical,6,32.72,0.2,0.2292176039,0.2292176039,47272.6,47272.6,42461,0,46781.8,NA,-5.8,0,32.72,0,-32.52,0
,66991e42-edf9-4035-a001-6f2869a0aa21,185,CO#2,Coal,02BC03,A,18,1800,SAR70,8,"23-01-2025
22-05-2025
10-11-2025
04-02-2026
11-06-2026
24-08-2026","3.8
3.6
3.6
3.4
3.3
3.1","3.8
3.7
3.5
3.2
3.0
2.9","3.7
3.6
3.5
3.3
3.3
3.2","69
70
72
71
72
72","69
70
70
71
72
73","68
69
71
71
73
73",3.1,2.9,3.2,2.9,46258,2.9,44900,3.Marginal,3,27.4,46.56666667,0.2737226277,0.1126656848,45722,46897.05882,42461,0,NA,46318,43.56666667,0,66.56862745,0.1610569429,19.16666667,39.16862745
,910c78a3-368f-4e9f-9d71-bda0f3f19f69,186,CO#2,Coal,02BC04A,B,51,1800,SAR70,8,"22-05-2025
28-08-2025
10-11-2025
11-06-2026","7.6
7.5
7.4
7.7","7.6
7.4
7.3
7.0","7.6
7.6
7.6
7.6","70
78
71","72
78
72","74
78
72",7.7,7,7.6,7,46184,7,45783,4.Non-Critical,9,34.86,17.13333333,0.2151462995,0.07481296758,46828.8,48790.5,42461,0,NA,46364,8.133333333,0,100.25,0.1403333319,-17.72666667,65.39
,66565918-82fc-4d7b-b087-6ff2ff1ff849,187,CO#2,Coal,02BC04B,B,51,1800,SAR70,8,"23-01-2025
22-05-2025
10-11-2025
11-06-2026","6.0
5.7
5.6
5.4","4.7
4.6
4.5
4.5","6.8
6.8
6.8
6.6","81
82
83
84","80
81
83
85","80
81
81
83",5.4,4.5,6.6,4.5,46184,4.5,44197,4.Non-Critical,9,61.04,70,0.122870249,0.05284348264,46028.2,48454.85714,42461,0,NA,46364,61,0,141.9285714,0.07002676638,8.96,80.88857143
,5ca4943b-3a64-4b1f-af3f-2dd949a203d0,188,CO#2,Coke,25BC91B,B,450,1600,HRT3,8,"06-12-2024
05-06-2025
05-12-2025
04-04-2026","6.8
6.8
6.7
6.2","4.9
4.4
3.7
3.5","5.9
5.7
4.0
3.4","70
70
75
76","71
72
81
89","66
70
73
75",6.2,3.5,3.4,3.4,46116,3.4,44197,4.Non-Critical,18,61.04,70,0.122870249,0.0719124544,46028.2,47325.80435,42461,0,NA,46296,52,0,104.2934783,0.05095779461,8.96,43.25347826
,aa731c71-ee48-4979-a27f-68a81ea876e9,189,CO#2,Coke,25BC13,A,256,1600,FR,8,"22-01-2025
19-05-2025
10/31/2025
06-04-2026
16-09-2026","7.5
7.2
7.1
6.9
6.5","7.8
7.6
7.4
6.9
6.4","7.6
7.4
7.1
6.8
6.5","80

84

85","81

83

85","81

84

86",6.5,6.4,6.5,6.4,46281,6.4,44197,4.Non-Critical,18,61.04,70,0.122870249,0.02303262956,46028.2,53965.75,42461,0,NA,46461,52,0,325.625,0.09983761946,8.96,264.585
,de43b18f-d5fc-4551-8cff-e97f009068fb,190,CO#2,Coke,25BC23,B,36,1000,FR,8,"4/27/2025
17-12-2025
06-04-2026
17-06-2026
08-07-2026
21-08-2026
16-09-2026","5.8
2.5
2.4
2.4
2.3
2.3
2.1","3.2
2.7
2.5
2.4
2.0
2.0
1.2","5.7
2.2
2.1
2.0
1.8
1.9
1.7","79

80
80
81
82","80

81
82
82
83","79

80
81
81
83",2.1,1.2,1.7,1.2,46281,1.2,44197,2.Semi-Critical,6,61.04,70,0.122870249,0.09788867562,46028.2,46495.52941,42461,0,NA,46311,64,0,76.61764706,0.02498157339,8.96,15.57764706
,097ee6f3-2fc3-45f7-ae5d-e19766a24a1d,191,CO#2,Coke,25BC22,B,299,1000,FR,8,"01-08-2024
30-12-2024
05-03-2025
08-01-2026
17-06-2026
16-09-2026","5.76
5.1
4.9
7.3
7.1
6.8","5.38
4.4
4.1
7.3
7.2
6.9","5.99
4.5
4.3
7.4
7.1
6.9","78
75
77
72
73","78
76
78
73
74","78
76
76
73
74",6.8,6.9,6.9,6.8,46281,6.8,45785,4.Non-Critical,18,36.78,17.06666667,0.2039151713,0.07258064516,46888.4,48885,42461,0,NA,46461,-0.9333333333,0,103.3333333,0.1313345261,-19.71333333,66.55333333
,add2497f-4e0c-414e-baf3-0399f16e726c,192,CO#2,Coke,25BC41,B,166,1000,FR,8,"30-12-2024
22-01-2025
08/01/2025
13-01-2026
04-07-2026
29-09-2026","7
6.9
6.8
6.6
6.5
6.2","7.1
6.8
6.65
6.4
6.1
5.8","7.2
7.1
6.5
6.4
6.4
6.1","80
81
83","82
83
83","81
83
84",6.2,5.8,6.1,5.8,46294,5.8,44197,4.Non-Critical,18,61.04,70,0.122870249,0.03147353362,46028.2,51345.86364,42461,0,NA,46474,52,0,238.2954545,0.0913967154,8.96,177.2554545
,2966d1e1-55cf-4ad7-a80a-a005c9f4c940,193,CO#2,Coke,25BC33,B,36,1000,FR,8,"22-01-2025
19-05-2025
17-12-2025
18-06-2026","7.4
6.9
6.5
6.0","7.4
7.0
6.5
6.1","7.3
6.9
6.7
6.2",74,73,73,6,6.1,6.2,6,46191,6,45623,4.Non-Critical,6,18.94,22.46666667,0.3959873284,0.1056338028,46191.2,47753,42461,0,NA,46371,16.46666667,0,71,0.2903535256,3.526666667,52.06
,3d4d0f84-b982-4f60-a010-d513e27356d8,194,CO#2,Coke,25BC03B,B,45,1600,FR,8,"01-08-2024
05-03-2025
01-04-2025
11-10-2025
06-04-2026
16-09-2026","7.3
7.2
7.2
7.2
7.1
7.0","7.6
7.6
7.5
7.4
7.4
7.4","5.9
5.8
5.7
6.8
6.5
7.2","69
69
70
71
71
72","68
70
70
71
72
72","70
71
72
72
72
73",7,7.4,7.2,7,46281,7,44245,4.Non-Critical,6,59.46,68.4,0.126135217,0.01473477407,46028.8,59515,42461,0,NA,46461,62.4,0,509,0.1114004429,8.94,449.54
,1725a895-74b4-4876-9ecf-718aeba5493b,195,CO#2,Coal,02DC01A,B,10,1000,FR,8,"11/25/2024
02-09-2025
11-06-2026
22-08-2026","3.8
3.1
2.4
2.0","3.9
3.5
3.0
2.7","4.2
4.0
3.4
2.3","81
81
82","80
81
81","80
81
82",2,2.7,2.3,2,46256,2,44357,3.Marginal,1,55.78,64.66666667,0.1344567946,0.09478672986,46030.4,46730.75,42461,0,NA,46316,63.66666667,0,79.125,0.03967006469,8.886666667,23.345
,4664645a-ce1d-4859-ba88-49a7d814a4b1,196,CO#2,Coal,02DC01B,B,10,1000,FR,8,"25-11-2024
29-08-2025
04-02-2026
08-04-2026
11-06-2026","5.1
5.0
5.0
4.9
4.7","5.7
5.0
4.6
4.5
4.5","5.3
4.9
4.7
4.7
4.5","70
71
72","70
71
73","70
73
74",4.7,4.5,4.5,4.5,46184,4.5,44323,4.Non-Critical,1,56.9,65.8,0.1318101933,0.05642127888,46030,48310.85714,42461,0,NA,46364,64.8,0,132.9285714,0.07538891444,8.9,76.02857143
,5ed59a30-e196-4876-becf-3868ee7813c4,197,CO#2,Coke,25BC43,B,125,1200,FR,8,"30-12-2024
22-01-2025
08/01/2025
13-01-2026
04-07-2026
29-09-2026","7.0
6.9
6.9
6.8
6.5
6.1","7.1
7.0
6.9
6.8
6.5
5.6","6.8
6.7
6.7
6.6
6.5
5.8","75
80
81
82","74
81
83
83","73
80
81
85",6.1,5.6,5.8,5.6,46294,5.6,44246,4.Non-Critical,9,59.43,68.36666667,0.1261988894,0.03515625,46028.9,50646,42461,0,NA,46474,59.36666667,0,213.3333333,0.09104263945,8.936666667,153.9033333
,af52f9de-e485-4415-87c9-b6203ce80806,198,CO#2,Coke,25BC01A,A,125,1600,HR,8,"07-06-2024
18-10-2024
03-02-2025
08-05-2025
10/31/2025
25-12-2025
08-06-2026
31-08-2026","4.3
4.2
5.2
4.8
1.4
1
","3
2.8
4.5
4.4
0.2
0
6
0
","4.1
3.1
4.6
4.48
0.6
0.3
","67
70
67
67","73
75
62
62","69
70
64
66",0,0,0,0,46181,0,46281,4.Non-Critical,9,8.85,0.5333333333,0.8474576271,0.8474576271,46546.5,46546.5,42461,0,46413.75,NA,-8.466666667,0,8.85,0,-8.316666667,0
,200213e7-ea7b-4d54-ac73-bce4114b9672,199,CO#2,Coke,25BC32,B,297,1000,FR,8,"27-08-2024
30-12-2024
20-10-2025
06-04-2026
16-09-2026","5.5
.4
7.1
6.9
6.9","5.7
5.3
5.0
4.7","5.6
5.4
4.9
4.8","75
75

81","74
75

81","76
75

80",4.9,4.7,4.8,4.7,46118,4.7,44197,4.Non-Critical,18,61.04,70,0.122870249,0.05153565851,46028.2,48562.90909,42461,0,NA,46298,52,0,145.530303,0.07133459051,8.96,84.49030303
,141d14ac-87c3-4047-b019-d4bee040dee7,200,CO#2,Coke,25BC31,B,250,1000,FR,8,"29-02-2024
26-07-2024
01-08-2024
30-12-2024
05-03-2025
10/20/2025
06-04-2026
16-08-2026","7.48
7.4
7.37
7.3
7.3
7.2
7.2
7.1","7.4
7.38
7.3
7.29
72
7.1
7.1
7.0","7.5
7.4 
7.4
7.3
7.3
7.2
7.1
7.1","71
71
72
73
73

74
75","69
70
73
73
74

74
75","69
71
72
73
74

74
75",7.1,7,7.1,7,46281,7,44236,4.Non-Critical,18,59.76,68.7,0.125502008,0.01466992665,46028.8,59573.5,42461,0,NA,46461,50.7,0,511.25,0.1108320814,8.94,451.49
,cf592ad8-ce6a-445b-bc4d-bd399f6fd916,201,CO#2,Coke,25BC34,B,30,1000,FR,8,"04-10-2024
19-05-2025
31-10-2025
06-04-2026
29-09-2026","4.5
4.0
3.8
3.6
1.8","4.4
3.7
3.5
3.4
0.4","4.6
4.0
3.8
3.7
1.32","70
70","70
70","68
71",1.8,0.4,1.32,0.4,46294,0.4,45069,1.Critical,3,26.77,40.93333333,0.2801643631,0.186122449,45872.1,46277.88158,42461,0,NA,Critical,37.93333333,0,40.29605263,0.09404191411,14.16333333,13.52605263
,836c8fb7-6176-46bc-98bf-787ead7a160f,202,CO#2,Coke,25BC21,A,265,1000,FR,8,"29-02-2024
01-08-2024
30-12-2024
05-03-2025
08-01-2026
08-07-2026
16-09-2026","3.02
4.35
4.2
4
6.7
5.2
5.0","3
3.31
4.1
3.3
6.4
5.1
4.9","3.02
4.77
4.5
3.9
6.7
5.3
5.1","71
72
74
75
76
77","70
71
73
74
77
77","70
71
73
74
75
76",5,4.9,5.1,4.9,46281,4.9,45740,4.Non-Critical,18,23.42,18.56666667,0.3202391119,0.1719038817,46442.6,47048.87097,42461,0,NA,46461,0.5666666667,0,43.62903226,0.1483352302,-4.853333333,20.20903226
,7ef0ee1a-183d-43e0-8a05-c9427fbc9435,203,CO#2,Coke,25BC91,A,850,1600,UHR,8,"27-12-2024
19-05-2025
26-12-2025
18-06-2026","7.3
7.2
6.9
5.8","6.3
6.1
6.0
5.8","6.4
6.0
5.8
5.2","74
75","82
82","74
76",5.8,5.8,5.2,5.2,46191,5.2,44705,4.Non-Critical,18,44.35,53.06666667,0.1691093574,0.05652759085,46035.5,48685.35714,42461,0,NA,46371,35.06666667,0,132.6785714,0.1125817665,8.716666667,88.32857143
,fdd1fe14-5e9e-4ee8-8a62-d7953dd0b67f,204,CO#2,Coke,25BC91A,B,450,1600,HRT3,8,"21-11-2024
05-06-2025
26-12-2025
21-07-2026","6.9
6.8
6.7
6.3","4.9
4.7
4.6
4.6","5.3
5.0
5.0
4.8","69
70
70
75","69
75
75
78","70
71
72
74",6.3,4.6,4.8,4.6,46224,4.6,44998,4.Non-Critical,18,38.81,43.3,0.1932491626,0.08319738989,46162.3,47702.41176,42461,0,NA,46404,25.3,0,90.14705882,0.1100517727,4.49,51.33705882
,b25696d7-fa2d-411f-bd77-d2cb821d6ca6,205,CO#2,Coke,25BC42,B,165,1200,FR,8,"30-12-2024
22-01-2025
01-08-2025
13-01-2026
04-07-2026
29-09-2026","7.1
6.9
6.7
6.6
6.6
6","7.1
6.9
6.7
6.7
6.6
5.4","7.2
7.1
6.9
6.9
6.6
5.8","82
83
84
85
85","81
83
84
84
85","82
83
84
84
84",6,5.4,5.8,5.4,46294,5.4,45040,4.Non-Critical,18,38.68,41.9,0.1938986556,0.06220095694,46200.4,48657.30769,42461,0,NA,46474,23.9,0,120.5769231,0.1316976987,3.22,81.89692308
,5312762b-0e20-445a-87cf-84343bc33a31,206,CO#2,Coal,02RC01,A,20,1600,SAR70,8,"19-11-2025
04-02-2026
24-08-2026","5.8
5.1
4.6","5.5
5.4
4.3","5.7
5.0
4.6","75
77
79","72
73
74","76
78
78",4.6,4.3,4.6,4.3,46258,4.3,45602,4.Non-Critical,3,34.66,23.16666667,0.2163877669,0.1692073171,46641.8,46931.72973,42461,0,NA,46438,20.16666667,0,44.32432432,0.04718044981,-11.49333333,9.664324324
,eaf4092f-1b69-4154-81cf-81bfb9781950,207,CO#2,Coal,02BC06A,A,65,1600,SAR70,8,"23-02-2024
08-05-2025
10-11-2025
08-07-2026","6.29
5.9
5.6
5.5","6.2
5.9
5.8
5.7","6.8
6.6
6.5
5.8","70
75
75
75","69
75
75
76","71
75
76
77",5.5,5.7,5.8,5.5,46211,5.5,44243,4.Non-Critical,9,59.53,68.46666667,0.1259868974,0.0381097561,46028.9,50147,42461,0,NA,46391,59.46666667,0,196.8,0.08787714127,8.936666667,137.27
,9d90cf42-2ec0-415a-852a-9f19eb88eedb,208,CO#2,Coal,02BC06B,B,65,1600,SAR70,8,"23-02-2024
08-05-2025
19-11-2025
11-06-2026","6.8
6.7
6.7
6.6","6.7
5.7
5.5
5.3","6.95
6.9
6.8
6.4","68
73
73","68
68
69","69
70
72",6.6,5.3,6.4,5.3,46184,5.3,44363,4.Non-Critical,9,55.58,64.46666667,0.1349406261,0.04448105437,46030.4,49421.33333,42461,0,NA,46364,55.46666667,0,168.6111111,0.09045957176,8.886666667,113.0311111
,a8335ab3-060c-4666-bba7-147b5f03ae85,209,CO#2,Coal,02BC07A,A,15,1600,SAR70,8,"2/23/2022
02-09-2025
08-04-2026","6.8
4.4
3.2","6.5
4.3
3.4","6.4
4.5
3.2","73
74","73
74","74
75",3.2,3.4,3.2,3.2,46120,3.2,45058,4.Non-Critical,3,32.39,41.3,0.2315529484,0.1355932203,46029.7,46717.375,42461,0,NA,46300,38.3,0,55.3125,0.0959597281,8.91,22.9225
,cbe425d1-991e-4267-b5b2-6645d50e1aa0,210,CO#2,Coal,02BC07B,B,15,1600,FR,8,"23-02-2022
28-08-2025
10/20/2025
22-12-2025
08-04-2026
22-08-2026","4.2
4.1
3.8
3.5
3.4
3.0","3.8
3.7
3.5
3.3
3.1
3.1","4.1
4.1
3.8
3.5
3.2
3.2","71
73
75","73
75
77","72
74
78",3,3.1,3.2,3,46256,3,44337,3.Marginal,3,56.44,65.33333333,0.1328844791,0.07816571131,46030.2,47215.5,42461,0,NA,46436,62.33333333,0,95.95,0.05471876778,8.893333333,39.51
,8fe8ea69-9cdc-4ad2-aee7-3a59f7536479,211,CO#2,Coal,02BC08,A,430,1600,SAR70,8,"11-02-2023
24-09-2024
02-05-2025
08-05-2025
10/20/2025
08-04-2026","7.1
6.9
5.9
5.9
5.6
5.2","7.02
5.3
5.1
4.8
3.9
3.4","7.11
6.9
5.5
4.9
4.8
4.5","82
83
81
82","83
82
81
81","82
80
81
81",5.2,3.4,4.5,3.4,46120,3.4,44197,4.Non-Critical,18,61.04,70,0.122870249,0.07176287051,46028.2,47332.32609,42461,0,NA,46300,52,0,104.5108696,0.0511073785,8.96,43.47086957
,bd9ef89d-9522-4cdb-b46b-690774c16652,212,CO#2,Coal,02BC09A,A,16,1600,SAR70,8,"11-02-2023
24-09-2024
02-05-2025
20-10-2025
11-06-2026","6
5.4
7.3
7.2
7.1","6.5
4.9
7.2
7.1
6.9","6.42
3.4
7.3
7.2
6.8","72
73
76

73","75
75
75

75","72
74
75

73",7.1,6.9,6.8,6.8,46184,6.8,46270,4.Non-Critical,3,25.8,0.9,0.2906976744,0.2906976744,47044,47044,42461,0,46657,NA,-2.1,0,25.8,0,-24.9,0
,1c470947-e0d9-4248-bdc9-b074912dbefc,213,CO#2,Coal,02BC09B,A,126,1600,SAR70,8,"11-02-2023
24-09-2024
14-02-2025
14-01-2026
08-07-2026","7.63
7.3
6.8
6.5
5.9","7.77
7.4
6.9
6.8
5.6","7.62
6.5
6.3
6.1
5.7","72
72
73
74
75","70
71
72
73
74","70
70
70
73
74",5.9,5.6,5.7,5.6,46211,5.6,45743,4.Non-Critical,9,29.86,18.46666667,0.2511721366,0.1538461538,46638.8,47205.5,42461,0,NA,46391,9.466666667,0,48.75,0.09732598279,-11.39333333,18.89
,35cbe4be-e0b4-4d58-87ff-5247a2433aed,214,CO#2,Coal,02BC09,A,145,1600,SAR70,8,"11-02-2023
24-09-2024
02-05-2025
10/20/2025
08-04-2026
08-07-2026","6.43
6.4
6.1
7.7
6.8
6.5","6.47
6.5
6.1
7.4
6.7
6.3","6.42
6.5
6.6
7.7
6.9
6.4","85
85

74
77","86
84

73
75","83
82

73
78",6.5,6.3,6.4,6.3,46211,6.3,45929,4.Non-Critical,9,30.27,12.26666667,0.2477700694,0.1808510638,46837.1,47173.11765,42461,0,NA,46391,3.266666667,0,41.47058824,0.06691900555,-18.00333333,11.20058824
,30e62ba6-f2ca-4c64-ac1b-f9a16bb389f2,215,CO#2,Coke,25BC12,A,150,1600,FR,8,"30-12-2024
20-05-2025
01-08-2025
13-10-2025
10/31/2025
24-11-2025","5.1
4.4
4
3.5
3.2
3.1","5.3
3.6
2.5
1.2
1.0
0.9","5.53
4.0
3
3.4
1.5
1.2","79
79
80
80","76
80
81
80","77
78
80
81",3.1,0.9,1.2,0.9,45985,0.9,45994,4.Non-Critical,9,39.75,10.1,0.1886792453,0.1886792453,47186.5,47186.5,42461,0,46590.25,NA,1.1,0,39.75,0,-29.65,0
,6c343ac1-ac9f-4dac-a271-bd174b1fe3ba,216,CO#2,Coke,25BC03A,A,45,1600,UHUAR,10,"8/30/2025
10/31/2025
24-11-2025
25-12-2025
10-02-2026
06-03-2026
07-05-2026
08-06-2026
31-08-2026
11-09-2026","9.1
5.7
5.4
4.1
7.8
7.4

","8
3.7
2.7
2.6
7.3
7
6.5
5.8
2.5
0","9.5
6.4
6.3
5.1
7.7
7.4

","70
73
65



63","71
72
67



63","71
72
66



62",0,0,0,0,46276,0,46281,4.Non-Critical,6,5.4,0.5333333333,1.759259259,1.759259259,46443,46443,42461,0,NA,NA,-5.466666667,0,5.4,0,-4.866666667,0
,cd64dcc6-a288-4de8-bc7d-65cc3d9cdcc6,217,CO#2,Coal,02FW01A,A,80,1400,BUCKET CON,8,0,0,0,0,0,0,0,0,0,0,0,0,0,46158,4.Non-Critical,24,21.39,4.633333333,0.350631136,0.350631136,46799.7,46799.7,42461,0,46478.85,NA,-19.36666667,0,21.39,0,-16.75666667,-9.59E-14
,bb4e721c-25ae-40cd-a10f-efca039e0419,218,CO#2,Coal,02FW01B,B,80,1400,BUCKET CON,8,45897,3.3,3.2,3.6,73,73,74,3.3,3.2,3.6,3.2,45897,3.2,45325,4.Non-Critical,24,34.49,32.4,0.2174543346,0.2517482517,46359.7,46218.75,42461,0,NA,45987,8.4,0,29.79166667,-0.03429391716,-2.09,-4.698333333
,6d3530b1-c45c-43d9-abf9-2e6b76ba6449,219,CO#2,Coke,25BC01,A,900,1600,UHR,8,"02-08-2024
27-12-2024
05-03-2025
02-09-2025
04-03-2026
21-08-2026","7.0
6.8
6.6
6.59
6.52
6.3","6.9
6.8
6.8
6.67
6.58
6.2","6.5
6.4
6.3
6.25
6.21
6.1","70
71
71
72
73
74","73
73
74
75
76
76","68
73
75
75
76
76",6.3,6.2,6.1,6.1,46255,6.1,45167,4.Non-Critical,18,31.7,37.66666667,0.2365930599,0.05238970588,46118,49461.73684,42461,0,NA,46435,19.66666667,0,143.1578947,0.1842033541,5.966666667,111.4578947
,da5ef366-14d6-4070-be8e-666475e8fc73,220,CO#2,Coke,25BC11,A,220,1600,FR,8,"10/11/2025
08-01-2026
08-07-2026
16-09-2026","7.9
7.7
6.3
6.3","6.9
6.7
6.2
5.8","7.9
7.8
6.5
6.2","67
69
70","68
71
72","68
70
72",6.3,5.8,6.2,5.8,46281,5.8,45796,4.Non-Critical,18,20.2,16.7,0.3712871287,0.1360824742,46402,47449.40909,42461,0,NA,46461,-1.3,0,55.11363636,0.2352046545,-3.5,34.91363636
,8cfef9e7-5d28-4b77-839d-e474fdaa3635,221,CO#2,Coal,05BC01,A,25,1200,FR,8,"30-04-2024
02-05-2025
20-10-2025
08-04-2026","5.66
6.1
5.8
5.4","4.3
5.7
5.5
5.2","4.7
5.7
5.5
5.3","82
78","83
76","82
77",5.4,5.2,5.3,5.2,46120,5.2,45420,4.Non-Critical,3,16.34,29.23333333,0.458996328,0.12,45910.2,47295,42461,0,NA,46300,26.23333333,0,62.5,0.338996328,12.89333333,46.16
,f821cc23-1364-4de0-a6fd-23d9320af291,222,DRI,In Plant,K1-BC03,A,80,650,SHR,6,"5/5/2025
20-11-2025
28-04-2026
15-06-2026","4.3
5.8
5.5
5.1","4
5.8
5.4
5.1","4.2
5.8
5.4
5.2","70
70
71
71","70
71
71
72","68
70
70
72",5.1,5.1,5.2,5.1,45981,5.1,45430,4.Non-Critical,9,25.41,28.9,0.2164502165,0.04900181488,46192.3,48797.22222,42461,0,NA,46161,19.9,0,112.2407407,0.1674484016,3.49,86.83074074
,8819da42-90aa-4a48-962b-638296825102,223,DRI,In Plant,K2-BC03,A,80,650,SHR,6,"26-08-2024
13-02-2025
31-05-2025
03-09-2025
18-11-2025
31-08-2026","5.5
5.4
5.4
5.3
5.3
5.2","5.9
5.9
5.8
5.7
5.5
5.3","5.9
5.8
5.7
5.7
5.6
5.2","67
71
72
72
73
74","69
72
73
74
74
75","66
70
71
72
73
74",5.2,5.3,5.2,5.2,46265,5.2,45448,4.Non-Critical,9,34.82,28.3,0.1579551982,0.02937576499,46492.6,51064.875,42461,0,NA,46445,19.3,0,187.2291667,0.1285794332,-6.52,152.4091667
,a496acfa-74d3-4f2e-bec5-bda358510aab,224,DRI,In Plant,K3-BC03,A,80,650,SHR,5,"06-08-2022
18-10-2023
13-10-2025
29-04-2026
19-08-2026","4.66
4.17
3.7
3.7
3.6","4.52
4.00
3.6
3.4
3.2","4.62
4.05
3.7
3.5
3.4","85
71
80
85
87","87
73
83
89
89","84
70
81
84
89",3.6,3.2,3.4,3.2,46253,3.2,44823,4.Non-Critical,9,27.76,49.13333333,0.1621037464,0.03776223776,45655.8,48398,42461,0,NA,46433,40.13333333,0,119.1666667,0.1243415086,21.37333333,91.40666667
,4baec4eb-85f9-4b18-926f-78cfebd6de10,225,DRI,In Plant,K4-BC03,A,80,650,SHR,6,"5/17/2024
09/10/2025
04-02-2026
10-04-2026
04-07-2026","5.0
5.0
5.0
4.8
4.8","5.0
5.0
5.0
4.8
4.7","5.1
5.0
4.8
4.3
4.2","70

79
81
82","71

79
81
83","70

77
80
82",4.8,4.7,4.2,4.2,46207,4.2,45206,4.Non-Critical,9,28.22,36.36666667,0.194897236,0.05394605395,46052.6,48264.61111,42461,0,NA,46387,27.36666667,0,101.9537037,0.1409511821,8.146666667,73.7337037
,cdb7fb03-d431-4408-b693-de9011ea07ae,226,DRI,In Plant,K5-BC03,A,80,650,SHR,6,"11-11-2024
01-03-2025
03-06-2025
28-11-2025
15-06-2026","5.2
5.1
5.0
4.9
4.7","4.9
4.7
4.6
4.6
4.5","5.3
5.2
5.12
4.9
4.8","69
74
76
77
77","75
76
77
77
80","72
75
75
76
77",4.7,4.5,4.8,4.5,46188,4.5,43967,4.Non-Critical,9,68.59,77.66666667,0.08018661612,0.02026114363,46024.7,52110.66667,42461,0,NA,46368,68.66666667,0,271.4555556,0.0599254725,9.076666667,202.8655556
,38535b04-39ba-4b16-aca4-f34b95c233c6,227,DRI,In Plant,K6-BC03,A,80,650,SHR,5,"07-07-2024
01-03-2025
28-07-2025
08/02/2025
05-02-2026
07-07-2026","4.4
3.7
3.6
3.2
3.0
4.3","4.2
3.9
3.8
3.2
2.7
4.4","4.7
3.7
3.7
3.3
2.9
4.4","75
76
77
79
79
79","77
78
78
78
79
80","77
76
77
78
78
79",4.3,4.4,4.4,4.3,46210,4.3,46115,4.Non-Critical,9,17.07,6.066666667,0.2636203866,0.2210526316,46627.1,46725.71429,42461,0,NA,46300,-2.933333333,0,20.35714286,0.04256775506,-11.00333333,3.287142857
,7bf343b4-bb59-4d16-8a77-3ecc189afaf7,228,DRI,In Plant,K7-BC03,A,80,650,SHR,6,"13-05-2022
30-09-2023
08-07-2024
23-12-2024
09-05-2025
28-07-2025
05-02-2026
20-08-2026","6.51
4.90
5.90
5.4
5.3
5.1
4.7
4.6","6.33
5.00
5.20
5.3
5.1
5.0
4.7
4.5","6.51
4.80
5.80
5.3
5.1
5.0
4.8
4.6","75
63
64
75
75
75
76
77","69
70
66
76
75
75
76
77","71
64
65
74
76
75
75
76",4.6,4.5,4.6,4.5,46254,4.5,45427,4.Non-Critical,9,23.65,29,0.2325581395,0.05441354293,46136.5,48459.33333,42461,0,NA,46434,20,0,101.0777778,0.1781445966,5.35,77.42777778
,33893f7b-fd36-4d17-9a9d-44bd317d7780,229,DRI,In Plant,K8-BC03,A,80,650,SHR,6,"30-09-2024
12-06-2025
02-08-2025
05-02-2026
28-04-2026
04-08-2026","5.1
5.0
4.9
4.9
4.5
4.3","5.3
5.1
5.0
4.5
4.5
4.4","5.1
5.0
4.8
4.7
4.4
4.2","71
71
72
73
74","70
71
72
73
73","70
70
71
72
73",4.3,4.4,4.2,4.2,46238,4.2,45397,4.Non-Critical,9,17.56,30,0.3132118451,0.06420927467,45923.8,47966.72222,42461,0,NA,46418,21,0,85.65740741,0.2490025704,12.44,68.09740741
,5438dbab-0076-4271-acd6-1b173bbc8d14,230,DRI,In Plant,K9-BC03,A,80,650,SHR,5,"28-06-2025
20-08-2025
11-02-2026
25-08-2026","4.9
4.3
4.1
3.5","4.2
3.9
3.7
3.6","4.8
4.4
4.3
3.6","78
80
81
82","79
80
80
81","77
79
81
82",3.5,3.6,3.6,3.5,46259,3.5,46278,4.Non-Critical,9,27.76,0.6333333333,0.1621037464,0.1621037464,47110.8,47110.8,42461,0,46694.4,NA,-8.366666667,0,27.76,0,-27.12666667,9.59E-14
,3b2972d0-9d9b-420a-aa89-c72b796c2123,231,DRI,In Plant,K10-BC03,A,80,650,SHR,6,"02-01-2025
03-07-2025
22-08-2025
04-02-2026
31-07-2026
11-09-2026","5.2
4.8
4.7
4.6
4.5
4.4","4.9
4.8
4.7
4.5
4.4
4.3","4.9
4.8
4.8
4.6
4.5
4.4","72
74
76
76
78
78","70
75
76
77
78
79","71
74
76
75
77
78",4.4,4.3,4.4,4.3,46276,4.3,45285,4.Non-Critical,9,34.18,33.73333333,0.1609128145,0.05146316852,46310.4,48491.17647,42461,0,NA,46456,24.73333333,0,106.872549,0.109449646,-0.4466666667,72.69254902
,2f88a23a-072e-406b-be7e-2e936591aef3,232,DRI,In Plant,PSB1-BC11,B,35,650,SHR,6,"5/5/2025
18-03-2026
14-09-2026","5.4
4.2
4","5.2
4.4
4.2","5.4
4.5
4.3","71
72","73
74","74
74",4,4.2,4.3,4,46279,4,45000,4.Non-Critical,6,22.47,43.23333333,0.2447708055,0.04691164973,45674.1,48517.25,42461,0,NA,46459,37.23333333,0,117.2416667,0.1978591558,20.76333333,94.77166667
,0ec213fd-10f0-4cd5-8eb2-d8704987103e,233,DRI,In Plant,PSB2-BC11,B,18,650,SHR,6,45782,4.3,3.1,4.1,75,78,77,4.3,3.1,4.1,3.1,45782,3.1,45088,4.Non-Critical,3,14.98,40.3,0.3671562083,0.1253602305,45537.4,46404.2069,42461,0,NA,45962,37.3,0,43.87356322,0.2417959777,25.32,28.89356322
,37015304-d359-4206-91a2-fa58b428b0bb,234,DRI,In Plant,PSB3-BC11,B,18,650,SHR,6,"13-01-2025
12-06-2025
24-02-2026
26-09-2026","4.1
4.1
4.0
3.8","4.6
4.4
4.3
4.2","4.1
3.9
3.8
3.5","70
73
73
77","70
71
72
76","72
72
73
76",3.8,4.2,3.5,3.5,46291,3.5,45448,4.Non-Critical,3,10.92,28.3,0.5036630037,0.08896797153,45775.6,47302.6,42461,0,NA,46471,25.3,0,61.82,0.4146950321,17.38,50.9
,d6f52760-aa3f-4579-b419-24c004a13657,235,DRI,In Plant,PSB4-BC11,B,18,650,SHR,6,"1/13/2025
21-03-2026
21-09-2026","5.7
5.5
5.1","5.8
5.6
5.4","5.4
5.2
4.9","75
73","75
74","73
74",5.1,5.4,4.9,4.9,46286,4.9,45427,4.Non-Critical,3,12.16,29,0.4523026316,0.03841676368,45791.8,49722,42461,0,NA,46466,26,0,143.1666667,0.4138858679,16.84,131.0066667
,3556088f-2bbd-4081-a164-a8d9cd2dcb74,236,DRI,In Plant,PSB5-BC11,B,18,650,SHR,6,"05-05-2025
23-08-2025
24-03-2026
12-09-2026","5.3
4.8
4.6
4.5","5.4
5.2
4.8
4.6","5.6
5.5
4.4
4.2","71
73","72
74","71
75",4.5,4.6,4.2,4.2,46277,4.2,45031,4.Non-Critical,3,20.52,42.2,0.2680311891,0.04333868379,45646.6,48838.22222,42461,0,NA,46457,39.2,0,126.9074074,0.2246925053,21.68,106.3874074
,410d8911-f3bf-46ca-88e6-5fc4e53324c9,237,DRI,In Plant,K1-BC12,B,14,500,HR,6,"5/5/2025
11-11-2025","4.3
4.0","3.9
3.6","4.3
4.1","80
81","80
81","82
82",4,3.6,4.1,3.6,45972,3.6,46105,4.Non-Critical,3,53.84,6.4,0.1021545319,0.1021545319,47720.2,47720.2,42461,0,46912.6,NA,3.4,0,53.84,0,-47.44,-9.95E-14
,6f6a6e1a-4be5-42cb-95b3-7df0c08a94eb,238,DRI,In Plant,K10-BC12,B,14,500,HR,6,"5/5/2025
07-08-2025
21-08-2025
04-02-2026
31-07-2026","5.1
5.0
5
4.8
5.5","5.5
5.3
5.1
4.7
5.6","6
5.8
5.6
5.0
5.5","75
75
79
73","73
75
79
74","74
74
78
74",5.5,5.6,5.5,5.5,46234,5.5,45726,4.Non-Critical,3,26.92,19.03333333,0.2043090639,0.02952755906,46533.6,51314,42461,0,NA,46414,16.03333333,0,186.2666667,0.1747815048,-7.886666667,159.3466667
,48a3da3b-56f8-4da1-98c9-0909d95f1341,239,DRI,In Plant,K2-BC12,B,14,500,HR,6,"13-02-2025
31-05-2025
03-09-2025
18-03-2026
01-09-2026","4.2
4.2
4.1
4.0
3.9","4.5
4.3
4.3
4.2
4.2","4.6
4.5
4.4
4.4
4.3","74
75
76
77","73
74
76
78","75
77
78
79",3.9,4.2,4.3,3.9,46266,3.9,44479,4.Non-Critical,3,51.77,60.6,0.1062391346,0.03525461668,46032.1,49159.2381,42461,0,NA,46446,57.6,0,156.0079365,0.07098451796,8.83,104.2379365
,26c81302-ee1b-4ed4-9a6b-1a5be2b6605b,240,DRI,In Plant,K3-BC12,B,14,500,HR,6,"14-08-2024
27-03-2025
20-09-2025
05-03-2026
19-08-2026","NA
4.9
4.9
4.8
4.7","3.5
4.7
4.6
4.5
4.4","NA
4.9
4.9
4.8
4.8","NA
78
82
82
87","85
77
81
83
86","NA
77
81
82
85",4.7,4.4,4.8,4.4,46253,4.4,45526,4.Non-Critical,3,27.35,25.7,0.2010968921,0.06602475928,46346.5,48025.0625,42461,0,NA,46433,22.7,0,83.30208333,0.1350721329,-1.65,55.95208333
,8fa28539-d722-4e13-a636-b82fc3ced7fa,241,DRI,In Plant,K4-BC12,B,14,500,HR,6,"8/14/2024
7/16/2025
22-09-2025
05-03-2026","NA
4
4.0
3.8","5
4.2
4.2
3.9","NA
4.2
4.2
3.9","NA
80
80
82","80
80
81
82","NA
81
81
82",3.8,3.9,3.9,3.8,46086,3.8,44514,4.Non-Critical,3,50.62,59.43333333,0.1086527064,0.04198473282,46032.6,48444,42461,0,NA,46266,56.43333333,0,131,0.06666797362,8.813333333,80.38
,4279227c-7765-48a6-af2b-a0ee6fd404d8,242,DRI,In Plant,K5-BC12,B,14,500,HR,6,"01-03-2025
03-06-2025
08/02/2025
03-10-2025
12-11-2025
05-02-2026
05-08-2026","4.1
4.1
4.0
3.9
3.7
3.2
3.2","4.3
4.2
3.9
3.7
3.6
3.3
3.3","4.6
4.5
4.3
4.1
4.0
3.8
3.8","71
72
72
72
73
73","72
74
75
75
76
76","73
73
74
74
74
75",3.2,3.3,3.8,3.2,46239,3.2,44391,4.Non-Critical,3,54.66,63.53333333,0.1006220271,0.04545454545,46030.8,48021,42461,0,NA,46419,60.53333333,0,121,0.05516748162,8.873333333,66.34
,1e7b2eb9-26ff-49d0-879f-21b5eaaf5a5e,243,DRI,In Plant,K6-BC12,B,14,500,HR,6,"1/13/2025
02-08-2025
05-02-2026
05-08-2026","4.6
4.6
4.6
4.6","4.7
4.6
4.5
4.5","5.1
4.9
4.7
4.7","79
80
81
81","81
81
82
81","79
80
80
80",4.6,4.5,4.7,4.5,46239,4.5,44391,4.Non-Critical,3,54.66,63.53333333,0.1006220271,0.02435064935,46030.8,51167,42461,0,NA,46419,60.53333333,0,225.8666667,0.07627137773,8.873333333,171.2066667
,0e20fcb7-cd0d-406f-8fa5-1b06dff7106d,244,DRI,In Plant,K7-BC12,B,14,500,HR,6,"23-12-2024
13-01-2025
08/02/2025
10/3/25
01-12-2025
05-02-2026
04-08-2026","5.1
5.1
4.9
4.8
4.8
4.8
4.4","4.9
4.8
4.8
4.8
4.7
4.7
4.5","4.9
4.8
4.8
2.7
4.7
4.7
4.1","77
78
80
80
80
81","79
80
80
80
81
82","75
79
80
80
81
82",4.4,4.5,4.1,4.1,46238,4.1,44520,4.Non-Critical,3,50.43,59.23333333,0.1090620662,0.03317811409,46032.9,49493.15789,42461,0,NA,46418,56.23333333,0,165.7719298,0.07588395214,8.803333333,115.3419298
,abd06bc8-70c1-4421-8819-874448173ed4,245,DRI,In Plant,K8-BC12,B,14,500,HR,6,"13-01-2025
12-06-2025
01-12-2025
05-02-2026
04-08-2026","4.8
4.7
4.7
4.6
4.6","4.9
4.8
4.7
4.7
4.6","5.1
5.0
4.9
4.9
3.1","67
71
70
73
74","69
70
70
73
76","67
70
70
72
76",4.6,4.6,3.1,3.1,46238,3.1,45458,4.Non-Critical,3,26.33,27.96666667,0.2088872009,0.1115384615,46247.9,46937.31034,42461,0,NA,46418,24.96666667,0,49.31034483,0.09734873937,1.636666667,22.98034483
,21554a38-74f9-45f7-87f8-4002619a5220,246,DRI,In Plant,K9-BC12,B,14,500,HR,6,"3/20/2025
6/28/2025
03-09-2025
22-11-2025","1.4
0.5
0.3
0.2","2.9
2.6
2.3
0.2","2.6
2.3
2.2
2.0","79
81
81
83","80
82
83
83","79
83
83
83",0.2,0.2,2,0.2,45983,0.2,44319,1.Critical,3,57.03,65.93333333,0.09644046993,0.1045673077,46029.9,45896.93103,42461,0,NA,Critical,62.93333333,0,52.59770115,-0.008126837764,8.903333333,-4.432298851
,a8aebb2e-047e-4a29-8697-5748d703ade3,247,DRI,In Plant,PSB1-BC15,B,210,650,SHR,5,"24-04-2022
10-05-2025
11-11-2025
12-12-2025
23-06-2026
05-08-2026
19-09-2026","4.68
3.8
3.7
3.6
3.6
3.6
3.6","4.34
3.7
3.6
3.5
3.5
3.5
3.4","4.35
3.7
3.7
3.6
3.4
3.4
3.4","63
70
72
73
74
75","67
71
72
73
73
74","62
70
71
73
74
75",3.6,3.4,3.4,3.4,46284,3.4,45149,4.Non-Critical,18,32.75,38.26666667,0.1374045802,0.0422907489,46131.5,48341.1875,42461,0,NA,46464,20.26666667,0,106.40625,0.09511383125,5.516666667,73.65625
,f223fb40-8ddf-478b-a769-115ac8ca4aa1,248,DRI,In Plant,PSB2-BC15,B,240,650,SHR,5,"5/5/2022
7/16/2025
14-02-2026
07-08-2026","5.6
4.3
3.5
3.3","5.49
4.3
3.4
3.2","5.6
4.1
3.6
3.6","62
80
88","65
84
87","61
81
88",3.3,3.2,3.6,3.2,46241,3.2,45148,4.Non-Critical,18,35,38.3,0.1285714286,0.0494053065,46198,47880.5,42461,0,NA,46421,20.3,0,91.08333333,0.07916612208,3.3,56.08333333
,64a7dad1-af88-4ce6-aa3f-49e5598aa43c,249,DRI,In Plant,PSB3-BC15,B,240,650,SHR,5,"06-03-2024
27-03-2025
09/11/2025
05-03-2026
14-09-2026","5.78
3.8
3.5
3.3
3","4.26
3.8
3.4
3.2
2.9","5.52
3.8
3.5
3.3
3","65
78
79
79","66
79
81
81","67
78
80
81",3,2.9,3,2.9,46279,2.9,45043,3.Marginal,18,26.63,41.8,0.1689823507,0.05097087379,45841.9,47691.57143,42461,0,NA,46339,23.8,0,88.28571429,0.1180114769,15.17,61.65571429
,dd38e9c5-b691-423d-b40f-d3f69cf1e661,250,DRI,In Plant,PSB4-BC15,B,240,650,SHR,6,"13-01-2025
12-06-2025
9/11/2025
05-03-2026
07-09-2026","5.6
5.5
5.4
5.4
5.2","5.7
5.6
5.4
5.4
5.4","5.6
5.5
5.3
5.1
5.1","71
75
75
75","74
75
75
75","72
75
75
75",5.2,5.4,5.1,5.1,46272,5.1,45320,4.Non-Critical,18,20.68,32.56666667,0.2659574468,0.02836134454,45940.4,51137.77778,42461,0,NA,46452,14.56666667,0,193.9259259,0.2375961023,11.88666667,173.2459259
,cb11c537-893e-475e-a05b-547dd4a94189,251,DRI,In Plant,PSB5-BC15,B,240,650,SHR,5,"23-12-2024
27-03-2025
01-07-2025
05-12-2025
04-02-2026","3.4
3.2
3.2
3.2
3.0","3.4
3.2
3.1
3.1
3.0","3.6
3.4
3.2
3.2
3.2","80
82
81
82
82","80
81
82
83
88","73
80
80
80
80",3,3,3.2,3,46057,3,46083,4.Non-Critical,18,66.56,7.133333333,0.06760817308,0.06760817308,48079.8,48079.8,42461,0,47081.4,NA,-10.86666667,0,66.56,0,-59.42666667,0
,90716f06-9532-407c-955e-a4fc1b8487c9,252,DRI,In Plant,PSB1-BC21,B,16,500,HR,6,"5/5/2025
11-11-2025
12-12-2025
05-03-2026
29-04-2026","3.2
2.0
2.0
0.8
0.6","3.9
3.6
3.3
3.2
3.2","4.0
3.7
3.5
3.1
3.1","68
71
71
73
77","68
71
71
72
77","68
70
71
72
76",0.6,3.2,3.1,0.6,46141,0.6,46161,4.Non-Critical,1,21.83,4.533333333,0.2519468621,0.2519468621,46815.9,46815.9,42461,0,46488.45,NA,3.533333333,0,21.83,0,-17.29666667,4.97E-14
,4f9b5dad-d615-49e7-9f05-b40b95c9dfff,253,DRI,In Plant,PSB2-BC21,B,16,500,HR,6,"1/10/2025
03-07-2025
01-12-2025
07-08-2026","3.8
3.5
0
4.0","1.8
0
0
3.7","4
3.0
0
3.9","79
80

78","79
79

79","80
80

79",4,3.7,3.9,3.7,46241,3.7,45993,4.Non-Critical,1,16.58,10.13333333,0.3317249698,0.2782258065,46490.4,46586.04348,42461,0,NA,46331,9.133333333,0,19.76811594,0.05349916339,-6.446666667,3.188115942
,ae1112b1-732a-4b93-9177-e18ff3c87d55,254,DRI,In Plant,PSB3-BC21,B,16,500,HR,6,"05-05-2022
27-03-2025
9/11/2025
01-12-2025
24-02-2026
12-05-2026
18-07-2026
14-09-2026","4
3.4
3.1
2.2
2.1
2.1
2.0
0.5","4.1
3.4
3
2.5
2.4
2.4
2.3
1.9","4.12
3
2.8
2.4
2.2
2.2
2.1
1.8","76
75
80
81
82
82","78
81
83
83
83
84","77
78
82
83
83
84",0.5,1.9,1.8,0.5,46279,2,45113,3.Marginal,1,18.13,39.46666667,0.3033645891,0.102915952,45656.9,46716.25,42461,0,NA,46339,38.46666667,0,53.44166667,0.2004486371,21.33666667,35.31166667
,a5432be3-8e93-433d-91c4-c01b6457ca62,255,DRI,In Plant,PSB4-BC21,B,16,500,HR,6,"13-01-2025
12-06-2025
11-09-2025
05-03-2026
06-06-2026","3.7
3.6
3.5
3.5
3.5","4.4
4.2
4.0
3.9
3.9","4.1
4.1
3.9
3.8
3.6","81
83
84
84","82
83
83
83","81
82
82
82",3.5,3.9,3.6,3.5,46179,3.5,46203,4.Non-Critical,1,15.47,3.133333333,0.3555268261,0.3555268261,46667.1,46667.1,42461,0,46435.05,NA,2.133333333,0,15.47,0,-12.33666667,-4.97E-14
,2da55fa9-0124-4ae6-9e24-46967e2a48b9,256,DRI,In Plant,PSB5-BC21,B,16,500,HR,6,"10-12-2024
27-03-2025
06-06-2025
01-07-2025
23-08-2025
05-12-2025
04-02-2026
05-08-2026","4.8
4.7
4.7
4.6
4.6
4.5
4.5
4.4","4.6
4.6
4.5
4.5
4.2
3.8
3.1
2.2","4.5
4.5
4.4
4.3
4.2
4.2
4.1
4.1","70
70
71
71
71
71
77","70
72
72
72
73
72
76","70
70
70
71
72
72
76",4.4,2.2,4.1,2.2,46239,2.2,45545,3.Marginal,1,13.49,25.06666667,0.4077094144,0.1642651297,45949.7,46549.47368,42461,0,NA,46299,24.06666667,0,33.48245614,0.2434442847,11.57666667,19.99245614
,4520ca83-859e-4937-a852-1536fe8abbc9,257,DRI,In Plant,PSB1-BC23,B,70,650,SHR,6,"05-05-2022
10-05-2025
11-11-2025
12-12-2025
23-06-2026
21-07-2026
05-08-2026","5.8
4.9
4.8
4.8
4.4
3.8
  3.8","5.71
4.8
4.7
4.7
4.2
4.1
4.0","5.82
4.8
4.7
4.7
4.3
4.0
3.9","73
76
76
77
77","75
77
78
78
78","70
76
77
77
77",3.8,4,3.9,3.8,46239,3.8,45482,4.Non-Critical,9,32.85,27.16666667,0.1674277017,0.08718626156,46467.5,47374.5,42461,0,NA,46419,18.16666667,0,63.08333333,0.08024144012,-5.683333333,30.23333333
,c228b361-c6e4-47af-ac67-d3d673c8a969,258,DRI,In Plant,PSB2-BC23,B,70,650,SHR,6,"1/10/2025
03-07-2025
21-07-2026","4.8
3.0
3.8","3.4
3.3
3.6","4.4
3.2
3.8","74
74
73","75
75
72","74
74
73",3.8,3.6,3.8,3.6,46224,3.6,45995,4.Non-Critical,9,31.24,10.06666667,0.176056338,0.3144104803,46932.2,46519.79167,42461,0,NA,46314,1.066666667,0,17.49305556,-0.1383541423,-21.17333333,-13.74694444
,7515b227-b687-4e39-b059-015853ffe70f,259,DRI,In Plant,PSB4-BC23,B,70,650,SHR,6,"13-01-2025
12-06-2025
9/11/2025
05-03-2026
07-05-2026
07-07-2026
07-09-2026","5.2
5.0
4.9
4.8
4.7
4.6
4.6","5.3
5.2
5.0
4.8
4.8
4.6
4.6","5.18
5.0
5.8
4.6
4.4
4.4
4.4","76
80
81","77
80
81","78
79
80",4.6,4.6,4.4,4.4,46272,4.4,45216,4.Non-Critical,9,27.56,36.03333333,0.1995645864,0.04545454545,46042.8,48846,42461,0,NA,46452,27.03333333,0,121,0.1541100409,8.473333333,93.44
,07cd141f-59f2-4c64-bc91-b44abb4b423c,260,DRI,In Plant,PSB5-BC23,B,70,500,HR,6,"20-03-2025
06-06-2025
01-07-2025
23-08-2025
05-12-2025
15-06-2026
05-08-2026","4.8
4.7
4.6
4.5
4.4
4.1
3.6","4.7
4.6
4.5
4.3
4.3
3.6
3.2","4.6
4.6
4.5
4.1
4.0
3.5
3.0 ","80
81
81
80
80
80","80
82
82
81
81
81","80
80
80
81
81
81",3.6,3.2,3,3,46239,3,46284,4.Non-Critical,9,28.33,0.4333333333,0.1941404871,0.1941404871,47133.9,47133.9,42461,0,46708.95,NA,-8.566666667,0,28.33,0,-27.89666667,4.97E-14
,502b931e-f553-42e9-a6ea-75c10ae4a2bc,261,DRI,In Plant,PSB1-BC23B,B,50,500,HR,6,"15-06-2024
10-05-2025
11-11-2025
12-12-2025
14-02-2026
05-03-2026
29-04-2026","2.25
2
0.3
0.3
0.2
0
0","3.3
3.1
1.6
1.4
1.2
0.8
0.4","2.8
1.3
0
0
0
0
0","76
80
79
81
81","80
80
81
82
82","78
83
85
85
85",0,0.4,0,0,46141,0,46158,4.Non-Critical,6,32.8,4.633333333,0.1676829268,0.1676829268,47142,47142,42461,0,46650,NA,-1.366666667,0,32.8,0,-28.16666667,0
,f0a441d0-2f1a-4f37-bc42-431a1bd4415d,262,DRI,In Plant,PSB2-BC23B,B,50,500,HR,6,"1/10/2025
03-07-2025
12-12-2025
21-07-2026
07-08-2026","4.7
4.0
5.9
4.3
4.0","3.5
3.0
5.8
3.9
3.7","4.9
3.2
5.9
4.3
3.9","80
80
71
73
78","78
79
72
74
79","80
80
70
73
79",4,3.7,3.9,3.7,46241,3.7,45966,4.Non-Critical,6,23.9,11.03333333,0.230125523,0.2509090909,46683,46623.6087,42461,0,NA,46331,5.033333333,0,21.92028986,-0.0207835679,-12.86666667,-1.979710145
,36144574-e75c-458d-bcd9-e4dac899c766,263,DRI,In Plant,PSB3-BC23B,B,50,500,HR,6,"15-06-2024
27-03-2025
9/11/2025
01-12-2025
12-05-2026
18-07-2026","4.9
4.8
4.8
4.8
4.7
4.7","5.1
5.0
5.0
4.9
4.9
4.8","5.0
5.0
5.0
5.0
4.9
4.8","78
77
80
84
84","82
77
80
84
84","79
77
82
83
85",4.7,4.8,4.8,4.7,46221,4.7,45202,4.Non-Critical,6,17.2,36.5,0.3197674419,0.03827281649,45718,49513.15385,42461,0,NA,46401,30.5,0,143.7051282,0.2814946254,19.3,126.5051282
,671a54aa-1c47-4130-9f8a-d956da331977,264,DRI,In Plant,PSB4-BC23B,B,50,500,HR,6,"13-01-2025
12-06-2025
9/11/2025
05-03-2026
07-05-2026
07-07-2026","3.6
3.5
3.5
3.2
1.8
5.5","3.8
3.5
3.3
3.1
2.1
5.6","3.7
3.5
3.3
3.2
2.8
5.4","80
80
81
74","80
80
81
75","79
79
81
75",5.5,5.6,5.4,5.4,46210,5.4,46203,4.Non-Critical,6,20.4,3.133333333,0.2696078431,2.571428571,46815,46267.16667,42461,0,NA,46300,-2.866666667,0,2.138888889,-2.301820728,-17.26666667,-18.26111111
,35a9b9ef-1e35-4dce-8327-990667367b7b,265,DRI,In Plant,PSB5-BC23B,B,50,500,HR,6,"05-05-2024
27-03-2025
06-06-2025
01-07-2025
8/23/2025
05-12-2025
04-02-2026
24-03-2026 
15-06-2026","5.3
4.9
4.8
4.7
4.6
4.6
4.5
4.3
4.1","4.2
4.1
4.1
4.0
4.0
3.9
3.8
3.7
3.7","5.45
5.2
4.9
4.8
4.5
4.3
4.2
4.2
4.1","68
82
83
84
85
85
87","69
85
87
87
87
87
88","79
82
86
87
87
87
88",4.1,3.7,4.1,3.7,46188,3.7,44416,4.Non-Critical,6,56.73,62.7,0.09695046712,0.03893905192,46117.9,48653.3913,42461,0,NA,46368,56.7,0,141.2463768,0.05801141521,5.97,84.51637681
,810acafc-b40b-44fe-bca3-fe66cf9e88ca,266,DRI,In Plant,PSB1-BC30,B,140,500,SAR70,6,"24-04-2024
10-05-2025
11-11-2025
12-12-2025
14-02-2026
05-03-2026
29-04-2026
16-05-2026
23-06-2026
21-07-2026
05-08-2026
19-09-2026","4.5
4.4
4.2
4.1
4.0
3.9
3.8
3.6
3.5
3.1
1.9
1.8","4.3
4.1
1.9
1.6
1.4
1.3
1.1
1.1
1.1
1.1
1.1
1.0","4.51
4.3
3.5
3.4
3.1
2.9
2.8
2.7
2.6
2.6
2.4
2.1","68
76
74
83
83
83
83
83
84
84","75
76
75
81
82
83
84
84
84
84","74
76
76
83
84
84
84
81
84
84",1.8,1,2.1,1,46284,1,44687,2.Semi-Critical,9,33.75,53.66666667,0.162962963,0.09392611146,45699.5,46443.7,42461,0,NA,46314,44.66666667,0,58.55666667,0.0690368515,19.91666667,24.80666667
,7867b2c5-5a3f-47df-a982-134615ad1a48,267,DRI,In Plant,PSB2-BC30,B,140,500,SAR70,6,"1/10/2025
03-07-2025
27-02-2026
07-08-2026","3.6
2.8
5.5
5.5","3.5
2.7
5.7
5.4","3.9
2.9
5.6
5.6","81
82
78
84","83
84
79
83","83
82 
76
84",5.5,5.4,5.6,5.4,46241,5.4,45846,4.Non-Critical,9,13.17,15.03333333,0.4176157935,0.04556962025,46241.1,49466.83333,42461,0,NA,46421,6.033333333,0,120.6944444,0.3720461732,1.863333333,107.5244444
,637d988d-70ea-412e-818c-716119245c48,268,DRI,In Plant,PSB3-BC30,B,140,500,SAR70,6,"1/13/2025
7/15/2025
11-09-2025
01-12-2025
12-05-2026","4.3
4.2
4.2
4.1
3.9","4.2
4.1
4.1
4.0
3.9","4.3
4.2
4.2
4.0
3.8","80
81
82
84
85","83
84
85
85
85","80
82
82
83
84",3.9,3.9,3.8,3.8,46154,3.8,44687,4.Non-Critical,9,33.75,53.66666667,0.162962963,0.04498977505,45699.5,48354.5,42461,0,NA,46334,44.66666667,0,122.25,0.1179731879,19.91666667,88.5
,ef62d953-e450-4624-b2b6-55b2453db2f9,269,DRI,In Plant,PSB4-BC30,B,140,500,SAR70,6,"13-01-2025
12-06-2025
11-09-2025
07-05-2026
07-07-2026
07-09-2026","3.7
2.9
1.1
4.5
4.3
4.3","3.6
2.6
1.5
4.5
4.4
4.2","3.8
2.3
2.0
4.4
4.3
4.2","78
73
75
76","80
75
76
77","81
74
75
77",4.3,4.2,4.2,4.2,46272,4.2,45962,4.Non-Critical,9,12.71,11.16666667,0.4327301338,0.1741935484,46343.3,46909.22222,42461,0,NA,46452,2.166666667,0,31.57407407,0.2585365854,-1.543333333,18.86407407
,cf1328cd-9394-4fef-9655-f49afce3c805,270,DRI,In Plant,PSB5-BC30,B,140,500,SAR70,6,"10-12-2024
27-03-2025
06-06-2025
01-07-2025
23-08-2025
04-02-2026
24-03-2026
15-06-2026","4.2
4.1
3.9
3.8
3.7
3.7
3.6
3.5","3.8
3.6
3.5
3.5
3.4
3.3
3.2
3.0","4.1
3.8
3.7
3.6
3.5
3.4
3.4
3.2","
74
75
75
76
79","
74
75
77
78
80","
74
74
75
77
79",3.5,3,3.2,3,46188,3,44325,3.Marginal,9,56.83,65.73333333,0.09677986979,0.04830917874,46029.9,47740.5,42461,0,NA,46368,56.73333333,0,113.85,0.04847069104,8.903333333,57.02
,93b5d4eb-3882-44ba-81bd-89ed9e5ef0db,271,DRI,In Plant,AJ5-BC30A,B,340,650,SAR70,5,"20-03-2025
24-02-2026
26-08-2026","4.0
3.8
3.6","3.7
3.5
3.2","3.8
3.6
3.4","71
72
73","71
71
72","70
71
71",3.6,3.2,3.4,3.2,46260,3.2,44876,4.Non-Critical,18,36.53,47.36666667,0.1231864221,0.03901734104,45971.9,48336,42461,0,NA,46440,29.36666667,0,115.3333333,0.08416908108,10.83666667,78.80333333
,8cd37df8-9f1c-4981-b448-bdf32ae01328,272,DRI,In Plant,EJ5-BC30A,B,240,650,SAR70,5,"10-12-2024
12-06-2025
24-02-2026","4.0
3.9
3.7","4.0
3.9
3.8","3.6
3.5
3.4","71
72
74","70
75
76","70
73
75",3.7,3.8,3.4,3.4,46077,3.4,45352,4.Non-Critical,18,21.85,31.5,0.2059496568,0.06620689655,46007.5,47391.0625,42461,0,NA,46257,13.5,0,67.96875,0.1397427602,9.65,46.11875
,3c5ff407-a9b5-4b13-8404-f76451f84f0d,273,DRI,In Plant,K1-BC33,A,240,500,SAR70,5,"09-12-2024
31-05-2025
25-09-2025
18-11-2025
28-04-2026
16-05-2026","3
2.2
2.1
1.9
1.3
0.6","3.2
2.8
2.7
2.6
1.9
1.3","2.9
2.5
2.3
1.6
0.7
0.2","69
75
76
76
82
83","68
74
75
75
78
81","71
76
76
77
81
83",0.6,1.3,0.2,0.2,46158,0.2,45429,1.Critical,18,25.38,28.93333333,0.1773049645,0.1975308642,46190.4,46112.4375,0,0,NA,Critical,10.93333333,0,22.78125,-0.02022589966,3.553333333,-2.59875
,02379b89-ab6a-49c3-a316-408dbb07d9bb,274,DRI,In Plant,K2-BC33,A,240,500,SAR70,5,"26-08-2024
02-09-2024
13-02-2025
31-05-2025
03-09-2025
18-11-2025
16-05-2026
31-08-2026","3.4
3.2
4.8
4.5
4.5
4.5
3.4
2.4","1.2
1.2
4.4
4.1
4.1
3.9
3.3
2.9","4.8
3.3
5.0
4.7
4.7
4.6
3.4
3.0","73
75
70
73
74
74
75
75","76
77
71
73
73
74
75
75","75
76
72
73
74
74
75
76",2.4,2.9,3,2.4,46265,2.4,45566,3.Marginal,18,26.82,24.36666667,0.1677852349,0.1115879828,46370.6,46775.80769,42461,0,NA,46325,6.366666667,0,40.32692308,0.05619725207,-2.453333333,13.50692308
,048540cb-9c42-4583-87b6-8fe5215e7a53,275,DRI,In Plant,K3-BC33,A,240,500,SAR70,5,"10/13/2025
08-12-2025
19-08-2026","4.7
4.7
4.6","4.8
4.5
4.2","4.8
4.8
4.6","75
76
81","74
76
84","75
77
84",4.6,4.2,4.6,4.2,46253,4.2,45680,4.Non-Critical,18,35.69,20.56666667,0.1260857383,0.04188481675,46750.7,48903.125,42461,0,NA,46433,2.566666667,0,107.4375,0.08420092155,-15.12333333,71.7475
,5e16d2a2-cf89-4358-9034-265bc955f83b,276,DRI,In Plant,K4-BC33,A,240,500,SAR70,5,"7/14/2024
09/10/2025
10/30/2025
04-02-2026
10-04-2026
04-07-2026","3.4
3.4
3.4
3.4
3.3
3.2","0
2.9
2.8
2.7
2.5
2.4","3.4
4
3.9
3.9
3.9
3.9","73
66
70
73
77","74
66
70
73
75","80
68
71
72
77",3.2,2.4,3.9,2.4,46122,2.4,45489,3.Marginal,18,27.56,26.93333333,0.1632801161,0.1232227488,46315.8,46584.57692,42461,0,NA,46182,8.933333333,0,36.51923077,0.0400573673,-0.6266666667,8.959230769
,9d7503d9-b805-4e71-8e64-8623ed65e9da,277,DRI,In Plant,K5-BC33,A,240,500,SAR70,5,"11-11-2024
01-03-2025
03-06-2025
28-07-2025
28-11-2025
13-02-2026
14-03-2026
15-06-2026
23-09-2026","3.8
3.8
3.7
3.6
3.5
3.4
3.3
3.2
3.1","3.5
3.4
3.0
2.7
2.6
2.5
2.5
2.3
2.2","3.9
3.8
3.7
3.7
3.7
3.6
3.5
3.0
2.9","70
72
73
73
74
74
74
75","69
72
73
74
74
75
75
76","71
74
75
75
76
77
77
77",3.1,2.2,2.9,2.2,46288,2.2,45304,3.Marginal,18,32.7,33.1,0.1376146789,0.08536585366,46285,46885.42857,42461,0,NA,46348,15.1,0,52.71428571,0.05224882524,0.4,20.01428571
,64659e8a-21a8-483c-9030-03989bfb70cb,278,DRI,In Plant,K6-BC33,A,240,500,SAR70,5,"7/28/2025
08/02/2025
12-11-2025
13-02-2026
27-04-2026
07-07-2026
05-09-2026","4.1
3.5
3.1
3
2.8
2.6
2.6","4.1
3.6
2.9
2.8
2.7
2.6
2.6","3.9
3.7
3.4
3.2
3.1
2.9
2.8","71
73
74
75
81
80
81","70
74
74
75
78
80
81","71
73
77
77
82
80
82",2.6,2.6,2.8,2.6,46270,2.6,45791,3.Marginal,18,30.52,16.86666667,0.1474442988,0.1503131524,46706.6,46689.125,42461,0,NA,46330,-1.133333333,0,29.9375,-0.00286885358,-13.65333333,-0.5825
,1f71bdbf-cdf0-4179-a961-e5f8288a664a,279,DRI,In Plant,K7-BC33,A,240,500,SAR70,5,"08-07-2024
23-12-2024
09-05-2025
28-07-2025
08/02/2025
25-09-2025
01-12-2025
14-03-2026
20-08-2026","2.9
3.5
3.4
2.9
2.7
2.6
2.5
2.2
3.7","1
3.5
2.7
1.8
1.6
1.5
1.4
0.3
3.7","3.2
3.5
3.0
3.0
2.8
2.7
1.2
0.1
3.7","76
69
70
74
75
75
75
75
71","74
68
69
70
71
72
75
75
72","75
71
70
71
72
73
75
75
73",3.7,3.7,3.7,3.7,46254,3.7,46127,4.Non-Critical,18,19.4,5.666666667,0.2319587629,0.3070866142,46709,46566.61538,42461,0,NA,46344,-12.33333333,0,14.65384615,-0.07512785129,-13.73333333,-4.746153846
,612d07b0-22c2-4543-be05-8dee1e93a4cd,280,DRI,In Plant,K8-BC33,A,240,500,SAR70,5,"1/13/2025
08/02/2025
10/3/25
01-12-2025
28-04-2026
19-06-2026
04-08-2026","4.2
3.9
3.8
3.7
3.2
3.1
3.1","3.5
2.8
2.5
2.5
2.4
2.4
2.3","3.3
3.2
3.1
3.0
2.9
2.8
2.7","65
67
68
73","64 
65
69
72","65
65
68
73",3.1,2.3,2.7,2.3,46238,2.3,45229,3.Marginal,18,26.51,35.6,0.1697472652,0.08027750248,46024.3,46910.66667,42461,0,NA,46298,17.6,0,56.05555556,0.08946976271,9.09,29.54555556
,871a4b8b-5c62-49b4-b6cc-44a9a4947959,281,DRI,In Plant,K9-BC33,A,240,500,SAR70,5,"8/13/2024
6/28/2025
05-07-2025
20-08-2025
03-09-2025
26-11-2025","3.6
3.8
3.5
3.2
3.2
3.1","3.1
0.8
0.8
0.8
0.6
0.1","3.9
3.1
3.1
2.7
2.7
2.0","69
76
76
76","72
75
75
77","69
76
76
77",3.1,0.1,2,0.1,45987,0.1,46173,4.Non-Critical,18,35.5,4.133333333,0.1267605634,0.1267605634,47238,47238,42461,0,46705.5,NA,-13.86666667,0,35.5,0,-31.36666667,0
,a9568e1c-a8a8-4743-8942-03718eb88896,282,DRI,In Plant,K10-BC33,A,240,500,SAR70,5,"1/2/2025
05-07-2025
21-08-2025
25-09-2025
12-12-2025
15-06-2026
31-07-2026
11-09-2026","4.6
3.7
3.6
3.6
3.5
3.3
3.2
3.1","3.9
3.9
3.8
3.7
3.6
2.2
1.7
0","4.4
3.8
3.7
3.7
3.6
3.2
2.9
2.9","67
67
67
67
68
69
70
70","63
65
66
68
69
70
71
71","66
67
67
68
69
71
71
71",3.1,0,2.9,0,46276,0,46282,4.Non-Critical,18,17.76,0.5,0.2533783784,0.2533783784,46814.8,46814.8,42461,0,46548.4,NA,-17.5,0,17.76,0,-17.26,9.59E-14
,6ed26753-2f31-4ca4-90ed-30b6d035d4d1,283,DRI,In Plant,K1-BC37,A,84,500,HR,6,"09-12-2024
31-05-2025
20-11-2025
28-04-2026","4.3
4
3.8
3.7","4.5
4.1
4.1
4.1","3.7
3.7
3.7
3.6","64
66
76
76","63
65
76
76","64
66
77
77",3.7,4.1,3.6,3.6,46140,3.6,46198,4.Non-Critical,9,11.55,3.3,0.4761904762,0.4761904762,46544.5,46544.5,42461,0,46371.25,NA,-5.7,0,11.55,0,-8.25,0
,1c085935-6b4e-4ac8-82f5-0139c73981ba,284,DRI,In Plant,K2-BC37,A,84,500,HR,6,"26-08-2024
13-02-2025
31-05-2025
03-09-2025
18-11-2025
16-05-2026","3.7
3.3
3.3
3.3
3.2
1.9","3.7
3.5
3.3
3.1
2.9
2.9","3.8
3.6
3.4
3.4
3.3
2.0","72
74
76
76
78
81","74
74
77
76
76
80","68
75
77
76
78
80",1.9,2.9,2,1.9,46158,1.9,46265,4.Non-Critical,9,34.86,1.066666667,0.157773953,0.157773953,47310.8,47310.8,42461,0,46787.9,NA,-7.933333333,0,34.86,0,-33.79333333,9.95E-14
,4af0c97d-1a15-4cdc-b715-ab1e92411557,285,DRI,In Plant,K3-BC37,A,84,500,HR,6,"1/10/2025
13-10-2025
08-12-2025
19-08-2026","4
3.2
2.9
3.7","3.1
2.5
2.2
3.4","3.8
3.4
2.1
3.5","77
78
78
80","78
80
80
80","79
80
80
80",3.7,3.4,3.5,3.4,46253,3.4,46010,4.Non-Critical,9,29.29,9.566666667,0.1877773984,0.3209876543,46888.7,46524.03846,42461,0,NA,46343,0.5666666667,0,17.13461538,-0.1332102559,-19.72333333,-12.15538462
,1e6fa83b-767b-499b-953a-ed816eee1c0c,286,DRI,In Plant,K4-BC37,A,84,500,HR,6,"06-08-2022
18-10-2023
17-05-2024
09/10/2025
04-02-2026
10-04-2026
04-07-2026
25-09-2026","5.05
4.50
3.1
3.1
3.0
3.0
3.0
2.8","4.36
4.23
3.3
3.1
2.9
2.8
2.7
2.7","3.88
4.0
3.4
3.0
3.0
2.8
2.7
2.6","74
81
74
80
81
81
82","75
85
72
80
80
82
82","80
83
73
80
80
81
81",2.8,2.7,2.6,2.6,46290,2.6,44884,3.Marginal,9,21.81,47.1,0.2521779,0.07254623044,45538.3,47158.41176,42461,0,NA,46350,38.1,0,75.81372549,0.1796316696,25.29,54.00372549
,15e667df-5c4e-4e6a-93ed-36b52107f0ab,287,DRI,In Plant,K5-BC37,A,84,500,HR,6,"11-11-2024
03-06-2025
28-07-2025
02-08-2025
28-11-2025
23-09-2026","3.4
3
2.8
2.7
2.7
5.1","3.1
2.6
2.5
2.4
2.4
5.6","3.4
3.1
2.8
2.8
2.7
5.5","65
69
72
72
73
73","64
69
70
71
72
73","65
70
72
72
73
74",5.1,5.6,5.5,5.1,46288,5.1,45993,4.Non-Critical,9,11.76,10.13333333,0.4676870748,0.09152542373,46345.8,47795.77778,42461,0,NA,46468,1.133333333,0,60.09259259,0.3761616511,-1.626666667,4.83E+01
,97f3f918-b3b9-4b03-a9f3-760a96351ff0,288,DRI,In Plant,K6-BC37,A,84,500,HR,6,"5/14/2025
28-07-2025
08/02/2025
12-11-2025
27-04-2026
07-07-2026","5.6
5.5
5.4
5.1
5.7
3.9","5.9
5.8
5.6
5.2
5.7
3.7","5.6
5.5
5.3
5.0
5.5
3.8","75
75
76
75
74
76","75
75
75
76
74
78","75
75
75
76
78
79",3.9,3.7,3.8,3.7,46210,3.7,46276,4.Non-Critical,9,11.63,0.7,0.4729148753,0.4729148753,46624.9,46624.9,42461,0,46450.45,NA,-8.3,0,11.63,0,-10.93,4.80E-14
,864870a4-cf31-4303-ab81-debc7af859b2,289,DRI,In Plant,K7-BC37,A,84,500,HR,6,"13-05-2022
30-09-2023
08-07-2024
09-05-2025
28-07-2025
20-08-2026","4.93
3.90
3.60
3.2
3.2
3.0","4.88
3.80
3.80
3.4
3.3
3.3","4.69
4.00
3.40
3.2
3.2
3.2","72
74
77
77
77
70","71
73
75
76
78
71","75
75
76
76
81
71",3,3.3,3.2,3,46254,3,46093,3.Marginal,9,23.14,6.8,0.2376836646,0.5590062112,46787.2,46388.16667,42461,0,NA,46344,-2.2,0,9.838888889,-0.3213225465,-16.34,-13.30111111
,2a1d63e6-407a-4f65-a942-7b09b0855b92,290,DRI,In Plant,K8-BC37,A,84,500,HR,6,"8/24/2023
03-10-2025
28-04-2026
19-06-2026
04-08-2026","3.5
3.4
2.8
2.7
2.7","3.5
3.0
2.8
2.8
2.8","3.6
3.5
3.2
3.1
3.0","68
68

75","70
70

75","69
70

76",2.7,2.8,3,2.7,46238,2.7,45396,3.Marginal,9,15.49,30.03333333,0.3550677857,0.1175771971,45860.7,46799.33333,42461,0,NA,46298,21.03333333,0,46.77777778,0.2374905885,14.54333333,31.28777778
,30f1aae8-ce14-440b-a03d-d244323d5ccc,291,DRI,In Plant,K9-BC37,A,84,500,HR,6,"8/13/2024
6/28/2025
20-08-2025
26-11-2025
13-05-2026","5.8
5.8
5.8
5.5
5.1","2.3
5.9
5.8
5.2
4.9","3.5
5.7
5.7
4.9
4.8","77
73
74
74","78
74
75
75","75
74
75
75",5.1,4.9,4.8,4.8,46155,4.8,45770,4.Non-Critical,9,12.25,17.56666667,0.4489795918,0.09350649351,46137.5,47534.58333,42461,0,NA,46335,8.566666667,0,58.81944444,0.3554730983,5.316666667,46.56944444
,57c79aa0-44ff-49fb-982a-f890a375493a,292,DRI,In Plant,K10-BC37,A,84,500,HR,6,"02-10-2024
02-01-2025
07-08-2025
8/22/2025
25-09-2025
12-12-2025
04-02-2025
15-06-2026
31-07-2026
11-09-2026","3.7
3.5
3.3
3.3
3.3
3.0
2.4
2.2
2.2
2.2","3.5
3.4
3.2
3.1
3.0
2.6
2.4
2.4
2.3
2.3","3.9
3.3
2.9
2.8
2.7
2.6
2.5
2.5
2.4
2.3","72
74
75
75
77
77
77
78
78","70
70
70
71
73
75
75
77
78","72
74
75
76
77
77
78
78
79",2.2,2.3,2.3,2.2,46276,2.2,45285,3.Marginal,9,19.19,33.73333333,0.2866076081,0.1150353179,45860.7,46719.34211,42461,0,NA,46336,24.73333333,0,47.81140351,0.1715722903,14.54333333,28.62140351
,7858ca71-4445-4e1b-b4b3-a4eee791913f,293,DRI,In Plant,PSB1-JH1C1,A,34,650,SHR,5,"11-01-2025
10-05-2025
11-11-2025
16-05-2026","4.3
4.3
4.9
4.7","4.4
3.9
4.9
4.8","4.4
4.4
4.9
4.8","65
75
82","69
75
81","65
74
82",4.7,4.8,4.8,4.7,46158,4.7,45959,4.Non-Critical,6,12.45,11.26666667,0.3614457831,0.04522613065,46332.5,48944,42461,0,NA,46338,5.266666667,0,99.5,0.3162196525,-1.183333333,87.05
,3ded7191-b405-476d-b4dd-6dd35cb9ea79,294,DRI,In Plant,PSB2-JH3C1,A,34,650,SHR,6,"03-07-2025
12-12-2025
21-07-2026","5.8
5.0
3.3","6
5.0
3.5","6
5.0
3.7","76
75
79","75
76
78","75
75
79",3.3,3.5,3.7,3.3,46224,3.3,45812,4.Non-Critical,6,30.29,16.16666667,0.1815780786,0.1966019417,46720.7,46651.25926,42461,0,NA,46404,10.16666667,0,27.97530864,-0.01502386317,-14.12333333,-2.314691358
,2c12d533-7af9-4e74-9fbe-f1a2c2394641,295,DRI,In Plant,PSB3-JH5C1,A,34,650,SHR,6,"13-01-2025
12-06-2025
15-01-2026
18-07-2026","3.8
3.6
3.4
3.3","4.5
4.4
4.2
4.0","3.9
3.8
3.5
3.5","75
75
75
75","75
76
76
76","75
76
77
77",3.3,4,3.5,3.3,46221,3.3,44211,4.Non-Critical,6,60.58,69.53333333,0.09078903929,0.04029850746,46028.4,48305.44444,42461,0,NA,46401,63.53333333,0,136.4814815,0.05049053182,8.953333333,75.90148148
,15d12b57-2620-40bd-b971-140c803c9627,296,DRI,In Plant,PSB4-JH7C1,A,34,650,SAR70,6,"13-01-2025
12-06-2025
01-12-2025
06-05-2026","3.6
3.4
3.1
3.1","3.7
3.4
3.4
3.3","3.7
3.3
3.3
3.2","75
75
80","75
76
80","74
75
80",3.1,3.3,3.2,3.1,46148,3.1,45402,4.Non-Critical,6,30.52,29.83333333,0.1802096986,0.1166219839,46317.6,46816.82759,42461,0,NA,46328,23.83333333,0,47.16091954,0.06358771464,-0.6866666667,16.64091954
,4d702770-1c73-4d58-b0a0-42b12dd81371,297,DRI,In Plant,PSB5-JH9C1,A,34,650,SAR70,6,"3/20/2025
01-07-2025
05-12-2025
15-06-2026","3.9
3.9
3.8
3.1","3.8
3.8
3.6
3.3","4.2
4.1
3.3
3.1","67
68
70
70","66
70
73
73","67
68
72
74",3.1,3.3,3.1,3.1,46188,3.1,44368,4.Non-Critical,6,55.42,64.3,0.09924215085,0.0478021978,46030.6,47819.72414,42461,0,NA,46368,58.3,0,115.0574713,0.05143995305,8.88,59.63747126
,f7f12201-1f15-4362-8dd3-6e0a85732497,298,DRI,In Plant,PSB1-JH2C1,A,50,650,SHR,6,"11-01-2025
10-05-2025
11-11-2025
16-05-2026","4.7
4.6
4.6
4.6","4.8
4.7
4.6
4.5","4.8
4.7
4.7
4.6","65
75
75","69
69
72","66
6
72",4.6,4.5,4.6,4.5,46158,4.5,44368,4.Non-Critical,3,55.42,64.3,0.09924215085,0.0251396648,46030.6,50931.33333,42461,0,NA,46338,61.3,0,218.7777778,0.07410248604,8.88,163.3577778
,7a334fc0-ac47-4137-80a7-d4d378b35ff7,299,DRI,In Plant,PSB2-JH4C1,A,50,650,SHR,6,"1/10/2025
03-07-2025
12-12-2025
21-07-2026","5.1
4.9
4.8
4.3","4.9
4.8
4.6
4.1","4.9
4.7
4.5
3.4","71
74
75
77","70
74
75
79","69
72
74
77",4.3,4.1,3.4,3.4,46224,3.4,44363,4.Non-Critical,3,55.58,64.46666667,0.09895645916,0.04191295003,46030.4,48299.73077,42461,0,NA,46404,61.46666667,0,131.224359,0.05704350913,8.886666667,75.64435897
,38503a05-71c3-47ed-ab6d-13b0940fc66b,300,DRI,In Plant,PSB3-JH6C1,A,50,650,SHR,6,"13-01-2025
12-06-2025
15-07-2025
15-01-2026
05-03-2026
12-05-2026","1.9
1.6
1.4
0.5
0.3
0.3","2.9
2.9
2.8
2.7
2.7
2.6","2.8
2.6
2.5
2.4
2.0
1.8","74
77
78
81
82","81
82
83
83
84","75
76
77
80
83",0.3,2.6,1.8,0.3,46154,0.3,45031,1.Critical,3,21.37,42.2,0.2573701451,0.1522707035,45672.1,46114.59649,42461,0,NA,Critical,39.2,0,36.11988304,0.1050994416,20.83,14.74988304
,3667b6ce-e60f-4ca9-a31f-b579f0ef25fe,301,DRI,In Plant,PSB4-JH8C1,A,50,650,SAR70,6,"13-01-2025
12-06-2025
01-12-2025
06-05-2026","4.1
4.0
4.0
3.8","4.4
3.9
3.1
3","4.1
4.0
3.8
3.5","79
79
82","79
79
82","79
79
81",3.8,3,3.5,3,46148,3,44368,3.Marginal,3,55.42,64.3,0.09924215085,0.05056179775,46030.6,47631.33333,42461,0,NA,46328,61.3,0,108.7777778,0.0486803531,8.88,53.35777778
,199c46a1-9d1f-41a1-9288-194de7212503,302,DRI,In Plant,PSB5-JH10C1,A,50,650,SAR70,6,"3/20/2025
01-07-2025
05-12-2025
15-06-2026
05-08-2026","4.3
4.2
4.0
3.9
3.8","4.6
4.5
4.4
4.4
4.4","4.2
4.2
3.5
3.5
3.4","68
70
71
74
75","70
72
74
77
77","70
71
72
76
77",3.8,4.8,3.4,3.4,46239,3.4,44368,4.Non-Critical,6,55.42,64.3,0.09924215085,0.0416889364,46030.6,48325.88462,42461,0,NA,46419,58.3,0,131.9294872,0.05755321445,8.88,76.50948718
,fb934c97-8402-4e06-96a8-fa560af0418a,303,DRI,In Plant,PDC1,C,190,800,HRT1,5,"08-04-2025
05-07-2025
03-02-2026
31-03-2026
05-05-2026
03-07-2026
07-09-2026","4.8
4.1
3.4
3.3
3.0
2.6
2.5","4.7
4.2
2.8
2.7
2.7
2.5
2.5","4.7
4.4
3.7
3.7
3.7
3.5
3.4","69
69
70

74
77
77","69
69
72

75
80
81","69
69
70

74
76
76",2.5,2.5,3.4,2.5,46272,2.5,45662,3.Marginal,18,34.71,21.16666667,0.1296456353,0.1229508197,46703.3,46760,42461,0,NA,46332,3.166666667,0,36.6,0.006694815591,-13.54333333,1.89
,33971328-1518-48e9-838e-c2f03f3fff8c,304,DRI,In Plant,PDC2,C,185,800,HRT1,5,"19-09-2024
31-01-2025
05-07-2025
9/11/2025
02-12-2025
05-05-2026","3.7
3.5
3.4
3.3
3.3
3.3","3.5
3.2
3.2
3.1
3.1
3.1","3.8
3.7
3.6
3.5
3.5
3.5","82
80
80
83
83","82
80
80
82
83","81
81
82
83
83",3.3,3.1,3.5,3.1,46147,3.1,44197,4.Non-Critical,18,55.42,70,0.08119812342,0.02923076923,45859.6,48815.42105,42461,0,NA,46327,52,0,153.9473684,0.05196735419,14.58,98.52736842
,530b3549-8a22-4cc8-8406-e21a6b443bdd,305,DRI,In Plant,PDC3,C,200,800,HRT1,5,"19-09-2024
31-01-2025
05-07-2025
03-02-2026
03-07-2026
07-09-2026","3.82
3.8
3.8
3.7
3.6
3.4","3.95
3.5
3.4
3.1
2.8
2.7","4.2
3.7
3.6
2.9
2.8
2.6","76
77
76
76
77
77","74
76
76
78
78
78","74
76
76
76
76
77",3.4,2.7,2.6,2.6,46272,2.6,44468,3.Marginal,18,52.14,60.96666667,0.08630609896,0.0399113082,46032.2,47850.5,42461,0,NA,46332,42.96666667,0,112.75,0.04639479076,8.826666667,60.61
,acf2002a-0371-4046-8a84-80b80b75c21c,306,DRI,In Plant,PDC4,C,200,800,HRT1,5,"13-05-2022
30-09-2023
19-09-2024
31-01-2025
05-07-2025
03-02-2026
05-08-2026","4.5
4.2
4.1
4.1
4.0
4.0
4.0","4.4
4.3
4.3
4.2
4.2
4.2
4.2","4.5
4.2
4.2
4.0
4.0
4.0
4.0","75
71
84
82
83
83
83","74
70
72
81
82
83
83","71
76
83
83
83
83
83",4,4.2,4,4,46239,4,44248,4.Non-Critical,18,59.36,68.3,0.07580862534,0.01506780512,46028.8,53207.5,42461,0,NA,46419,50.3,0,298.65,0.06074082021,8.94,239.29
,ef3cc3b8-0413-40f6-845a-8147a3a30b63,307,DRI,In Plant,PDC5,C,145,800,HRT1,5,"19-09-2024
31-01-2025
05-07-2025
21-08-2025
03-02-2026
05-08-2026","4
3.9
3.9
3.7
3.6
3.6","4.2
3.9
3.7
3.6
3.5
3.5","4.2
3.9
3.8
3.8
3.7
3.7","82
80
83
83
86","79
83
83
84
86","82
82
83
84
87",3.6,3.5,3.7,3.5,46239,3.5,44005,4.Non-Critical,18,67.35,76.4,0.06681514477,0.02014324082,46025.5,50707,42462,0,NA,46419,58.4,0,223.4,0.04667190394,9.05,156.05
,0f766681-4158-4c4e-86fb-39118e1bef4a,308,DRI,In Plant,PDC6,C,155,800,HRT1,5,"19-09-2024
31-01-2025
05-07-2025
21-08-2025
10/1/25
10/31/2025
02-12-2025
05-05-2026","4
3.9
3.7
3.6
3.6
3.5
3.4
3.3","3.92
3.9
3.8
3.7
3.6
3.6
3.5
3.5","4.2
4.1
3.9
3.8
3.7
3.7
3.6
3.6","62
61
61
65
68","63
62
62
64
65","62
61
62
65
67",3.3,3.5,3.6,3.3,46147,3.3,44368,4.Non-Critical,18,55.42,64.3,0.08119812342,0.02866779089,46030.6,49077.11765,42463,0,NA,46327,46.3,0,156.9705882,0.05253033253,8.88,101.5505882
,dd2ff79c-601a-4da7-8d9e-b9e4e7ba7743,309,DRI,In Plant,PDC5A,C,35,650,SHR,5,"19-12-2024
17-01-2025
05-07-2025
20-08-2025","3.8
2.8
1.8
0","3.7
2.3
1.2
0","3.8
3
2.0
0","81
81","80
83","82
82",0,0,0,0,45889,0,45968,4.Non-Critical,6,31.29,10.96666667,0.1438159156,0.1438159156,46906.7,46906.7,42461,0,46437.35,NA,4.966666667,0,31.29,0,-20.32333333,-9.59E-14
,103865b3-f1be-4645-a120-6e0c46aceb01,310,DRI,In Plant,HAC-PDC7,C,55,1000,BUCKET CON,5,"24-08-2023
30-09-2023
19-09-2024
31-01-2025
31-10-2025","3.10
3.20
3
1.3
1.3","2.50
2.60
2.50
1.4
1.4","2.90
3.10
2.80
1.4
1.4","69
72
75
80","71
73
76
79","70
71
77
79",1.3,1.4,1.4,1.3,45961,1.3,44197,2.Semi-Critical,24,61.04,70,0.07372214941,0.06292517007,46028.2,46342.40541,42461,0,NA,45991,46,0,71.51351351,0.01079697934,8.96,10.47351351
,0c41deb5-4889-4604-b3c8-e96749417970,311,DRI,In Plant,HAC-PDC8,C,55,1000,BUCKET CON,5,"19-09-2024
31-01-2025
31-10-2025","5.49
1.6
1.5","3.5
1.6
1.5","4.57
1.6
1.5","79
81","80
85","80
83",1.5,1.5,1.5,1.5,45961,1.5,44197,2.Semi-Critical,24,61.04,70,0.07372214941,0.05952380952,46028.2,46465,42461,0,NA,45991,46,0,75.6,0.01419833989,8.96,14.56
,c09f26e4-a7a4-406b-94c4-de16f5de046f,312,LCP,Raw material,3A,A,23,650,SAR70,5,"9/5/2024
24-07-2025
8/11/2025","5.46
3.9","5.3
3.9
0","5
4.3",66,66,66,3.9,0,4.3,0,45880,0,45924,4.Non-Critical,3,25.56,12.43333333,0.176056338,0.176056338,46690.8,46690.8,42461,0,46307.4,NA,9.433333333,0,25.56,0,-13.12666667,9.95E-14
,14c0e132-b177-461f-87ed-427f3dcec4b9,313,LCP,Raw material,3B,A,23,650,SAR70,5,"9/5/2024
8/11/2025
26-11-2025
12-05-2026
08-08-2026","0
3.6
3.6
3.4
3.1","1
4.8
4.8
4.7
4.5","0
3.8
3.7
3.3
3.2","68
63
66
65
65","68
64
65
66
66","68
64
65
65
65",3.1,4.5,3.2,3.1,46242,3.1,45737,4.Non-Critical,3,23.92,18.66666667,0.1881270903,0.1128712871,46454.6,46933.05263,42461,0,NA,46422,15.66666667,0,39.86842105,0.07525580317,-5.253333333,15.94842105
,9a4385e9-b0d6-4114-8de6-86d4b16f618b,314,LCP,Raw material,3C,A,23,650,SAR70,6,"9/5/2024
8/11/2025
15-12-2025
10-03-2026
11-07-2026","4.46
2.7
0.5
0.3
5.5","3.86
2.5
1.1
0.4
5.4","4
1.9
0.7
0.3
5.6","68
70
73
75
66","68
70
71
74
68","68
70
73
74
67",5.5,5.4,5.6,5.4,46214,5.4,46098,4.Non-Critical,3,58.28,6.633333333,0.09437199725,0.1551724138,47846.4,47161.33333,42461,0,NA,46394,3.633333333,0,35.44444444,-0.06080041654,-51.64666667,-22.83555556
,493adb69-99d8-4642-8fe9-032c00f144bb,315,LCP,Raw material,3D,A,23,650,SAR70,5,"9/5/2024
06-08-2025
04-12-2025
15-06-2026
29-09-2026","4.9
4.6
4.5
4.8
4.2","4.48
4.5
4.4
4.0
3.8
","4.48
4.7
4.5
4.4
4.2","65
65
67
65","65
66
67
64","65
65
68
65",4.2,3.8,4.2,3.8,46294,4,45665,4.Non-Critical,3,21.3,21.06666667,0.2112676056,0.04769475358,46304,48495.5,42461,0,NA,46474,18.06666667,0,94.35,0.1635728521,-0.2333333333,73.05
,919ad34e-f919-431a-938a-dbb65383d806,316,LCP,Raw material,3E,A,40,800,SAR70,5,"05-09-2024
27-01-2025
8/11/2025
10/25/2025
19-06-2026
06-08-2026","2.3
4.1
3.18
3.1
2.8
2.8","0
4.3
3.8
3.5
3.3
2.8","2.43
4.1
3.4
3.2
3.0
3.0","70
71
72
73","68
68
69
70","
69
69
70
70",2.8,2.8,3,2.8,46240,2.8,45595,3.Marginal,6,21.14,23.4,0.2128666036,0.1023255814,46229.2,46914.31818,42461,0,NA,46300,17.4,0,43.97727273,0.1105410222,2.26,22.83727273
,e239e57d-37a5-46d0-9cfb-30327cbe2b9a,317,LCP,Product,4A,A,460,800,HRT3,6,"19-07-2024
02-01-2025
8/11/2025
15-12-2025
29-09-2026
","3
2.99
2
0","4.1
3.9
3.2
3.0
1.5","2.5
2.98
1.4
0","60
73","70
75","68
74",0,1.5,0,0,46294,0,44951,1.Critical,18,22.16,44.86666667,0.2481949458,0.1340282949,45615.8,46182.08333,42461,0,NA,Critical,26.86666667,0,41.03611111,0.114166651,22.70666667,18.87611111
,1d2d61a3-57b7-4b0a-a1b6-b02f25da30a7,318,LCP,Product,4B,A,470,1000,HRT3,6,"19-07-2024
30-10-2024
11-08-2025
11-08-2026
29-09-2026","3.8
3.7
3.2
2.8
2.7","4
3.8
3.1
2.3
2.2","4.2
3.9
3.6
3.3
3","68
69
71
71","80
77
76
90","66
69
72
74",2.7,2.2,3,2.2,46294,2.2,44950,3.Marginal,18,26.76,44.9,0.2055306428,0.08482142857,45752.8,46895.26316,42461,0,NA,46354,26.9,0,64.84210526,0.1207092142,18.14,38.08210526
,fcf1aed3-7582-4839-a215-a2cb1e2958b2,319,LCP,Raw material,2A,A,235,650,SAR70,5,"19-07-2024
27-01-2025
08-08-2026","3.1
2.9
3.7","2
1
3.3","3
2.9
3.4","78
67","75
66","78
67",3.7,3.3,3.4,3.3,46242,3.3,45759,4.Non-Critical,18,32.49,17.93333333,0.1385041551,0.1055900621,46733.7,47037.52941,42461,0,NA,46422,-0.06666666667,0,42.61764706,0.03291409301,-14.55666667,10.12764706
,bf105ab9-7fbf-45a0-9f0d-2bf2d4596318,320,LCP,Raw material,2B,B,235,650,SAR70,6,"19-07-2024
27-01-2025
11-08-2025
26-02-2026
05-08-2026","4.9
4.5
4.3
4.2
3.5","4.6
4.2
4.1
4.0
3.4","4.7
4.5
4.4
4.3
3.5","65
67
69
69","66
68
68
69","68
68
69
69",3.5,3.4,3.5,3.4,46239,3.4,44545,4.Non-Critical,18,49.61,58.4,0.110864745,0.04604486423,46033.3,48128.46154,42461,0,NA,46419,40.4,0,119.4487179,0.06481988078,8.79,69.83871795
,00f15172-eb97-4a9b-9243-0e1d66469fad,321,LCP,Raw material,2C,B,235,650,SAR70,6,"19-07-2024
27-01-2025
11-08-2025
26-02-2026
05-08-2026","4.9
4.8
4.6
4.5
4.3","4.8
4.8
4.8
4.7
4.3","4.9
4.8
4.7
4.7
4.5","65
68
69
69","64
66
68
69","64
66
68
69",4.3,4.3,4.5,4.3,46239,4.3,45274,4.Non-Critical,18,44.76,34.1,0.1228775693,0.05284974093,46616.8,48396.05882,42461,0,NA,46419,16.1,0,104.0686275,0.07002782833,-10.66,59.30862745
,0c4bf91d-67b1-44e1-bfba-464acdd1be8d,322,LCP,Raw material,2D,B,235,650,SAR70,5,"18-07-2024
27-01-2025
15-07-2025
10-02-2026
02-09-2026","3.2
4.8
4.3
4.3
3.0","2.5
4.8
4.2
4.1
2.6","2
4.9
4.3
4.3
2.9","71
72
72
74","72
73
73
75","73
74
74
76",3,2.6,2.9,2.6,46267,2.6,45560,3.Marginal,18,33.64,24.56666667,0.1337693222,0.1018387553,46569.2,46885.625,42461,0,NA,46327,6.566666667,0,44.1875,0.03193056693,-9.073333333,10.5475
,ee253a06-7299-4b30-b3cd-1703773bb403,323,LCP,Raw material,2E,B,230,800,SAR70,5,"05-06-2024
05-09-2024
27-01-2025
11-08-2025
02-02-2026
08-08-2026","3.1
5
4.1
3.7
3.5
3.5","1.8
4.4
4.2
3.5
3.2
3.1","3.2
4.36
4.1
3.6
3.4
3.2","79

69
70
71","80

71
72
72","79

68
71
71",3.5,3.1,3.2,3.1,46242,3.1,45490,4.Non-Critical,18,31.37,26.9,0.1434491552,0.07579787234,46431.1,47271.05263,42461,0,NA,46422,8.9,0,59.36842105,0.0676512829,-4.47,27.99842105
,b24edbac-0f8e-43eb-b835-9f207e4bef9b,324,LCP,Raw material,3I,B,25,800,SAR70,6,"18-07-2024
30-10-2024
27-01-2025
8/11/2025
10/25/2025
03-12-2025
10-02-2026","2.5
4.4
4.1
3.3
3.3
3.2
3.2","3.4
4.4
3.8
2.9
2.8
2.6
2.5","3.5
4.5
4.2
3.1
2.5
2.4
2.4","69
71
72

75
76","70
70
73

74
74","71
71
73

76
75",3.2,2.5,2.4,2.4,46063,2.4,46108,4.Non-Critical,3,18.82,6.3,0.2922422954,0.2922422954,46672.6,46672.6,42461,0,46390.3,NA,3.3,0,18.82,0,-12.52,-4.97E-14
,9565093d-f9c7-494e-a3be-d24214d9774d,325,LCP,Raw material,3M,B,43,800,SAR70,6,"7/18/2024
24-07-2025
15-12-2025","3
1.4
0","3.3
3.0
0","3.5
1.4
0",69,78,71,0,0,0,0,46006,0,46065,4.Non-Critical,6,27.18,7.733333333,0.2023546726,0.2023546726,46880.4,46880.4,42461,0,46472.7,NA,1.733333333,0,27.18,0,-19.44666667,4.97E-14
,bf1295ee-8f80-46cf-ac57-1eaf74558410,326,LCP,Product,RBC5,B,39,1000,SAR70,8,"19-07-2024
30-10-2024
8/11/2025
04-12-2025
11-08-2026
29-09-2026","6.1
5
4.7
4.5
2.8
2.8","6
4.9
3
2.7
2.4
2.4","6.2
4.9
3.6
3.3
3.1
3","66
72
75
75","63
68
73
75","64
68
72
74",2.8,2.4,3,2.4,46294,2.4,46065,3.Marginal,6,9.36,7.733333333,0.8012820513,0.7336244541,46345.8,46371.69643,42461,0,NA,46354,1.733333333,0,10.22321429,0.06765759713,-1.626666667,0.8632142857
,81cdba87-4323-4018-9b00-f56653c531a8,327,LCP,Product,RBC6,B,28,800,SAR70,6,"19-07-2024
30-10-2024
8/11/2025
04-12-2025
10-03-2026
12-05-2026","3
2.7
2.7
2.6
2.3
0","4
3.8
2.5
2.5
2.4
2.4","2.2
2.9
2.4
2.3
2.2
0","70
69
80
70","69
71
75
76","70
70
73
74",0,2.4,0,0,46154,0,46276,4.Non-Critical,3,10.56,0.7,0.5208333333,0.5208333333,46592.8,46592.8,42461,0,46434.4,NA,-2.3,0,10.56,0,-9.86,9.59E-14
,82820bba-711b-47ed-b67a-3982066f5c25,328,LCP,Product,LP-BC7,B,43,650,SAR70,6,"19-07-2024
30-10-2024
11-08-2025
11-08-2026","4.8
3.8
3.1
4.3","4.8
4
3
4.8","4.5
4.3
3
4.9","69
74
73","76
78
75","74
74
72",4.3,4.8,4.9,4.3,46245,4.3,45924,4.Non-Critical,6,22.32,12.43333333,0.2464157706,0.1588785047,46593.6,46962.52941,42461,0,NA,46425,6.433333333,0,34.61764706,0.08753726594,-9.886666667,12.29764706
,75f01f25-2f07-4714-bdae-c60122b56b6c,329,LCP,Product,LP-BC8,C,32,650,Not Existing,6,0,0,0,0,0,0,0,0,0,0,0,0,0,44437,4.Non-Critical,6,53.15,62,0.103480715,0.103480715,46031.5,46031.5,42461,Not running,45234.25,NA,56,0,53.15,0,8.85,0
,a660c0aa-f4a2-4ee4-8cbe-f25e6dfc4ab2,330,LCP,Product,LP-BC12,B,30,500,SAR70,6,"05-09-2024
23-12-2024
11-08-2025
11-08-2026","3.6
3.5
2.5
5.2","3.8
3.7
3.3
5.4","3.45
3.7
3.2
5.3","73
73
77","73
71
76","73
74
75",5.2,5.4,5.3,5.2,46245,5.2,45945,4.Non-Critical,3,17.99,11.73333333,0.305725403,0.08,46484.7,48007.5,42461,0,NA,46425,8.733333333,0,68.75,0.225725403,-6.256666667,50.76
,14bb994c-7af4-48b9-a8a9-055f73c8a7a8,331,LCP,Product,LP-BC11,B,23,500,SAR70,6,"1/27/2025
8/11/2025
07-03-2026
02-09-2026","5.0
4.8
4.6
4.5","5.2
4.8
4.8
4.6","4.9
4.7
4.5
4.2","64
71
73","65
70
75","66
70
76",4.5,4.6,4.2,4.2,46267,4.2,45540,4.Non-Critical,3,9.69,25.23333333,0.5675954592,0.0742778542,45830.7,47761.38889,42461,0,NA,46447,22.23333333,0,74.0462963,0.493317605,15.54333333,64.3562963
,e3d8af59-397d-453a-9826-9524a856b1e6,332,LCP,Raw material,TBC1,B,300,1200,SAR70,5,"05-09-2024
27-01-2025
11-08-2025
02-02-2026
05-08-2026","4.49
3.9
3.8
3.7
2.4","4.6
3.9
3.8
3.5
2.7","4.91
3.9
3.7
3.6
3.0","75
75
77","76
76
77","75
76
77",2.4,2.7,3,2.4,46239,2.4,45329,3.Marginal,18,26.86,32.26666667,0.1675353686,0.08571428571,46134.8,46904,42461,0,NA,46299,14.26666667,0,52.5,0.08182108286,5.406666667,25.64
,c56b4251-4705-4843-9611-5d3bd3e03c01,333,SMS#2,In Plant,EAF-BC1F,A,335,800,SAR70,5,"13-08-2024
13-09-2024
10-01-2025
01-09-2025
10/29/2025
19-12-2025
05-02-2026
22-08-2026","4.6
4.6
4.2
3.7
3.65
3.57
3.42
3.38","3.82
3.8
4.4
4.0
3.7
3.2
3.1
3.02","3.85
3.9
4.2
3.9
3.7
3.59
3.51
3.47","73
73

75
76
77
78","75
75

76
76
77
78","74
75

75
76
76
77",3.38,3.02,3.47,3.02,46256,3.02,45195,4.Non-Critical,18,25.64,36.73333333,0.1755070203,0.05598491989,45964.2,47606.36364,42461,0,NA,46436,18.73333333,0,80.37878788,0.1195221004,11.09333333,54.73878788
,d4b52017-3ef1-4b50-8c3f-fb2ebe3cfbb0,334,SMS#2,In Plant,EAF-BC2F,A,46,1000,SAR70,5,"8/13/2024
01-09-2025
10/29/2025
19-12-2025
05-02-2026
01-04-2026
25-06-2026","3.93
2.3
4.6
4.6
4.6
4.3
4.1","2.7
0
4.7
3.8
3.7
3.3
3.1","3.16
3.5
4.6
4.6
4.6
4.4
4.2","71
75

65
70","66
75

66
70","69
73

65
71",4.1,3.1,4.2,3.1,46198,3.1,45933,4.Non-Critical,12,27.71,12.13333333,0.1623962468,0.2150943396,46764.3,46560.63158,42461,0,NA,46288,0.1333333333,0,20.92105263,-0.05269809278,-15.57666667,-6.788947368
,a02f61c8-e9a1-4b2f-8d42-8a06f6e265b1,335,SMS#2,In Plant,EAF-BC3F,A,177,800,SAR70,5,"13-08-2024
13-09-2024
10-01-2025
01-09-2025
10/29/2025
19-12-2025
05-02-2026
01-04-2026
25-06-2026
22-08-2026","3.9
4.3
4.3
2.6
2.5
2.5
2.4
2.3
2.2
2.08","3.4
3.2
3.7
2.6
2.6
2.5
2.5
2.4
2.3
2.27","4.00
4.0
4.2
3.6
3.4
3.3
3.0
2.8
2.6
2.55","74
74
75
76
77
78","76
76
77
77
79
79","75
75
77
77
77
78",2.08,2.27,2.55,2.08,46256,2.08,44583,3.Marginal,18,48.36,57.13333333,0.09305210918,0.05236102809,46033.8,47161.25342,42461,0,NA,46316,39.13333333,0,85.94178082,0.04069108109,8.773333333,37.58178082
,7c3dc0b8-fe75-4423-81dc-a0729f819655,336,SMS#2,In Plant,EAF-BC4F,A,45,1000,SAR70,5,"1/29/2025
01-09-2025
19-12-2025
05-02-2026
22-08-2026","4.2
4.1
4
3.5
3.4","4
3.8
3.7
3.7
3.01","4.2
3.5
3.4
3.4
3.1","70
70
75","69
69
72","70
70
74",3.4,3.01,3.1,3.01,46256,3.01,45506,4.Non-Critical,9,25.71,26.36666667,0.1750291715,0.0796,46277.3,47201.9799,42461,0,NA,46436,17.36666667,0,56.53266332,0.09542917153,0.6566666667,30.82266332
,95c9ad2d-9049-451f-ba1b-8f9ee842050b,337,SMS#2,In Plant,EAF-BC1D,A,123,1000,SAR70,6,"12-11-2024
24-03-2025
19-12-2025
01-08-2026
03-09-2026","4.3
4
3.8
3.7
3.67","4.7
4.6
4.4
4.2
4.1","4.6
4.5
4.4
4.3
4.2","72
72
72","65
68
68","67
69
69",3.67,4.1,4.2,3.67,46268,3.67,45106,4.Non-Critical,12,25.45,39.7,0.2161100196,0.06015490534,45869.5,47848.91845,42461,0,NA,46448,27.7,0,91.43061516,0.1559551143,14.25,65.98061516
,3c7b3fbf-99eb-4fc5-84b2-adb4b65d26ec,338,SMS#2,In Plant,EAF-BC2D,A,17,1000,SAR70,6,"3/24/2025
19-12-2025","5
3.9","5.1
3.7","4.1
3.8",61,60,62,3.9,3.7,3.8,3.7,46010,3.7,46204,4.Non-Critical,3,10.4,3.1,0.5288461538,0.5288461538,46516,46516,42461,0,46360,NA,0.1,0,10.4,0,-7.3,0
,c8f547fa-db82-459d-b443-c99b30187eb0,339,SMS#2,In Plant,EAF-BC1.1D,A,123,1000,SAR70,6,46268,3.91,3.54,3.69,73,75,74,3.91,3.54,3.69,3.54,46268,3.54,45106,4.Non-Critical,9,31.18,39.7,0.1763951251,0.06351118761,46041.4,47703.96748,42461,0,NA,46448,30.7,0,86.59891599,0.1128839375,8.52,55.41891599
,8a462704-bcd2-4491-a046-d122a924e194,340,SMS#2,In Plant,EAF-BC2.2D,A,17,1000,SAR70,6,0,0,0,0,0,0,0,0,0,0,0,0,0,46081,4.Non-Critical,12,24.82,7.2,0.2215954875,0.2215954875,46825.6,46825.6,42461,0,46453.3,NA,-4.8,0,24.82,0,-17.62,-4.97E-14
,23cc6e38-d4f4-4a37-8875-e04c1b826474,341,SMS#2,In Plant,LF-BC1F,A,126,800,BUCKET CON,8,45638,4.9,4.6,4.7,71,70,72,4.9,4.6,4.7,4.6,45638,4.6,45384,4.Non-Critical,9,25.15,30.43333333,0.2982107356,0.4015748031,46138.5,45944.29412,42461,0,NA,45728,21.43333333,0,18.67647059,-0.1033640676,5.283333333,-6.473529412
,6f80b8ab-62b0-4d51-94b1-bf01aa95b604,342,SMS#2,In Plant,LF-BC2F,B,161,650,SAR70,8,"12-12-2024
21-03-2025
01-09-2025
10/30/2025
01-04-2026
24-09-2026","6.2
6.0
5.9
5.8
5.52
3.67","6.0
5.9
5.8
5.7
5.6
4.84","5.9
5.7
5.7
5.6
5.6
4.57","73
74
74
74
75","70
70
71
72
73","73
74
74
74
75",3.67,4.84,4.57,3.67,46289,3.67,45195,4.Non-Critical,18,34.33,36.73333333,0.2184678124,0.118738574,46224.9,47089.91917,42461,0,NA,46469,18.73333333,0,63.16397229,0.09972923837,2.403333333,28.83397229
,df839850-977f-4c65-b534-d4410af4e3bd,343,SMS#2,In Plant,LF-BC3F,B,34,650,SAR70,8,"12/12/2024
01-09-2025
10/30/2025
01-04-2026
24-09-2026","4.5
4.4
4.4
4.1
4.04","4.6
4.5
4.4
4.2
4.07","4.8
4.7
4.6
4.5
4.46","72
74
74
75","73
74
74
75","72
73
74
75",4.04,4.07,4.3,4.04,46289,4.04,45357,4.Non-Critical,6,15.67,31.33333333,0.4786215699,0.1274678112,45827.1,47122.15152,42461,0,NA,46469,25.33333333,0,58.83838384,0.3511537587,15.66333333,43.16838384
,81df71e1-1a01-45f7-986d-e10628e7b1c9,344,SMS#2,In Plant,LF-BC4F,B,198,650,SAR70,8,"15-10-2024
21-03-2025
01-09-2025
10/30/2025
01-04-2026
24-09-2026","5.6
5.5
5.4
5
4.8
4.56","5.7
5.6
5.5
4.9
4.7
4.57","5.6
5.6
5.5
5
4.8
4.60","72
74
75
75
75","70
72
73
74
75","70
71
72
73
74",4.56,4.57,4.6,4.56,46289,4.56,44496,4.Non-Critical,18,51.22,60.03333333,0.1464271769,0.05755716676,46032.6,48405.15698,42461,0,NA,46469,42.03333333,0,130.3052326,0.08887001012,8.813333333,79.08523256
,78b589d3-01cf-4415-915e-fb85ac2e49b8,345,SMS#2,In Plant,LF-BC5F,B,54,650,SAR70,8,"10/15/2024
10/30/2025
01-04-2026
24-09-2026","5.75
4.9
4.69
4.64","5.63
5
4.87
4.81","5.8
4.9
4.7
4.65","72
75
76","74
74
75","72
73
74",4.64,4.81,4.65,4.64,46289,4.64,44496,4.Non-Critical,6,51.22,60.03333333,0.1464271769,0.056218628,46032.6,48498.23214,42461,0,NA,46469,54.03333333,0,133.4077381,0.09020854889,8.813333333,82.1877381
,6642681d-fb90-409f-b043-6cba4ed77a9c,#REF!,#REF!,#REF!,#REF!,#REF!,#REF!,#REF!,#REF!,#REF!,#REF!,#REF!,#REF!,#REF!,#REF!,#REF!,#REF!,#REF!,#REF!,#REF!,#REF!,#REF!,#REF!,#REF!,#REF!,#REF!,#REF!,#REF!,#REF!,#REF!,#REF!,#REF!,#REF!,#REF!,#REF!,#REF!,#REF!,#REF!,#REF!,#REF!,#REF!,#REF!
,4b7a49eb-9028-4013-9f1c-aa1a116aa0ed,#REF!,#REF!,#REF!,#REF!,#REF!,#REF!,#REF!,#REF!,#REF!,#REF!,#REF!,#REF!,#REF!,#REF!,#REF!,#REF!,#REF!,#REF!,#REF!,#REF!,#REF!,#REF!,#REF!,#REF!,#REF!,#REF!,#REF!,#REF!,#REF!,#REF!,#REF!,#REF!,#REF!,#REF!,#REF!,#REF!,#REF!,#REF!,#REF!,#REF!,#REF!
,8afb8539-0d33-4db4-8ac4-d398c701628f,346,SMS#2,In Plant,LF-BC1D,B,52,650,SAR70,5,"1/9/2025
01-09-2025
12-02-2026","3.5
1.9
1.8","4.0
3.9
3.7","3.7
3.1
3","73
73
74","71
71
73","71
71
73",1.8,3.7,3,1.8,46065,1.8,44950,3.Marginal,6,22.49,44.9,0.2000889284,0.08609865471,45624.7,46517.96875,42461,0,NA,46095,38.9,0,52.265625,0.1139902737,22.41,29.775625
,1dc46aac-e807-4ceb-93f8-84c7fb4c224d,347,SMS#2,In Plant,LF-BC2D,B,47,650,SAR70,6,"1/9/2025
01-09-2025
12-02-2026
28-07-2026","4
0
0
0","3.1
2.8
2.6
0","3.6
0
0
0","80
81","78
77","80
81",0,0,0,0,46231,0,46237,4.Non-Critical,6,53.48,2,0.102842184,0.102842184,47841.4,47841.4,42461,0,47039.2,NA,-4,0,53.48,0,-51.48,0
,a773bbf4-5896-4b97-abd8-7b07aa6cf644,348,SMS#2,In Plant,LF-BC3D,B,35,650,SAR70,6,"1/9/2025
01-09-2025
12-02-2026","3.6
0
0","3.9
3.5
3.2","3.7
0
0","73
81","71
74","71
80",0,3.2,0,0,46065,0,46141,4.Non-Critical,6,26.35,5.2,0.2087286528,0.2087286528,46931.5,46931.5,42461,0,46536.25,NA,-0.8,0,26.35,0,-21.15,0
,216b861b-1591-4fa7-9f69-a0437a62cc83,349,SMS#2,In Plant,LF-BC4D,B,37,650,SAR70,5,"1/9/2025
01-09-2025
12-02-2026
25-08-2026","4.8
4.8
4.7
4.24","4.8
4.7
4.7
4.12","4.72
4.24
3.92
2.4","74
75
75
76","71
72
73
74","72
73
74
75",4.24,4.12,2.4,2.4,46259,2.4,44484,3.Marginal,6,51.61,60.43333333,0.08719240457,0.04394366197,46032.3,47556.11538,42461,0,NA,46319,54.43333333,0,102.4038462,0.0432487426,8.823333333,50.79384615
,eba9ebd7-fe04-40d1-8722-b3bb1a0423ef,350,SMS#2,In Plant,LF-BC5D,B,35,650,Not Existing,5,0,0,0,0,0,0,0,0,0,0,0,0,0,44197,4.Non-Critical,12,61.04,70,0.07372214941,0.07372214941,46028.2,46028.2,42461,Not running,45112.6,NA,58,0,61.04,0,8.96,-9.95E-14
,10947ce8-c9b6-4d53-bac9-fe731570b901,351,SMS#2,In Plant,LF-BC1.1D,B,52,650,SAR70,5,"3/24/2025
08-08-2025
04-11-2025
16-03-2026","4.1
3.9
3.6
3.4","4.1
4.1
3.8
3.6","4.1
4.0
3.9
3.6","75
75
78","75
75
77","76
76
77",3.4,3.6,3.6,3.4,46097,3.4,45463,4.Non-Critical,6,19.45,27.8,0.2313624679,0.07570977918,46046.5,47246.125,42461,0,NA,46277,21.8,0,59.4375,0.1556526887,8.35,39.9875
,188571f1-084d-4c07-9d7a-f0b3cac89cd1,352,SMS#2,In Plant,LF-BC2.2D,B,47,650,SAR70,5,"15-10-2024
24-03-2025
08-08-2025
04-11-2025
16-03-2026
09-07-2026","3.4
3.3
3.3
3.2
3.1
2.9","4.23
3.7
3.5
3.3
2.9
2.7","3.5
3.2
2.9
2.8
2.8
2.6","74
75
75
75
76","72
75
75
76
77","74
73
75
76
77",2.9,2.7,2.6,2.6,46212,2.6,45600,3.Marginal,12,26.76,23.23333333,0.168161435,0.1176470588,46402.8,46747.5,42461,0,NA,46272,11.23333333,0,38.25,0.05051437615,-3.526666667,11.49
,f44cd90a-1243-4b0b-9bfb-19070b76fccd,353,SMS#2,In Plant,LF-BC3.3D,B,35,650,SAR70,5,"3/24/2025
08-08-2025
04-11-2025
16-03-2026","4.1
3.9
3.7
3.6","4.5
4.4
4.0
3.8","3.8
3.8
3.8
3.8","77
77
77","76
77
77","75
75
76",3.6,3.8,3.8,3.6,46097,3.6,45466,4.Non-Critical,6,19.35,27.7,0.2325581395,0.06656101426,46046.5,47494.21429,42461,0,NA,46277,21.7,0,67.60714286,0.1659971253,8.35,48.25714286
,8aee3b81-fbe8-449d-a8a1-7c6d980ee520,354,SMS#2,In Plant,LF-BC4.4D,B,37,650,SAR70,5,"3/24/2025
08-08-2025
04-11-2025
16-03-2026
09-07-2026","3.9
3.6
3.5
3.5
3.5","3.8
3.6
3.6
3.3
3.2","3.5
3.4
3.4
3.3
3.2","81
81
81
82","78
80
80
81","79
80
81
81",3.5,3.2,3.2,3.2,46212,3.2,44197,4.Non-Critical,12,61.04,70,0.07372214941,0.02679900744,46028.2,49234.5,42461,0,NA,46392,58,0,167.9166667,0.04692314197,8.96,106.8766667
,9a59188c-f8b3-4f25-b1ac-26113870e662,355,SMS#2,In Plant,LF-BC5.5D,B,35,650,Not Existing,5,"3/24/2025
08-08-2025","4.7
4.2","3.1
3.1","4.5
4.0",65,64,65,4.2,3.1,4,3.1,0,3.1,44197,4.Non-Critical,12,61.04,70,0.07372214941,0.07372214941,46028.2,46028.2,42461,Not running,45112.6,NA,58,0,61.04,0,8.96,-9.95E-14
,54c0f937-eca6-40f2-b80f-8acdbd85766c,356,SMS#2,In Plant,PC1,B,144,1000,BUCKET CON,5,0,0,0,0,0,0,0,0,0,0,0,0,0,44273,4.Non-Critical,36,58.54,67.46666667,0.07687051589,0.07687051589,46029.2,46029.2,42461,0,45151.1,NA,31.46666667,0,58.54,0,8.926666667,-9.95E-14
,da27bae9-6032-4156-892b-5c964630ec31,357,SMS#2,In Plant,PC2,B,144,1000,BUCKET CON,5,0,0,0,0,0,0,0,0,0,0,0,0,0,46253,4.Non-Critical,36,58.54,1.466666667,0.07687051589,0.07687051589,48009.2,48009.2,42461,0,47131.1,NA,-34.53333333,0,58.54,0,-57.07333333,-9.95E-14
,a7728f2b-d5a5-429a-a02c-de58e3b98344,358,SMS#2,In Plant,FABF1,B,12,800,SAR70,8,"1/27/2025
08-01-2026
30-09-2026","2.6
0
4.8","2.1
3.1
4.8","3.9
3.2
4.9",78,74,74,4.8,4.8,4.9,4.8,46295,4.8,46128,4.Non-Critical,3,23.64,5.633333333,0.3172588832,0.5748502994,46837.2,46519.40625,42461,0,NA,46385,2.633333333,0,13.046875,-0.2575914162,-18.00666667,-1.06E+01
,ae23ebb1-438f-4064-8329-ca620ff85c73,359,SMS#2,In Plant,FABF2,B,12,800,SAR70,8,"1/27/2025
08-01-2026
30-09-2026","1.9
1.2
1.1","1.9
1
0.8","2.8
1.3
1.1",75,70,73,1.1,0.8,1.1,0.8,46295,0.8,44335,2.Semi-Critical,3,56.5,65.4,0.1327433628,0.1102040816,46030,46376.66667,42461,0,NA,46325,62.4,0,68.05555556,0.0225392812,8.9,11.55555556
,727c9706-979a-441e-badd-4f7c521461c7,360,SMS#2,In Plant,FAC1,B,304,800,SAR70,8,"1/15/2025
17-07-2025
17-12-2025
15-06-2026","4.8
4.8
4.6
4.5","4.9
4.9
4.7
4.5","4.8
4.7
4.6
4.2","74
74
75
76","72
73
75
75","73
73
76
76",4.5,4.5,4.2,4.2,46188,4.2,44426,4.Non-Critical,18,53.52,62.36666667,0.1401345291,0.06469920545,46031.6,47903.63158,42461,0,NA,46368,44.36666667,0,115.9210526,0.0754353237,8.846666667,62.40105263
,415df243-d484-4696-8b65-68f8a6663f70,361,SMS#2,In Plant,FAC2,B,325,800,SAR70,8,"1/27/2025
17-07-2025
17-12-2025
15-06-2026
30-09-2026","4.4
4.2
3.9
3.7
3.5","4.5
4.4
4.2
3.9
3.4","4.4
4.4
4.2
3.7
3.4","75
78","74
75","76
78",3.5,3.4,3.4,3.4,46295,3.4,44455,4.Non-Critical,18,52.56,61.4,0.1426940639,0.075,46031.8,47455,42461,0,NA,46475,43.4,0,100,0.06769406393,8.84,47.44
,7e1e957c-c56a-4541-90eb-454ffd430f46,362,SMS#2,In Plant,FAC3,B,20,800,SAR70,8,"1/15/2025
17-12-2025
12-03-2026
15-06-2026
30-09-2026","4.9
4.8
4.7
4.4
4.3","5.2
4.9
4.8
4.6
4.4","5.1
4.8
4.6
4.3
4.1","75
78
79","75
76
80","74
78
79",4.3,4.4,4.1,4.1,46295,4.1,45512,4.Non-Critical,3,28.25,26.16666667,0.2654867257,0.1494252874,46359.5,47017.76923,42461,0,NA,46475,23.16666667,0,50.19230769,0.1160614383,-2.083333333,21.94230769
,45e94e63-b592-4f9a-847d-bd8eab289113,363,SMS#2,In Plant,FAC4,A,20,800,SAR70,8,"1/27/2025
17-12-2025
30-09-2026","4.1
3.9
3.8","4.2
4
4.5","4.1
4
3.7",78,77,77,3.8,4.5,3.7,3.7,46008,3.7,46028,4.Non-Critical,3,18.56,8.966666667,0.4040948276,0.4040948276,46584.8,46584.8,42461,0,46306.4,NA,5.966666667,0,18.56,0,-9.593333333,9.95E-14
,27217459-ccd2-4794-86cf-28be586f3285,364,SMS#2,In Plant,FAC5,A,310,800,SAR70,8,"1/27/2025
17-12-2025
15-06-2026
30-09-2026","4.6
4.1
3.4
3","4.7
4.6
4.4
4","5.5
5.3
4.8
4.4","70
74","70
73","71
75",3,4,4.4,3,46295,3,45209,3.Marginal,18,26.72,36.26666667,0.2806886228,0.138121547,46010.6,46838,42461,0,NA,46475,18.26666667,0,54.3,0.1425670758,9.546666667,27.58
,56382eaa-908a-420a-903e-e7e509d69268,365,SMS#2,In Plant,LF3-BC1F,B,85,800,SAR70,8,"1/27/2025
18-07-2025
19-02-2026
11-08-2026","3.5
3.5
3.4
3.0","3.6
3.5
3.3
3.1","3.4
3.3
3.1
2.9","74
75
75
78","75
75
75
76","78
77
77
77",3,3.1,2.9,2.9,46245,2.9,44524,3.Marginal,9,50.3,59.1,0.1491053678,0.08890180128,46033,47054.88235,42461,0,NA,46305,50.1,0,84.3627451,0.06020356651,8.8,34.0627451
,79e57855-c119-44fb-8c5c-66bf1ae2deab,366,SMS#2,In Plant,LF3-BC2F,B,19,800,SAR70,8,"1/27/2025
18-07-2025
19-02-2026
11-08-2026","3.9
3.7
3.6
3.4","4.3
4.1
3.9
3.8","4.3
4.2
3.9
3.7","78
79
80","77
77
81","75
79
80",3.4,3.8,3.7,3.4,46245,3.4,44339,4.Non-Critical,3,56.37,65.26666667,0.1330494944,0.07240293809,46030.1,47446.6087,42461,0,NA,46425,62.26666667,0,103.5869565,0.06064655632,8.896666667,47.21695652
,b399ad8d-f0f3-40f5-9a07-cb3f37ddc789,367,SMS#2,In Plant,CASOB-BC3F,B,195,800,SAR70,8,"2/3/2025
08-01-2026
12-03-2026","3.9
3.7
3.5","3.9
3.7
3.5","3.8
3.7
3.6","75
76","75
76","74
75",3.5,3.5,3.6,3.5,46093,3.5,44522,4.Non-Critical,18,50.36,59.16666667,0.1489277204,0.08593252705,46032.8,47140.33333,42461,0,NA,46273,41.16666667,0,87.27777778,0.06299519336,8.806666667,36.91777778
,885db99e-4139-4846-a1b9-eb0d6cc93be6,368,SMS#2,In Plant,CASOB-BC4F,B,25,800,Not Existing,8,45684,3.5,2.8,3,72,73,72,3.5,2.8,3,2.8,45684,2.8,44197,3.Marginal,3,61.04,70,0.122870249,0.1049092132,46028.2,46341.71154,42461,Not running,NA,45744,67,0,71.49038462,0.01796103584,8.96,10.45038462
,ac361f11-406b-46d1-91a9-9889380dc1a0,369,SMS#2,In Plant,BOF-BC5F,A,53,800,SAR70,8,"1/15/2025
09/08/2025
08-01-2026
12-03-2026
20-06-2026","4.2
4
3.4
3.3
3","4.3
4.3
4.2
4.2
4","4.2
4.2
4.0
3.9
3.6","75
77
77","74
75
75","75
76
77",3,4,3.6,3,46193,3,45462,3.Marginal,9,28.27,27.83333333,0.2652989034,0.2051983584,46310.1,46558.5,42461,0,NA,46283,18.83333333,0,36.55,0.06010054502,-0.4366666667,8.28
,25620a1e-0eb4-4fcd-8c58-15ae91704d5b,370,SMS#2,In Plant,BOF-BC6F,A,60,800,SAR70,8,"1/15/2025
09/08/2025
12-03-2026","4.3
4.3
3.9","4.4
4.3
4.2","4.5
4.5
4.3","69
70","72
73","73
73",3.9,4.2,4.3,3.9,46093,3.9,44801,4.Non-Critical,6,41.2,49.86666667,0.182038835,0.09520123839,46037,47164.41463,42461,0,NA,46273,43.86666667,0,78.7804878,0.08683759656,8.666666667,37.5804878
,faccc3f8-37e3-4973-9aed-1a29f3ea290c,371,SMS#2,In Plant,BOF-BC7F,A,20,800,SAR70,8,"1/15/2025
09/08/2025
12-03-2026
20-06-2026
11-08-2026","3.7
3.4
3.2
3.1
3.0","3.6
3.1
2.7
2.5
2.4","3.6
3.3
2.4
2.4
2.3","74
75
76","72
76
76","74
75
77",3,2.4,2.3,2.3,46245,2.3,44562,3.Marginal,3,49.05,57.83333333,0.1529051988,0.1016042781,46033.5,46776.47368,42461,0,NA,46305,54.83333333,0,73.81578947,0.0513009207,8.783333333,24.76578947
,c23d2d25-4689-4bf3-8752-e082a7b15d75,372,SMS#2,In Plant,BOF-BC8F,A,20,800,SAR70,8,"1/15/2025
09/08/2025
08-01-2026
12-03-2026
20-06-2026
11-08-2026","3.3
3.1
3.0
2.9
2.8
2.8","3.1
2.8
2.7
2.6
2.4
2.0","3.6
3.4
3.1
3.1
3.1
3.0","74
78
78
79","75
76
77
77","75
77
77
78",2.8,2,3,2,46245,2,44562,3.Marginal,3,49.05,57.83333333,0.1529051988,0.1069518717,46033.5,46665.75,42461,0,NA,46305,54.83333333,0,70.125,0.04595332712,8.783333333,21.075
,016b299c-5af2-4275-a111-384d2ea1f9c3,373,SMS#2,In Plant,BOF-BC9F,B,50,650,SAR70,8,"1/15/2025
09/08/2025
12-03-2026","6.5
6.4
6.0","6.7
6.6
6.5","6.5
6.3
6.1","82
83","81
82","82
83",6,6.5,6.1,6,46093,6,44562,4.Non-Critical,6,49.05,57.83333333,0.1529051988,0.03919007185,46033.5,50303.25,42461,0,NA,46273,51.83333333,0,191.375,0.1137151269,8.783333333,142.325
,a65f0608-c7d4-45b5-b28f-74c3c4476b19,374,SMS#2,DRI Incoming,T31C1,A+,395,800,SAR70,5,"03-02-2025
28-05-2025
10/03/2025
09-01-2026
11-03-2026
09-06-2026","3.7
3.5
3.4
3.3
3.2
3.1","4.29
4.27
4.21
4.19
4.13
4.0","4.3
4.2
3.9
3.8
3.7
3.5","
74
80
81","
75
79
80","
75
81
83",3.1,4,3.5,3.1,46182,3.1,44950,4.Non-Critical,18,45.61,44.9,0.098662574,0.04626623377,46318.3,47867.89474,42461,0,NA,46362,26.9,0,97.26315789,0.05239634023,-0.71,51.65315789
,685821b5-01f4-404f-8e09-918cce436f92,375,SMS#2,DRI Incoming,T32C1,A+,405,800,SAR70,5,"2/3/2025
06-08-2025
10/29/2025
09-01-2026
06-02-2026 
11-03-2026
03-09-2026","3.3
3.2
3.2
3.1
3.1
3.1
2.47","3.3
3.2
3.2
3.1
3.1
3.0
2.67","3.5
3.4
3.3
3.3
3.2
3.2
3.14","71
71
72
76
79","72
72
72
75
77","71
71
71
76
77",2.47,2.67,3.14,2.47,46268,2.47,44427,3.Marginal,18,53.48,62.33333333,0.08414360509,0.0412275937,46031.4,47701.50593,42461,0,NA,46328,44.33333333,0,109.1501976,0.04291601139,8.853333333,55.67019763
,973605db-2aca-42b4-b16d-617b938cd99b,376,SMS#2,DRI Incoming,T36C1,A+,855,800,SAR70,5,"25-11-2024
03-02-2025
28-05-2025
06-08-2025
10/29/2025
09-01-2026
11-03-2026
09-06-2026
03-09-2026","3.3
3.2
3.1
3.0
2.9
2.9
2.9
2.8
2.23","2.8
2.8
2.7
2.7
2.6
2.5
2.5
2.4
1.91","3.1
3.1
3.0
3.0
2.9
2.8
2.8
2.7
2.55","75
75
76
76
77
78","75
75
76
76
76
77","74
75
76
77
77
78",2.23,1.91,2.55,1.91,46268,1.91,44311,3.Marginal,18,57.29,66.2,0.07854773957,0.04736842105,46029.7,47161,42461,0,NA,46298,48.2,0,95,0.03117931852,8.91,37.71
,a64b604c-1e2b-4382-86c9-5451067a6b76,377,SMS#2,DRI Incoming,T38C1,A+,995,800,SAR70,5,"25-11-2024
04-03-2025
06-08-2025
10/29/2025
09-01-2026
11-03-2026","4.4
4.4
4.3
4.2
4.2
3.7","4.1
3.9
3.8
3.8
3.7
3.5","4.2
4.0
3.8
3.7
3.7
3.6","72
75
76
78
79
80","79
79
79
80
80
80","75
77
76
78
79
79",3.7,3.5,3.6,3.5,46092,3.5,46216,4.Non-Critical,18,37.25,2.7,0.1208053691,0.1208053691,47333.5,47333.5,42462,0,46774.75,NA,-15.3,0,37.25,0,-34.55,0
,4d8c8b50-99e3-4b2c-8460-f736106d0ad4,378,SMS#2,DRI Incoming,T39C1,A+,488,800,SAR70,5,"25-11-2024
04-03-2025
06-08-2025
09-01-2026
11-03-2026
03-09-2026","3.9
3.8
3.7
3.6
3.6
3.24","3.7
3.6 
3.5
3.5
3.5
2.93","3.9
3.8
3.6
3.5
3.4
3.35","75
76
76
76
77","76
77
74
74
75","72
73
73
74
75",3.24,2.93,3.35,2.93,46268,2.93,44950,3.Marginal,18,44.2,44.9,0.1018099548,0.0471168437,46276,47815.21739,42463,0,NA,46328,26.9,0,95.50724638,0.05469311105,0.7,51.30724638
,2d4ac023-9680-4aec-87fa-d6f41f5bf408,379,SMS#2,DRI Incoming,T40C1,A,385,800,SAR70,5,"31-07-2024
26-12-2024
04-03-2025
11-04-2025
06-11-2025
09-01-2026
11-03-2026
11-05-2026
06-07-2026
03-09-2026","4.0
3.9
3.8
3.7
2.9
2.7
2.6
2.6
2.5
1.56","3.9
3.7
3.6
3.5
2.7
2.5
2.5
2.4
2.3
1.89","4.1
3.9
3.7
3.6
3.0
2.8
2.7
2.7
2.6
1.91","73
75
72
72
73
73
73
74
75
76","75
74
73
73
73
74
74
74
78
79","73
74
74
73
73
73
73
74
76
77",1.56,1.89,1.91,1.56,46268,1.56,45255,3.Marginal,18,24.34,34.73333333,0.1848808546,0.101875617,45985.2,46580.14535,42464,0,NA,46298,16.73333333,0,44.17151163,0.08300523758,10.39333333,19.83151163
,44cf94ad-7d44-4e08-95ec-fda29d4e3252,380,SMS#2,DRI Incoming,T40C2,A,385,800,SAR70,5,"12-08-2024
26-12-2024
04-03-2025
28-05-2025
08-08-2025
06-11-2025
09-01-2026
06-07-2026","4.5
4.3
4.2
4.0
3.8
3.7
3.5
3.5","4.2
4.1
3.9
3.8
3.6
3.5
3.4
3.0","4.6
4.4
4.2
3.9
3.8
3.7
3.7
3.6","66
70
71
72
72
73
74","66
68
70
71
73
73
74","66
69
70
71
72
73
73",3.5,3,3.6,3,46209,3,45190,3.Marginal,18,47.32,36.9,0.09509721048,0.05888125613,46609.6,47482.75,42461,0,NA,46389,18.9,0,76.425,0.03621595435,-10.42,29.105
,74e7494e-16b6-4a1e-ab62-71e17540d0ac,381,SMS#2,DRI Incoming,T42C1,A,230,800,SAR70,5,"25-11-2024
04-03-2025
10/3/25
10/29/2025
06-11-2025
01-12-2025
09-01-2026
15-07-2026
03-09-2026","4.5
4.1
3.8
3.7
3.7
3.7
3.5
3.3
2.47","4.3
4.2
4.1
4
4.0
3.9
3.7
3.5
2.67","4.4
4.3
4
3.9
3.9
3.9
3.7
3.5
3.14","77
78
78
76
77
79","79
79
78
78
78
78","77
79
78
78
78
78",2.47,2.67,3.14,2.47,46268,2.47,45387,3.Marginal,18,34.43,30.33333333,0.130699971,0.08615209989,46419.9,46953.99605,42461,0,NA,46328,12.33333333,0,52.23320158,0.04454787107,-4.096666667,17.80320158
,8466b4f4-0086-44a4-82dd-bb23ab656545,382,SMS#2,DRI Incoming,T41C1,A,170,800,SAR70,5,"25-11-2024
03-02-2025
04-03-2025
11-04-2025
10/3/25
06-11-2025
01-12-2025
09-01-2026
11-03-2026
09-06-2026","4.1
4.0
4.0
4.0
4.0
3.9
3.9
3.8
3.8
3.8","3.9
3.6
3.5
3.5
3.5
3.4
3.4
3.4
3.3
3.3","4.5
4.5
4.4
4.3
4.3
4.0
3.8
3.7
3.7
3.7","68
71
71
72
72
72
73
73","69
72
72
72
73
73
75
77","66
71
71
71
74
74
74
75",3.8,3.3,3.7,3.3,46182,3.3,44875,4.Non-Critical,18,26.56,47.4,0.1694277108,0.039020658,45671.8,48334.70588,42461,0,NA,46362,29.4,0,115.3235294,0.1304070528,20.84,88.76352941
,dc938d8a-0e92-4c9d-9964-9a49369c31d4,383,SMS#2,DRI Incoming,T41C2,A,140,800,SAR70,5,"03-02-2025
11-02-2025
06-11-2025
01-12-2025
09-01-2026
11-03-2026
02-04-2026
11-05-2026
09-06-2026
06-07-2026
22-08-2026
03-09-2026","3.0
2.9
2.9
2.7
2.6
2.4
2.4
2.3
2.2
2.1
2.05
1.73","2.9
2.8
2.4
2.3
2.2
2.1
2.0
1.9
1.8
1.8
1.54
0.76","3.3
3.3
2.2
2.1
2.1
2.1
2.0
2.0
1.9
1.9
1.5
1.44","
71
72
72
73
73
74
74
74
75
75
77","
72
73
74
74
74
75
75
75
76
76
76","
70
71
72
73
73
74
74
74
75
75
77",1.73,0.76,1.44,0.76,46268,0.76,44875,2.Semi-Critical,9,38.76,47.4,0.1160990712,0.09131371141,46037.8,46353.41981,42461,0,NA,46298,38.4,0,49.28066038,0.02478535979,8.64,10.52066038
,e10b939a-de18-4a96-bee6-e731421d3345,384,SMS#2,DRI Incoming,T44C1,C,290,800,SAR70,5,"12-08-2024
26-12-2024
03-02-2025
08-08-2025
9/29/2025
20-12-2025
06-02-2026
02-04-2026
06-07-2026
22-08-2026","4.4
4.3
3.7
3.7
3.7
3.7
3.7
3.6
3.6
3.5","4.1
4.1
3.8
3.5
3.5
3.5
3.4
3.4
3.3
3.3","4.0
3.8
3.8
3.8
3.7
3.6
3.5
3.5
3.5
3.5","66
70
71
71
75
75","67
71
71
72
76
76","65
70
71
71
74
76",3.5,3.3,3.5,3.3,46256,3.3,45366,4.Non-Critical,18,33.54,31.03333333,0.1341681574,0.05730337079,46372.2,47721.88235,42461,0,NA,46436,13.03333333,0,78.52941176,0.07686478664,-2.506666667,44.98941176
,62a1a4ce-fa19-4f4a-bad1-c35391b5fcc1,385,SMS#2,DRI Incoming,T44C2,C,300,800,SAR70,5,"26-12-2024
03-02-2025
9/29/2025
20-12-2025
06-02-2026
06-07-2026","4.63
4.6
4.5
4.5
4.4
4.3","4.66
4.4
4.3
4.2
4.1
4.1","4.82
4.7
4.5
4.3
4.2
4.0","65
68
68
68
68","66
66
69
69
70","66
65
69
68
68",4.3,4.1,4,4,46209,4,45367,4.Non-Critical,18,30.68,31,0.1466753585,0.03562945368,46287.4,49156,42461,0,NA,46389,13,0,126.3,0.1110459049,0.32,95.62
,fe6ec386-c46d-415f-87e8-82ba651f19d9,386,SMS#2,DRI Incoming,T44C3,C,25,800,SAR70,8,"12-08-2024
26-12-2024
04-03-2025
18-07-2025
08-08-2025
9/29/2025
26-11-2025
20-12-2025
06-02-2026
02-04-2026
03-09-2026","3.6
3.5
3.4
3.3
3.3
3.2
3.1
3.1
3.1
3.0
2.25","3.6
3.5
3.5
3.5
3.5
3.4
3.3
3.3
3.2
3.1
2.46","4.0
3.9
3.8
3.7
3.7
3.6
3.5
3.4
3.4
3.3
2.60","70
73
74
74
74
75
75
76","72
75
75
75
76
76
77
77","71
74
75
76
76
76
77
77",2.25,2.46,2.6,2.25,46268,2.25,45066,3.Marginal,3,32.8,41.03333333,0.2286585366,0.1435108153,46050,46633.82609,42461,0,NA,46328,38.03333333,0,52.26086957,0.08514772128,8.233333333,19.46086957
,f3ce890c-7d67-4a02-8b77-4702abe55f0b,387,SMS#2,DRI Incoming,T44C4,C,27,800,SAR70,8,"12-08-2024
26-12-2024
04-03-2025
9/29/2025
20-12-2025
06-02-2026
03-09-2026","6.14
5.1
4.9
4.9
4.8
4.8
4.74","5.76
5.65
5.5
5.4
5.3
5.3
5.18","6.1
5.7
5.5
5.4
5.39
5.31
5.19","71
71
73

74
74
75","71
72
73

73
74
74","71
72
73

74
74
75",4.74,5.18,5.19,4.74,46268,4.74,45073,4.Non-Critical,3,29.32,40.8,0.25579809,0.08184100418,45952.6,47822.23313,42461,0,NA,46448,37.8,0,91.64110429,0.1739570859,11.48,62.32110429
,c68f9478-b33a-479a-a856-e7451b2ad7e1,388,SMS#2,DRI Incoming,T44AC1,C,235,800,SAR70,5,"29-10-2024
26-12-2024
04-03-2025
08-08-2025
9/29/2025
20-12-2025
06-07-2026","4.6
4.4
4.3
4.3
4.3
4.3
4.2","4.5
4.4
4.4
4.3
4.3
4.2
4.1","4.5
4.4
4.4
4.4
4.3
4.3
4.3","67
68
69

69
69","70
69
70

71
72","68
70
70

71
72",4.2,4.1,4.3,4.1,46209,4.1,45294,4.Non-Critical,18,49.2,33.43333333,0.09146341463,0.02950819672,46770,49869,42461,0,NA,46389,15.43333333,0,152.5,0.06195521791,-15.76666667,103.3
,3472cfd7-6736-4cd0-9025-0a51213c56c8,389,SMS#2,DRI Incoming,T44AC2,C,235,800,SAR70,5,"29-10-2024
26-12-2024
04-03-2025
08-08-2025
26-11-2025
20-12-2025
08-04-2026
06-07-2026","4.7
4.6
4.5
4.4
4.4
4.4
4.3
4.3","3.9
3.9
3.8
3.8
3.8
3.7
3.7
3.6","4.8
4.7
4.5
4.4
4.4
4.4
4.3
4.2","75
77
79
74
75
77","76
76
77
77
78
79","
75
76
77
77
77
78",4.3,3.6,4.2,3.6,46209,3.6,45121,4.Non-Critical,18,49.2,39.2,0.09146341463,0.03860294118,46597,48618.14286,42461,0,NA,46389,21.2,0,116.5714286,0.05286047346,-10,67.37142857
,f47d23b0-7f33-402a-b7c4-bb423926385b,390,SMS#2,DRI Incoming,T44RC1,C,12,800,Not Existing,8,45691,3,2.1,1.9,0,0,0,3,2.1,1.9,1.9,45691,1.9,44562,3.Marginal,3,49.05,57.83333333,0.1529051988,0.1620903454,46033.5,45950.11475,42461,Not running,NA,45721,54.83333333,0,46.2704918,-0.009185146662,8.783333333,-2.779508197
,4c6b2698-036c-4f09-8b37-b13a18ca80b8,391,SMS#2,In Plant,DEP-JHC1,C,147,800,SAR70,8,27-06-2025,2.1,2.5,2,67,69,69,2.1,2.5,2,2,45835,2,45876,4.Non-Critical,9,38.95,14.03333333,0.1925545571,0.1925545571,47044.5,47044.5,42461,0,46460.25,NA,5.033333333,0,38.95,0,-24.91666667,0
,32943a76-f754-4784-ad62-e9b282326b3f,392,SMS#2,In Plant,DEP-JHC2,C,147,800,SAR70,8,"29-10-2024
17-01-2025
22-04-2025
23-12-2025
11-07-2026","6.0
5.95
5.9
5.8
5.7","5.5
5
5.8
5.7
5.5","5.4
5
5.9
5.8
5.6","71
70
60
62
72","70
72
63
64
71","72
70
63
64
70",5.7,5.5,5.6,5.5,46214,5.5,45343,4.Non-Critical,9,40.23,31.8,0.1864280388,0.08610792193,46549.9,47956,42461,0,NA,46394,22.8,0,87.1,0.1003201168,-8.43,46.87
,df424483-ede5-47de-aee5-521d29011af3,393,SMS#2,In Plant,BOF-JHC1,C,115,800,SAR70,8,"29-10-2024
17-01-2025
11-04-2025
22-04-2025
27-06-2025","2.1
1.9
1.2
1.3
1.1","2
1.8
1.25
1.2
1","2.4
2.2
2.0
2
1.7","75
76
80
80
81","80
80
81
80
80","78
80
80
80
81",1.1,1,1.7,1,45835,1,45875,4.Non-Critical,9,34.38,14.06666667,0.2181500873,0.2181500873,46906.4,46906.4,42461,0,46390.7,NA,5.066666667,0,34.38,0,-20.31333333,0
,3e555f2b-d8cb-4e85-bb90-e555428f92cc,394,SMS#2,In Plant,BOF-JHC2,C,115,800,SAR70,8,"29-10-2024
17-01-2025
22-04-2025
23-12-2025
11-07-2026","5.9
5.75
5.6
5.5
5.3","5.9
5.7
5.6
5.4
5.2","6.0
5.8
5.7
5.7
5.5","75
71
72
74","74
75
75
75","72
72
74
76",5.3,5.2,5.5,5.2,46214,5.2,45419,4.Non-Critical,9,32.77,29.26666667,0.228867867,0.1056603774,46402.1,47548.46429,42461,0,NA,46394,20.26666667,0,70.98214286,0.1232074896,-3.503333333,38.21214286
,f6279a9d-f9b6-4f04-872e-eb4cfc3d24ef,395,SMS#2,In Plant,BOF-C1,C,390,800,SAR70,8,"29-10-2024
17-01-2025
11-04-2025
22-04-2025
27-06-2025","3.9
3.8
3.6
3.5
3.4","3.8
3.9
3.8
3.5
3.2","4.2
4.1
4.0
3.7
3.5","
76
77
75
77","
78
79
76
78","
77
79
76
77",3.4,3.2,3.5,3.2,45835,3.2,45878,4.Non-Critical,18,30.7,13.96666667,0.2442996743,0.2442996743,46799,46799,42461,0,46338.5,NA,-4.033333333,0,30.7,0,-16.73333333,0
,62b29ba2-80b1-4aa0-ba0b-2ab92bef7a4d,396,SMS#2,In Plant,BOF-C2,C,390,800,SAR70,8,"29-10-2024
17-01-2025
22-04-2025
23-12-2025
19-02-2026
11-07-2026","4.9
4.8
4.7
4.6
4.6
4.6","4.7
4.7
4.6
4.6
4.58
4.4","5.2
5.1
5.0
4.9
4.9
4.7","67
70
80
80
80","66
80
81
81
81","68
80
80
80
80",4.6,4.4,4.7,4.4,46214,4.4,44197,4.Non-Critical,18,61.04,70,0.122870249,0.05354486862,46028.2,48399.08333,42461,0,NA,46394,52,0,140.0694444,0.0693253804,8.96,79.02944444
,d4d25122-5575-42a4-80fe-77be2aeb1a72,397,SMS#2,In Plant,BOF-C3,C,82,800,SAR70,8,"1/10/2025
23-12-2025
11-07-2026","5.8
5.7
5.6","5.2
5.7
5.4","5.8
5.7
5.6","66

79","68

80","67

79",5.6,5.4,5.6,5.4,46214,5.4,44248,4.Non-Critical,9,59.36,68.3,0.1263477089,0.03967446592,46028.8,49919.15385,42461,0,NA,46394,59.3,0,189.0384615,0.08667324297,8.94,129.6784615
,158acec1-4579-4f32-927d-e1cf14ca60db,398,SMS#2,In Plant,BOF-RSC1,A+,70,800,SAR70,8,"5/23/2025
17-12-2025
17-03-2026
01-04-2026","3.9
3.5
3.1
2.4","3.6
2.7
2.7
2.4","2.3
1.4
0.7
0","79
79","78
78","79
79",2.4,2.4,0,0,46113,0,46135,4.Non-Critical,9,20.55,5.4,0.3649635036,0.3649635036,46751.5,46751.5,42461,0,46443.25,NA,-3.6,0,20.55,0,-15.15,0
,a8a1d7b3-1fa1-413c-a2a5-cc3821fcbcfc,399,SMS#2,In Plant,BOF-RSC2,C,70,800,SAR70,8,"1/10/2025
23-12-2025
15-07-2026","5.9
5.6
5.5","5.6
5.5
5.4","5.8
5.8
5.7","69
73
75","68
74
77","68
72
76",5.5,5.4,5.7,5.4,46218,5.4,44358,4.Non-Critical,9,55.75,64.63333333,0.134529148,0.04193548387,46030.5,49723.38462,42461,0,NA,46398,55.63333333,0,178.8461538,0.09259366411,8.883333333,123.0961538
,f6a6000a-e3e7-4879-9d03-bf5d84162aa9,#REF!,#REF!,#REF!,#REF!,#REF!,#REF!,#REF!,#REF!,#REF!,#REF!,#REF!,#REF!,#REF!,#REF!,#REF!,#REF!,#REF!,#REF!,#REF!,#REF!,#REF!,#REF!,#REF!,#REF!,#REF!,#REF!,#REF!,#REF!,#REF!,#REF!,#REF!,#REF!,#REF!,#REF!,#REF!,#REF!,#REF!,#REF!,#REF!,#REF!,#REF!
,87c0298c-7053-4ccf-8a0d-b5ec64d23a63,#REF!,#REF!,#REF!,#REF!,#REF!,#REF!,#REF!,#REF!,#REF!,#REF!,#REF!,#REF!,#REF!,#REF!,#REF!,#REF!,#REF!,#REF!,#REF!,#REF!,#REF!,#REF!,#REF!,#REF!,#REF!,#REF!,#REF!,#REF!,#REF!,#REF!,#REF!,#REF!,#REF!,#REF!,#REF!,#REF!,#REF!,#REF!,#REF!,#REF!,#REF!
,bf690395-fcbb-4402-b205-893ac2daa252,400,SMS#2,MHS,CDP FINES BELT,B,31,500,FR,6,"2/3/2025
06/19/2025
14-07-2025
09-08-2025
03-10-2025
03-12-2025","3
2.5
2.5
2.5
2.3
2.2","2.7
2.4
2.4
2.4
2
1.9","3
2.6
2.6
2.6
2.6
2.5","
80
80
80","
80
81
81","
81
81
81",2.2,1.9,2.5,1.9,45994,1.9,45995,4.Non-Critical,3,30.52,10.06666667,0.1802096986,0.1802096986,46910.6,46910.6,42461,0,46452.8,NA,7.066666667,0,30.52,0,-20.45333333,-4.97E-14
,b9a2a13b-d8c8-45d3-9d10-9c53e23a284a,401,SMS#2,MHS,CDP HOT BELT,B,21,500,FR,6,"2/3/2025
19-06-2025
14-07-2025
09-08-2025
10/3/25","3.1
2.5
2.5
2.5
2.4","2.9
2.7
2.7
2.5","3.1
2.9
2.8
2.8
2.6","
79
79","
83
84
","
81
81",2.4,2.5,2.6,2.4,45933,2.4,45995,4.Non-Critical,3,30.52,10.06666667,0.1802096986,0.1802096986,46910.6,46910.6,42461,0,46452.8,NA,7.066666667,0,30.52,0,-20.45333333,-4.97E-14
,13c57c83-8dbd-4cfe-8e14-7fc07b32bf0f,402,SMS#2,MHS,CDP COLD BELT1,B,13,500,FR,6,"2/3/2025
10/3/25
03-12-2025
17-02-2026
09-03-2026","3
2.9
2.5
1.0
0.9","3.4
2.5
2.1
0.5
0.2","3.1
3
2.7
1.1
0.9","78
80
80
80","80
81
81
81","79
80
81
76",0.9,0.2,0.9,0.2,46090,0.2,45888,1.Critical,3,8.69,13.63333333,0.6329113924,0.8613861386,46148.7,46079.55172,42461,0,NA,Critical,10.63333333,0,6.385057471,-0.2284747462,4.943333333,-2.304942529
,1f3b7cdb-f98a-45df-97f6-e33c166ee7f7,403,SMS#2,MHS,CDP COLD BELT2,C,13,500,Not Existing,6,"6/19/2025
14-07-2025
09-08-2025","2.2
1.4
1.0","0.7
0
0","2.3
1.9
1.5","75
78","75
82","77
77",1,0,1.5,0,45878,0,45526,1.Critical,3,17.38,25.7,0.3164556962,0.5113636364,46047.4,45848.66667,42461,0,NA,Critical,22.7,0,10.75555556,-0.1949079402,8.32,-6.624444444
,d9fca2a9-07c8-4ade-b024-bb412b4e4c50,404,SP#1,BF Route,J34C1,A+ (Sup.Critical),520,800,SAR70,5,"22-08-2023
10-02-2024
05-03-2024
24-06-2024
28-08-2024
20-10-2024
05-12-2024
8/14/2025
05-11-2025
27-03-2026
12-08-2026
03-09-2026","5.20
5.10
5.40
4.50
4.40
4.4
4.3
4.2
4.19
4.15
4.13
4.08","4.38
4.50
4.2
3.90
3.60
3.5
2.9
2.6
2.2
2.1
1.83
1.61","5.07
5.10
4.8
4.1
4.5
3.8
3.7
3.6
3.6
3.5
3.2
3.15","71
79
76
72
73
74
74
75
76
78","71
72
73
74
75
75
76
76
78
78","73
75
75
76
78
78
79
79
80
81",4.08,1.61,3.15,1.61,46268,1.61,44942,3.Marginal,18,26.45,45.16666667,0.1701323251,0.07669683258,45735.5,46702.17699,42461,0,NA,46298,27.16666667,0,58.67256637,0.09343549256,18.71666667,32.22256637
,8887d1ad-5dc7-4cc4-bba3-e98523188342,405,SP#1,BF Route,J35C2,A+ (Sup.Critical),200,1000,SAR70,5,"31-10-2023
10-02-2024
24-06-2024
28-08-2024
05-12-2024
30-07-2025
05-11-2025
13-02-2026
12-08-2026","7.30
7.50
6.5
6.6
6.2
2.5
4.5
4.2
3.30","7.30
7.00
6.00
5.90
4.8
2.3
4.1
3.8
2.46","7.80
7.10
6.50
7.2
6.3
2.4
4.4
4.2
3.38","74
73
73
73
77
84
68
71","75
76
76
79
81
85
70
70","73
75
74
74
76
85
69
70",3.3,2.46,3.38,2.46,46246,2.46,45882,3.Marginal,18,12.65,13.83333333,0.3557312253,0.2093406593,46261.5,46526.88189,42461,0,NA,46306,-4.166666667,0,21.49606299,0.146390566,1.183333333,8.846062992
,707d8834-eeb4-4f88-8bfb-73ea6b6a5bd0,406,SP#1,BF Route,J36C2,A+ (Sup.Critical),420,1000,SAR70,8,"11/5/2025
13-02-2026
12-08-2026","7.9
5.55
5.01","7.8
5.9
5.32","7.9
5.4
4.95","63
65
66","63
65
67","63
64
65",5.01,5.32,4.95,4.95,46246,4.95,45884,4.Non-Critical,18,22.67,13.76666667,0.3308337009,0.2527624309,46564.1,46774.16393,42461,0,NA,46336,-4.233333333,0,29.67213115,0.07807126999,-8.903333333,7.002131148
,693468d8-6dde-4a20-8df0-7fe736a04182,407,SP#1,BF Route,J37C2,A+ (Sup.Critical),250,1000,FR-SAR,8,"25-07-2022
31-10-2023
09-01-2024
10-02-2024
24-06-2024
05-12-2024
07-06-2025
05-11-2025
13-02-2026
07-04-2026
12-08-2026
03-09-2026","5.73
8.00
5.00
5.40
4.10
4.2
3.6
3.6
3.5
3.5
2.06
1.73","3.53
7.90
4.90
5.30
4.90
3.9
3.4
3.1
2.9
2.9
1.87
1.78","6.90
8.00
5.00
5.50
4.60
3.8
3.6
3.2
3
2.8
1.92
1.44","74
67
71
69
73
73
74
74
75
78
78","76
72
70
70
76
78
78
79
79
79
80","73
66
71
70
71
74
75
76
76
76
77",1.73,1.78,1.44,1.44,46268,1.44,45261,2.Semi-Critical,18,23.12,34.53333333,0.3243944637,0.1954319762,45954.6,46412.29573,42461,0,NA,46298,16.53333333,"Belt also has a 15 MTR piece added to it & its thickness is 6.2, 6.1, 6.2",38.37652439,0.1289624875,11.41333333,15.25652439
,cfe8bcdc-05e8-4a3e-b220-90e849c78a4b,408,SP#1,BF Route,SH1C1,A+ (Sup.Critical),65,1000,FR,8,"26-04-2022
21-07-2022
15-10-2023
07-06-2024
28-06-2024
04-10-2024
09-01-2025
28-10-2025
27-05-2026
18-08-2026","5.90
6.30
6.50
6.80
5.40

3.2
3
6.1
4.74","3.80
6.30
4.13
2.30
2.10
0
4.3
1
5.1
4.57","6.00
7.60
7.20
7.40
5.20

3.3
3.7
6.4
4.62","73
73
68
72
72



60
72","76
72
71
70
74



61
75","74
75
70
72
74



60
74",4.74,4.57,4.62,4.57,46252,4.57,45966,4.Non-Critical,9,13.76,11.03333333,0.5450581395,0.3597902098,46378.8,46591.36443,42461,0,NA,46342,2.033333333,0,20.84548105,0.1852679297,-2.726666667,7.08548105
,ea1a3bae-ae70-4e54-a9e7-7f25ee47fab5,409,SP#1,In Plant,CHE1,A,265,800,HRT3,5,"22-08-2023
31-10-2023
10-02-2024
27-06-2024
28-08-2024
03-04-2025
8/14/2025
06-11-2025
13-02-2026
07-04-2026
12-08-2026","4.90
5.00
4.70
4.10
4.00
4.3
4
3.4
3.2
2.9
2.87","4.10
4.40
3.90
3.40
3.30
3.8
3.6
2.9
2.7
2.3
2.12","4.40
5.10
4.80
4.10
4.10
4.0
4.1
4.1
4.1
3.7
3.67","61
61
62
64
64
71
72
74
74
75","63
64
65
66
68
73
75
76
76
77","60
60
63
62
62
69
75
76
76
76",2.87,2.12,3.67,2.12,46246,2.12,45585,3.Marginal,18,13.7,23.73333333,0.3284671533,0.1307110439,45996,46617.8125,42461,0,NA,46306,5.733333333,0,34.42708333,0.1977561094,10.03333333,20.72708333
,def061a0-cb51-4d1b-b9f2-2fba0f516711,410,SP#1,In Plant,H2,A,22,1000,USAR,5,"04-10-2024
10-01-2025
11-03-2025
18-06-2025
8/11/2025
27-03-2026
10-08-2026","0
4.6
4.5
4
7
3.7
0","0
3.5
3.0
1.5
4.4
1.4
0","0
4.6
4.5
4.2
6.6
2.8
0","
82
71
72","
75
70
75","
87
70
73",0,0,0,0,46244,0,46246,4.Non-Critical,3,3.56,1.7,1.264044944,1.264044944,46352.8,46352.8,42461,0,NA,NA,-1.3,0,3.56,0,-1.86,9.68E-14
,f34e7225-0997-4937-b0d9-0216c57e599e,411,SP#1,In Plant,Y4,A,65,1400,SAR70,8,"11-04-2022
20-10-2024
29-01-2025
06-11-2025
25-01-2026
12-08-2026","3
2.5
1.2
4.0
0
4.26","2.7
4.5
1
3.5
0
4.21","4.1
4.5
0
2.4
0
5.25","74

72
70","73

71
74","74

72
75",4.26,4.21,5.25,4.21,46246,4.21,46066,4.Non-Critical,9,10.66,7.7,0.703564728,0.6316666667,46385.8,46422.20053,42461,0,NA,46336,-1.3,0,11.87335092,0.07189806129,-2.96,1.213350923
,8d7ad688-18d2-4db1-a4d0-e7357a0d2ceb,412,SP#1,In Plant,PU2,B,290,800,FR,5,"22-08-2023
29-06-2024
20-10-2024
11-03-2025
06-11-2025
12-08-2026","3.9
5
4.8
4.7
4.68
4.62","2.5
5
4.51
4.0
3.8
2.67","3.8
5
4.88
4.6
4.62
4.57","
70
74
76
76
76","
76
76
76
77
77","
72
74
75
76
77",4.62,2.67,4.57,2.67,46246,2.67,45230,3.Marginal,18,33.89,35.56666667,0.1327825317,0.0687992126,46246.7,47192.23176,42461,0,NA,46306,17.56666667,0,65.40772532,0.06398331912,1.676666667,31.51772532
,1d446baf-2fe9-4253-a1cd-c7d59c0a1ed2,413,SP#1,In Plant,SP1-S1,A,275,1000,HRT3,5,"22-08-2023
10-02-2024
28-06-2024
28-08-2024
19-09-2024
03-04-2025
8/14/2025
27-03-2026","5.90
4.20
3.80
3.80
4.20
4
3.7
3.5","5.50
4.10
3.10
3.0
2.30
3.7
3.5
3.3","5.90
4.20
3.00
3.00
4.30
3.9
3.7
3.4","66
67
72
68
67
68","69
68
70
68
70
71","62
68
71
68
69
71",3.5,3.3,3.4,3.3,46108,3.3,46174,4.Non-Critical,18,16.63,4.1,0.2705953097,0.2705953097,46672.9,46672.9,42461,0,46423.45,NA,-13.9,0,16.63,0,-12.53,4.97E-14
,b499d79f-bd48-4a8b-9c6c-ba9e2a378570,414,SP#1,In Plant,RP13,B,16,800,SAR70,5,"28-08-2024
18-03-2025
18-06-2025
8/13/2025
01-11-2025
27-03-2026
12-08-2026","3.1
1.7
0
0
0
4.4
3.53","3
2.3
2
1.5
0
4.6
3.58","3.2
2.5
0
0
0
4.7
2.52","73
76
79


75","71
76
78


72","74
75
78


74",3.53,3.58,2.52,2.52,46246,2.52,45968,3.Marginal,3,12.45,10.96666667,0.3614457831,0.2676258993,46341.5,46472.43548,42461,0,NA,46306,7.966666667,0,16.81451613,0.09381988385,-1.483333333,4.364516129
,acfb069d-950b-4dde-814a-e5f04b31c267,415,SP#1,In Plant,CHE2,A,290,800,HRT3,5,"22-08-2023
31-10-2023
10-02-2024
27-06-2024
28-08-2024
11-03-2025
8/14/2025
06-11-2025
13-02-2026
07-04-2026
12-08-2026
03-09-2026","4.38
4.20
3.50
4.1
4.0
3.9
3.8
3.7
3.6
3.6
3.05
3.04","4.31
3.60
3.40
3.20
3.20
3.2
2.9
2.8
2.8
2.7
2.53
1.77","4.00
4.30
3.90
3.80
3.80
3.0
2.7
2.5
2.5
2.4
2.4
2.38","69
70
71
71
72
74
75
75
75
76","71
72
73
74
74
75
75
75
76
76","70
71
72
72
73
73
74
74
74
75",3.04,1.77,2.38,1.77,46268,1.77,44677,3.Marginal,18,32.65,54,0.1378254211,0.06090509114,45656.5,46893.56347,42461,0,NA,46298,36,0,73.88544892,0.07692033,21.35,41.23544892
,d6167231-80c3-4be7-9468-dfda8dadee12,416,SP#1,In Plant,CHE3,A,28,800,HRT3,5,"22-08-2023
31-10-2023
10-02-2024
28-08-2024
27-02-2025
8/14/2025
28-10-2025
05-11-2025
27-03-2026
07-04-2026
12-08-2026","4.50
5.10
4.60
4.60
0
4.1
0
0
4.9
3.9
0.25","4.10
4.30
4.00
4.00
0
3
0
0
3.5
2.0
0","4.60
5.00
4.30
4.40
0
3.7
3.6
3.1
4.9
2.8
0.36","63
62
66
72

75
75","65
65
65
72

76
77","64
62
66
71

75
76",0.25,0,0.36,0,46246,0,46268,4.Non-Critical,3,9.63,0.9666666667,0.4672897196,0.4672897196,46556.9,46556.9,42461,0,46412.45,NA,-2.033333333,0,9.63,0,-8.663333333,4.80E-14
,4998c17f-7c2f-44d4-9998-e2d0c11a7aea,417,SP#1,In Plant,F1,A,230,800,FR,5,"22-08-2023
31-10-2023
29-06-2024
28-08-2024
20-10-2024
03-04-2025
8/14/2025
13-02-2026
12-08-2026","3.70
2.50
2.5
2.50
1.1
5.1
4.8
4.4
4.33","2.90
2.20
2.2
1.8
1.3
4.8
4.4
3.7
0","3.30
2.40
2.5
2.50
1.5
5
4.6
4.2
2.04","71
71
76
80
65

69
70
74","75
76
78
79
66

70
71
75","74
75
76
76
67

70
72
75",4.33,0,2.04,0,46246,0,45667,1.Critical,18,25.16,21,0.1788553259,0.2590673575,46421.8,46188.1,42461,0,NA,Critical,3,0,17.37,-0.0802120316,-4.16,-7.79
,bf652ab4-c966-4200-aaf0-ee1e26b54345,418,SP#1,In Plant,PU1,A,160,800,FR,5,"22-08-2023
29-06-2024
28-08-2024
20-10-2024
01-03-2025
8/14/2025
06-11-2025
12-08-2026","3.1
3.4
2.7
3.1

4.7
4.6
4.17","2.5
2.3
1.6
0.87
0
4.2
3.8
3.33","3
3.3
1.8
3.2

4.4
4.3
4.19","70
75
74

71
72
73","79
80
81

73
73
75","73
74
72

71
72
74",4.17,3.33,4.19,3.33,46246,3.33,45750,4.Non-Critical,18,28.83,18.23333333,0.1560874089,0.1010080645,46614.9,47086.52695,42461,0,NA,46426,0.2333333333,0,44.5508982,0.05507934443,-10.59666667,15.7208982
,45eef91d-5cd1-4d2b-96d4-00c10253530a,419,SP#1,In Plant,H3,A,450,1000,SAR70,8,"02-02-2022
18-02-2022
31-10-2023
21-12-2023
09-01-2024
18-03-2025
18-06-2025
12-08-2025
25-01-2026","3.62
4.22
5.80
4.90
0.40
4.6
4.1
0
0","1.35
PLY 
4.80
4.10
3.60
4.7
4.2
4
0","3.62
4.09
2.40
3.90
4.20
4.7
4.4
0
0","74
70
74
74
72
68
75","75
71
76
77
77
70
75","75
69
73
76
74
73
76",0,0,0,0,46108,0,46174,4.Non-Critical,18,26.3,4.1,0.2851711027,0.2851711027,46963,46963,42461,0,46568.5,NA,-13.9,0,26.3,0,-22.2,0
,0f69cc5a-b357-4c0a-be10-7f62ea42d224,420,SP#1,In Plant,F2,B,12,1000,SAR70,5,46207,4.7,1.8,5,70,65,66,4.7,1.8,5,1.8,46119,1.8,46151,4.Non-Critical,1,13.84,4.866666667,0.3251445087,0.3251445087,46566.2,46566.2,42461,0,46358.6,NA,3.866666667,0,13.84,0,-8.973333333,-9.77E-14
,c80f4880-d1b0-4c43-a752-5bcace98afca,421,SP#1,In Plant,B1,A,12,1000,USAR,8,"03-06-2022
10-01-2025","0
5.80
5.7","0
5.50
5.1
0","0
5.90
5.8","78
65","77
61","75
65",5.7,0,5.8,0,45721,0,46252,4.Non-Critical,3,4.17,1.5,1.798561151,1.798561151,46377.1,46377.1,42461,0,NA,NA,-1.5,0,4.17,0,-2.67,-4.88E-14
,f5ff0b7c-2e94-46a2-aae6-33c53076f4d4,422,SP#1,In Plant,FC2,B,32,800,SAR70,5,"7/30/2025
8/13/2025
06-11-2025
18-06-2026
12-08-2026
03-09-2026","4.5
4.3
4.3
4.2
4.1
3.97","3.5
3.3
3.0
2.1
2.0
1.93","4.5
4.1
4.0
3.1
3.0
2.72","75
75
75
75","74
75
75
76","74
74
75
75",3.97,1.93,2.72,1.93,46268,1.93,45657,3.Marginal,6,28.27,21.33333333,0.1591793421,0.1507364975,46505.1,46552.60261,42461,0,NA,46298,15.33333333,0,29.8534202,0.008442844514,-6.936666667,1.583420195
,96b87789-d5b6-4697-9e31-2871c438dedb,423,SP#1,In Plant,FC3,B,32,800,SAR70,5,"28-06-2024
20-10-2024
18-06-2025
8/13/2025
06-11-2025
18-06-2026","4.2
0
3.7
1
4.4
4.2","4
1.8
3.2
1
4.5
4.1","4.2
0
3.4
1.2
4.4
4.1","73

74
65","73

75
67","72

74
65",4.2,4.1,4.1,4.1,46191,4.1,45891,4.Non-Critical,6,9.31,13.53333333,0.4833512352,0.09,46170.3,47391,42461,0,NA,46371,7.533333333,0,50,0.3933512352,4.223333333,40.69
,0324195e-7417-4ebc-9781-dcd91c2f62cc,424,SP#1,In Plant,FC4,B,32,800,SAR70,5,"10/20/2024
18-06-2025
30-07-2025
8/13/2025
9/26/2025
06-11-2025
18-06-2026
12-08-2026","4.3
4.0
3.9
3.9
3.8
3.7
3.6
3.5","4.4
4.1
4.0
3.8
3.6
3.5
3.5
3.4","4.6
4.3
3.8
3.7
3.7
3.5
3.4
3.3","75
75
76
77","71
74
75
76","70
74
74
75",3.5,3.4,3.3,3.3,46246,3.3,44425,4.Non-Critical,6,53.55,62.4,0.08403361345,0.02800658979,46031.5,49245.29412,42461,0,NA,46426,56.4,0,160.6764706,0.05602702366,8.85,107.1264706
,ec9681d8-de23-4b96-90c7-974cde84c081,425,SP#1,In Plant,FC5,B,32,800,SAR70,5,"10/20/2024
18-06-2025
8/13/2025
9/26/2025
06-11-2025
12-03-2026
07-04-2026
18-06-2026
12-08-2026","3.2
2.9
2.8
2.8
2.7
2.7
2.6
2.6
2.5","3.4
2.9
2.8
2.7
2.7
2.5
2.5
2.3
2.3","3.2
3.1
2.9
2.7
2.7
2.6
2.6
2.5
2.4","74

75
76
78","75

76
77
77","74

75
76
76",2.5,2.3,2.4,2.3,46246,2.3,44197,3.Marginal,6,55.42,70,0.08119812342,0.03953147877,45859.6,47612,42461,0,NA,46306,64,0,113.8333333,0.04166664465,14.58,58.41333333
,32e40c25-da46-4348-b27c-366ec7ec8842,426,SP#1,In Plant,J31C1,A,620,800,SAR70,6,"18-07-2022
03-10-2023
28-06-2024
20-10-2024
8/13/2025
13-02-2026
07-04-2026
12-08-2026","3.64
3.70
4.5
4.5
3.8
4.8
4.2
3.55","3.30
3.10
4.5
3.66
3
5.3
4.8
3.44","3.80
3.80
4.9
3.7
3.2
5.5
4.9
2.62","80
81
71

76
76
76","82
80
70

73
74
75","81
82
71

75
77
77",3.55,3.44,2.62,2.62,46246,2.62,45230,3.Marginal,18,28.75,35.56666667,0.1913043478,0.09980314961,46092.5,46883.25444,42461,0,NA,46306,17.56666667,0,55.10848126,0.09150119822,6.816666667,26.35848126
,ed82847d-9e69-4e89-9d85-d75f085b3b25,427,SP#1,In Plant,J32C1,B,580,800,SAR70,5,"03-10-2023
28-06-2024
20-10-2024
8/14/2025
13-02-2026
07-04-2026","4
3.8
3.6
3.2
3.1
3.0","3.8
3.5
3.6
3.3
3.2
3.2","3.9
3.9
3.6
3.4
3.3
3.2","73
76

77
80","75
75

77
80","76
76

77
81",3,3.2,3.2,3,46119,3,44305,3.Marginal,18,57.49,66.4,0.07827448252,0.03307607497,46029.7,48386.5,42461,0,NA,46299,48.4,0,136.05,0.04519840755,8.91,78.56
,ebe97d4e-7712-4a24-ad56-873b4f086f98,428,SP#1,In Plant,SP1C2,A,220,800,SAR70,5,"10-02-2024
28-06-2024
28-08-2024
20-10-2024
05-08-2025
8/13/2025
05-11-2025
07-04-2026","3.39
2.1
1.9
3.14

2.5
4.6
4.4","2.65
1.9
1.6
2.24
0
0
4.4
4.2","1.81
2.0
1.4
1.6

1.2
4.2
3.8","81
81
80
67
72","79
79
78
68
73","80
81
80
68
73",4.4,4.2,3.8,3.8,46119,3.8,45882,4.Non-Critical,18,27.83,13.83333333,0.1616960115,0.1518987342,46716.9,46770.75,42461,0,NA,46299,-4.166666667,0,29.625,0.009797277321,-13.99666667,1.795
,ee46160d-69d4-4a47-8c2f-cd42ec6ac244,429,SP#1,In Plant,SP1C3,A,220,800,SAR70,5,"10-02-2024
28-06-2024
20-10-2024
11-03-2025
8/13/2025
05-11-2025
02-06-2026
03-07-2026
12-08-2026","4.4
3.9
3.5
3.3
2.9
2.8
2.8
2.79
2.69","4.9
4.9
4.9
4.5
4.4
4.3
4.2
3.3
3.07","4.7
4.6
4.6
4.5
4.4
4.3
4.3
3.8
3.28","
78
79
74
76
77
77
80","
79
78
75
76
77
77
79","
79
79
79
79
80
81
81",2.69,3.07,3.28,2.69,46246,2.69,44349,3.Marginal,18,56.04,64.93333333,0.08029978587,0.03653136531,46030.2,48044.45455,42461,0,NA,46306,46.93333333,0,123.1818182,0.04376842055,8.893333333,67.14181818
,5eac54c8-6ac8-45c5-a2e2-9d0773c35827,430,SP#1,In Plant,R2,B,16,1000,SAR70,5,"29-01-2025
05-03-2025
8/13/2025
05-11-2025
03-07-2026","2.2

3.5
2.5
0","4
0
3.7
3.6
2.6","3.8

3.7
2.4
2.4","73
73
77","72
73
79","73
73
78",0,2.6,2.4,0,46206,0,45726,1.Critical,3,7.47,19.03333333,0.6024096386,0.3125,45950.1,46158,42461,0,NA,Critical,16.03333333,0,14.4,0.2899096386,11.56333333,6.93
,9e941b53-04a3-45a4-b1bc-773aa3ea14b9,431,SP#1,In Plant,R3,B,24,800,SAR70,8,"02-07-2024
03-04-2025
9/26/2025
05-11-2025
12-08-2026","5
4.8
4.0
3.9
3.30","5
4.9
4.5
4.0
3.41","4.8
3.7
2.9
2.8
2.73","77
78
78
79","76
78
78
79","76
77
79
79",3.3,3.4,2.73,2.73,46246,2.73,44359,3.Marginal,3,55.72,64.6,0.1346015793,0.08378378378,46030.6,47044.48387,42461,0,NA,46306,61.6,0,89.51612903,0.05081779554,8.88,33.79612903
,cb0977c6-9248-47c4-9d69-07569a687230,432,SP#1,In Plant,R4,B,24,800,SAR70,5,"7/2/2024
8/12/2025
05-11-2025
18-06-2026
12-08-2026","4.7
3.8
3.7
2.5
2.36","4.6
4.2
4.0
3.5
3.36","4.15
3.7
3.4
3.3
3.17","69
73
75","70
72
73","69
73
76",2.36,3.36,3.17,2.36,46246,2.36,45230,3.Marginal,3,27.32,35.56666667,0.1647144949,0.07795275591,46049.6,46961.81818,42461,0,NA,46306,32.56666667,0,57.72727273,0.08676173897,8.246666667,30.40727273
,e3b02461-ced7-427a-af73-0f7fb149ebea,433,SP#1,In Plant,R5,B,32,800,SAR70,5,"29-06-2024
18-03-2025
9/26/2025
05-11-2025
07-04-2026
18-06-2026
12-08-2026","4.9
3.2
3.0
2.8
2.5
2.4
2.28","4.2
3.7
3.6
2.8
2.5
2.4
2.39","4.8
4.5
3.9
3.9
3.9
3.2
2.81","72
73
74
75
75","70
71
71
72
73","70
71
72
72
73",2.28,2.39,2.81,2.28,46246,2.28,45332,3.Marginal,6,27.32,32.16666667,0.1647144949,0.08927789934,46151.6,46844.13235,42461,0,NA,46306,26.16666667,0,50.40441176,0.07543659553,4.846666667,23.08441176
,22980edf-64d9-447c-8e0e-c19041495e47,434,SP#1,In Plant,R6,B,32,800,SAR70,5,"29-06-2024
18-03-2025
03-04-2025
9/26/2025
05-11-2025
31-01-2026
27-03-2026
18-06-2026
12-08-2026","3.7
3.5
3.4
3.4
3.3
3.3
3.2
3.2
3.12","3.4
3.2
3.0
2.9
2.8
2.7
2.4
3.6
3.5","4.7
4.5
4.5
4.5
4.3
4.1
3.7
3.7
3.5","72
70
73
74
73
75","68
70
71
73
74
76","72
71
73
74
74
74",3.12,3.5,3.5,3.12,46246,3.12,45371,4.Non-Critical,6,25.85,30.86666667,0.1740812379,0.06445714286,46146.5,47465.41489,42461,0,NA,46426,24.86666667,0,69.81382979,0.1096240951,5.016666667,43.96382979
,537a456e-685d-480f-b646-c36a7155eefa,435,SP#1,In Plant,R7,B,220,800,SAR70,5,"27-06-2024
28-08-2024
20-10-2024
03-04-2025
18-06-2025
14-08-2025
9/26/2025
25-10-2025
05-11-2025
13-02-2026
27-03-2026
07-04-2026
31-05-2026
03-07-2026
12-08-2026","3.2
3.2
3.1
3.1
3.0
2.9
2.9
2.8
2.8
2.6
2.6
2.5
2.5
2.48
2.43","3
3.1
3.1
3.0
2.8
2.7
2.7
2.6
2.6
2.5
2.5
2.5
2.5
2.3
2.03","3.5
3.6
3.6
3.2
3.0
2.9
2.9
2.8
2.8
2.7
2.7
2.6
2.5
2.4
2.09","75
72
75
76

76
76
77
77
77","76
75
75
75

76
76
77
77
77","71
72
72
74

75
75
76
76
77",2.43,2.03,2.09,2.03,46246,2.03,44197,3.Marginal,18,61.04,70,0.07372214941,0.04348462665,46028.2,47301.54545,42461,0,NA,46306,52,0,103.4848485,0.03023752276,8.96,42.44484848
,378ce557-08d3-430c-8c8b-a67c094a572f,436,SP#1,In Plant,R8,B,85,800,SAR70,5,"28-06-2024
20-10-2024
18-03-2025
18-06-2025
14-08-2025
05-11-2025
13-02-2026
07-04-2026
03-07-2026","PLY
4.3
4.1
4.1
4.0
3.9
3.9
3.8
3.6","0.8
3.9
3.9
3.7
3.7
3.7
3.6
3.6
3.5","PLY 
4.3
4.1
3.9
3.8
3.8
3.8
3.7
3.7","85
69
74
76
76
77","80
69
75
75
76
77","80
70
75
76
76
77",3.6,3.5,3.7,3.5,46206,3.5,45475,4.Non-Critical,9,18.43,27.4,0.2441671188,0.06155950752,46027.9,47668,42461,0,NA,46386,18.4,0,73.1,0.1826076113,8.97,54.67
,a34730de-9814-4b6e-a38c-274328fab1fb,437,SP#1,In Plant,R9,B,14,1000,SAR70,8,"12-08-2025 
05-11-2025
03-07-2026","7.5
7.4
2.7","7.3
7.2
3.2","7.5
7.4
3.3","71
72
77","72
73
75","71
72
74",2.7,3.2,3.3,2.7,46206,2.7,45532,3.Marginal,1,10.69,25.5,0.7015902713,0.2359050445,45852.7,46485.77358,42461,0,NA,46266,24.5,0,31.79245283,0.4656852268,14.81,21.10245283
,029868d2-de71-435e-8683-4ba44afcaae2,438,SP#1,In Plant,RP2,B,16,1000,SAR70,6,"1/29/2025
18-06-2025
8/13/2025","4.2
3
7.47","4
3.4
4.6","3.8
1.6
4.7",75,76,77,7.47,4.6,4.7,4.6,45882,4.6,45965,4.Non-Critical,3,2.92,11.06666667,1.883561644,1.883561644,46052.6,46052.6,42461,0,NA,NA,8.066666667,0,2.92,0,8.146666667,-4.84E-14
,3fd7c881-cc0c-4d3f-b095-8c33837ffa97,439,SP#1,In Plant,RP3,B,26,800,SAR70,5,"02-07-2024
18-03-2025
18-06-2025
8/12/2025
9/26/2025
10/25/2025
05-11-2025
03-02-2026
07-04-2026
18-06-2026","1.2
3.7
3.6
3.4
3.32
3.2
3.2
3.15
2.9
4.8","0.3
3.7
3.6
3.5
3.3
3.2
3.1
3.1
3.0
4.9","1.0
3.8
3.2
2.6
2.3
1.8
1.8
3.2
3.1
5.0","71
72
73
74
75
75
76","71
69
71
72
73
74
75","70
71
72
72
73
74
74",4.8,4.9,5,4.8,46191,4.8,46144,4.Non-Critical,3,12.02,5.1,0.3743760399,0.1276595745,46504.6,47201.5,42461,0,NA,46371,2.1,0,35.25,0.2467164655,-6.92,23.23
,865e07d7-b754-4dad-8674-116fa424b847,440,SP#1,In Plant,RP4,B,26,1200,SAR70,5,"10/5/2024
8/12/2025
05-11-2025
03-02-2026
12-08-2026","
4.4
4.5
4.2
4.12","0
4.6
3.4
3.3
3.26","
4.7
4.6
4.5
4.35","
73
72
72
73","72
73
73
75","
72
72
73
77",4.12,3.26,4.35,3.26,46246,3.26,45585,4.Non-Critical,3,11.64,23.73333333,0.3865979381,0.07897125567,45934.2,47294.48276,42461,0,NA,46426,20.73333333,0,56.98275862,0.3076266825,12.09333333,45.34275862
,4036763b-4588-4bee-97d8-ce9d0a510cd0,441,SP#1,In Plant,RP5,B,218,800,SAR70,5,"22-08-2023
31-10-2023
28-06-2024
20-10-2024
18-03-2025
03-04-2025
18-06-2025
14-08-2025
9/26/2025
05-11-2025
13-02-2026
27-03-2026
07-04-2026
31-05-2026
03-07-2026
12-08-2026
03-09-2026","3.6
3.5
3.41
3
2.7
2.7
2.7
2.6
2.6
2.5
2.5
2.4
2.3
2.3
2.2
1.45
1.41","3.8
3.8
3.8
3.7
3.6
3.3
3.1
3.0
2.9
2.8
2.7
2.7
2.6
2.6
2.4
1.81
1.78","3.20
3.1
3.1
3.1
3.0
2.9
2.9
2.8
2.6
2.5
2.5
2.5
2.5
2.4
1.26
1.23","72
75
76
72
76
77

77
78
79
79
79","75
74
75
73
75
78

77
77
77
78
78","72
74
76
73
75
76

76
77
78
78
78",1.41,1.78,1.23,1.23,46268,1.23,44306,2.Semi-Critical,18,57.46,66.36666667,0.07831534981,0.05764525994,46029.8,46647.90981,42461,0,NA,46298,48.36666667,0,78.06366048,0.02067008987,8.906666667,20.60366048
,452bc7e7-1cdd-4268-ae14-9f0041fc0ec2,442,SP#1,In Plant,RP6,B,49,650,BUCKET CON,5,0,0,0,0,0,0,0,0,0,0,0,0,0,46233,4.Non-Critical,9,19.15,2.133333333,0.2349869452,0.2349869452,46807.5,46807.5,42461,0,46520.25,NA,-6.866666667,0,19.15,0,-17.01666667,0
,caca69e2-824e-410f-bba9-a24a74dae3ce,443,SP#1,In Plant,RP7,B,12,1000,SAR70,5,"5/2/2025
8/12/2025
05-11-2025","2.9
2.6
0","3.1
2.3
0","2.7
2.5
0","79
80","80
81","83
83",0,0,0,0,45966,0,46007,4.Non-Critical,1,12.17,9.666666667,0.3697617091,0.3697617091,46372.1,46372.1,42461,0,46189.55,NA,8.666666667,0,12.17,0,-2.503333333,-4.80E-14
,b8bb416c-9c1c-484b-80c7-c380f5f4ced8,444,SP#1,In Plant,RP8,B,26,1000,SAR70,5,"7/2/2024
1408-2025
03-07-2026","4.9
3.1
3.1","4.2
2.7
3.7","4.6
3.2
3.2","78
73","77
74","79
74",3.1,3.7,3.2,3.1,46206,3.1,46017,4.Non-Critical,3,11.09,9.333333333,0.4057709648,0.3015873016,46349.7,46464.63158,42461,0,NA,46296,6.333333333,0,14.92105263,0.1041836632,-1.756666667,3.831052632
,b6fc74b7-88dd-4afc-a712-99e148ec9ad0,445,SP#1,In Plant,RP9,B,18,800,SAR70,5,"8/12/2025
05-11-2025
31-05-2026
03-07-2026
12-08-2026","3.5
3.2
2.4
0
0","3.9
3.3
3.3
3.2
2.0","3.6
3.5
3.4
2.7
2.4","71
73
74
74
74","71
72
74
75
75","71
73
75
76
77",0,2,2.4,0,46246,0,45636,1.Critical,3,13.3,22.03333333,0.3383458647,0.2459016393,46035,46185,42461,0,NA,Critical,19.03333333,0,18.3,0.09244422532,8.733333333,5
,8be1f989-0498-4cff-b52b-27851758f3c2,446,SP#1,In Plant,RP10,B,18,800,SAR70,5,"8/12/2025
05-11-2025
31-05-2026
03-07-2026","3.2
3.0
3.0
3.0","3.8
3.5
3.2
3.2","3.5
3.3
3.2
3.2","74
74
75
75","72
73
74
74","72
73
74
74",3,3.2,3.2,3,46206,3,45585,3.Marginal,3,17.44,23.73333333,0.2580275229,0.09661835749,46108.2,46982.25,42461,0,NA,46386,20.73333333,0,46.575,0.1614091654,6.293333333,29.135
,6f6c1533-464f-4893-86aa-b6e46ffc688f,447,SP#1,In Plant,RP11,B,60,800,SAR70,5,"22-08-2023
31-10-2023
28-06-2024
28-08-2024
03-04-2025
18-06-2025
8/14/2025
9/26/2025
25-10-2025
13-02-2026
27-03-2026
07-04-2026
03-07-2026
12-08-2026
03-09-2026","4.40
4.50
3.8
3.7
3.6
3.4
3.4
3.4
3.2
2.6
2.5
2.4
2.2
1.9
1.58","4.10
4.0
3.9
3.8
3.7
3.6
3.4
3.1
2.9
2.4
2.6
2.5
2.1
1.4
1.23","4.20
4.50
4.3
4.2
3.9
3.7
3.6
3.4
3.4
2.7
2.7
2.5
2.3
1.7
1.54","70
70
71
71
71
75
76
76
77
77
77","70
71
72
72
72
74
75
75
75
75
77","71
72
72
73
74
75
75
76
76
76
76",1.58,1.23,1.54,1.23,46268,1.23,45090,2.Semi-Critical,9,31.7,40.23333333,0.141955836,0.09601018676,46041,46496.1008,42461,0,NA,46298,31.23333333,0,46.87002653,0.0459456492,8.533333333,15.17002653
,ac192af4-4da0-499b-941b-25fca83ebe14,448,SP#1,In Plant,RP12,B,230,800,SAR70,5,"22-08-2023
31-10-2023
28-06-2024
28-08-2024
18-06-2025
12-08-2025
9/26/2025
05-11-2025
13-02-2026
27-03-2026
31-05-2026
03-07-2026
12-08-2026
03-09-2026","3.60
2.70
2.6
2.4
2.3
2.3
2.2
2.0
1.8
1.7
1.6
1.5
1.5
0.49","3.20
3.50
2.8
2.6
2.5
2.4
2.3
2.2
2.1
2
2.0
2.0
1.99
1.95","3.6
3.50
3.5
3.4
3.2
2.9
2.8
2.8
2.7
2.7
2.6
2.5
2.4
1.63","73
74
75
76
76
77
77
77
78
78","71
72
73
74
74
75
75
76
76
77","71
73
75
76
76
77
78
78
78
78",0.48,1.95,1.63,0.48,46268,0.48,44197,1.Critical,18,61.04,70,0.07372214941,0.06547561564,46028.2,46258.83628,42461,0,NA,Critical,52,0,68.72787611,0.008246533766,8.96,7.687876106
,26adf21a-74a4-43e6-82e1-cb74b52dd09a,449,SP#1,In Plant,CF1,B,196,800,FR,5,"29-06-2024
03-04-2025
8/14/2025
06-11-2025","4.6
3.8
3.5
3.3","4.5
2.5
1.2
0","4.8
2
1
0","66
61
65","64
63
85","64
62
75",3.3,0,0,0,45967,0,45231,1.Critical,18,33.89,35.53333333,0.1327825317,0.2038043478,46247.7,45893.4,42461,0,NA,Critical,17.53333333,0,22.08,-0.07102181611,1.643333333,-11.81
,a6a3028b-7c28-47c5-93d5-39d963dd2ace,450,SP#1,In Plant,SP1-S2,C,35,1000,HRT3,5,"6/29/2024
8/14/2025
27-03-2026
12-08-2026","4.5
4.0
3.6
3.71","4.2
4.1
3.5
3.38","3.5
3.1
2.6
0","74
74
75","70
74
76","75
75
76",3.71,3.38,0,0,46246,0,45090,1.Critical,6,27.71,40.23333333,0.1623962468,0.1297577855,45921.3,46130.4,42461,0,NA,Critical,34.23333333,0,34.68,0.03263846138,12.52333333,6.97
,7fe1daaf-4130-48b1-b96d-5e6667ff89e0,451,SP#1,In Plant,RFTH4C1,B,480,650,SAR70,6,"18-02-2022
19-10-2024
03-04-2025
8/12/2025
10/17/2025
06-11-2025
06-03-2026
18-08-2026
03-09-2026 ","5.6
3.5
3.6
3.6
3.5
3.5
3.2
3.08
2.93","5.39
3.3
3.2
2.8
2.5
2.4
2.35
2.2
1.94","5.2
3.4
3.6
3.5
3.5
3.4
3.2
2.87
2.84","70
72
67
74
74
74
74","73
74
68
76
75
75
75","72
73
67
73
74
74
75",2.93,1.94,2.84,1.94,46268,1.94,45050,3.Marginal,18,34.71,41.56666667,0.1584557764,0.1,46091.3,46700,42461,0,NA,46298,23.56666667,0,55,0.05845577643,6.856666667,20.29
,6c917cc5-3c5b-410a-b545-7ce12f976107,452,SP#1,In Plant,RFTH5C1,B,400,650,SAR70,5,"18-02-2022
19-10-2024
03-04-2025
8/12/2025
06-11-2025
27-03-2026
18-08-2026","3.89
4.6
4
3.6
3.5
3.3
2.38","3.63
4.8
4.3
4
3.9
3.7
3.21","3.85
4.9
4.1
3.8
3.7
3.6
3.54","64
69
72
75
75
75","65
68
72
75
76
76","66
72
73
75
76
76",2.38,3.21,3.54,2.38,46252,2.38,45451,3.Marginal,18,32.7,28.2,0.1376146789,0.09812734082,46432,46826.76336,42461,0,NA,46312,10.2,0,45.85877863,0.03948733808,-4.5,13.15877863
,5b5e9a4c-385e-4861-ba78-acc54215990d,453,SP#1,In Plant,H1,A,360,1000,SAR70,5,"02-02-2022
18-02-2022
31-10-2023
29-06-2024
28-08-2024
18-03-2025
18-06-2025
8/12/2025
27-03-2026
02-06-2026
01-07-2026","5.86
2.71
3.70
2.2
1.2
3.6
3.4

3.3
3.1
3.0","1.95
1.79
4.30
1.4
1.32
3.2
2
0
4.1
3.47
3.3","2.63
2.55
4.10
1.9
0
3.7
2.8

3.4
3.06
3.0","70
75
72
78
70
72
73
73

74","72
76
71
77
84
69
71
75

75","70
74
72
78
78
69
73
74

75",3,3.3,3,3,46204,3,45882,3.Marginal,18,19.3,13.83333333,0.2331606218,0.1863354037,46461,46606.5,42461,0,NA,46384,-4.166666667,0,24.15,0.04682521803,-5.466666667,4.85
,2c36cbfc-2040-4deb-8835-03f708d8f970,454,SP#1,In Plant,J29C1,B,220,800,SAR70,5,"8/27/2024
8/14/2025
05-11-2025
18-03-2026
02-06-2026","3.2
3.5
3.5
3.4
3.37","4.8
4.6
4.5
4.4
4.3","4.7
4.7
4.6
4.6
4.5","72
74
74","69
76
76","73
75
75",3.37,4.3,4.5,3.37,46175,3.37,45332,4.Non-Critical,18,33.25,32.16666667,0.1353383459,0.05800711744,46329.5,47659.30061,42461,0,NA,46355,14.16666667,0,77.57668712,0.07733122843,-1.083333333,44.32668712
,c87c8b7b-c949-43d6-8145-e9e727677bf2,455,SP#1,In Plant,J29AC1,B,27,800,SAR70,5,"27-06-2024
20-10-2024
8/14/2025
05-11-2025
18-03-2026
07-04-2026","4.1
3.6
1.77
0
0
0","3.4
3
2.5
1.4
1.3
1.2","4
3.3
2.8
2.6
2.3
2.1","73
73
75
77","74
70
75
79","74
72
75
78",0,1.2,2.1,0,46119,0,46173,4.Non-Critical,3,22.16,4.133333333,0.2030685921,0.2030685921,46837.8,46837.8,42461,0,46505.4,NA,1.133333333,0,22.16,0,-18.02666667,9.59E-14
,ef8e119a-c2de-4e36-831d-edbbd7a5b483,456,SP#1,In Plant,HV1,B,220,800,FR,5,"22-08-2023
27-06-2024
11-03-2025
8/14/2025
28-10-2025","3.88
3.9
1.7
0.51","2.88
4.3
2.1
1.8
0","3.6
3.8
2.0
1","72
76
76","75
76
80","73
75
76",0.51,0,1,0,45958,0,45333,1.Critical,18,16.49,32.13333333,0.2728926622,0.24,45827.7,45895.5,42461,0,NA,Critical,14.13333333,0,18.75,0.03289266222,15.64333333,2.26
,5e9027df-08b9-4e0a-90f7-d6972fbd8476,457,SP#1,In Plant,HV2,B,26,800,UHR,5,"29-01-2025
01-08-2025",2.5,"3.3
0",3.5,0,0,0,2.5,0,3.5,0,45870,0,46151,4.Non-Critical,3,4.28,4.866666667,1.051401869,1.051401869,46279.4,46279.4,42461,0,NA,NA,1.866666667,0,4.28,0,0.5866666667,4.80E-14
,292fa1df-120d-47ee-bd41-6544368417c4,458,SP#1,In Plant,RFTH6C1,B,360,650,SAR70,5,"19-10-2024
03-04-2025
8/12/2025
06-11-2025
27-03-2026
05-05-2026
02-06-2026
18-08-2026","3.8
3.7
3.3
2.3
3.3
3.2
3.2
2.85","3.5
3.1
2.8
2.1
2.4
2.4
2.3
2.01","3.6
3.4
3.3
3.2
3.2
3.1
3.1
2.91","72
73
74
74
74
74
75","73
74
75
75
75
75
75","72
73
73
74
74
75
75",2.85,2.01,2.91,2.01,46252,2.01,45088,3.Marginal,18,26.72,40.3,0.1684131737,0.07706185567,45889.6,46839.83946,42461,0,NA,46312,22.3,0,58.39464883,0.09135131798,13.58,31.67464883
,4928a761-8b5c-480e-97e4-c783225764c9,459,SP#1,In Plant,RFTH6RC1,B,34,650,SAR70,5,"19-10-2024
03-04-2025
12-08-2025
06-11-2025
27-03-2026
18-08-2026","3.6
2.8
3.3
0
0
3.21","3.9
2.9
3.5
2.2
1.5
3.86","3.8
1.5
3.3
1.9
1.5
2.82","71
75
81
72","70
73
79
70","71
77
80
69",3.21,3.86,2.82,2.82,46252,2.82,46151,3.Marginal,6,8.64,4.866666667,0.5208333333,0.6475247525,46410.2,46359.48624,42461,0,NA,46312,-1.133333333,0,6.949541284,-0.1266914191,-3.773333333,-1.690458716
,c18db05e-78df-4d59-84bb-b9cf7d898052,460,SP#1,In Plant,RFTH7C1,B,42,650,SAR70,5,"22-08-2023
31-10-2023
19-10-2024
03-04-2025
8/12/2025
05-11-2025
27-03-2026
18-08-2026","2.50
5.00
4.6
4.4
4
3.9
3.6
2.66","1.20
5.20
4.1
4
3.5
3.4
3.2
3.18","2.80
5.30
4.7
4.5
4.1
4.0
3.6
2.78","72
70
74
75
75
75
75","75
69
75
77
76
76
76","73
68
73
74
75
75
75",2.66,3.18,2.78,2.66,46252,2.66,46268,4.Non-Critical,6,15.54,0.9666666667,0.2895752896,0.2895752896,46734.2,46734.2,42461,0,46501.1,NA,-5.033333333,0,15.54,0,-14.57333333,-9.59E-14
,82340b03-664f-419c-a104-9410571725b6,461,SP#1,In Plant,RFTH7C2,B,44,650,SAR70,5,"22-08-2023
19-10-2024
03-04-2025
8/12/2025
05-11-2025
27-03-2026","3.2
3.9
3.4
3.1
0
0","2
3.6
3.4
3
2.9
2.1","3.3
3.7
3.6
3.2
3.0
2.6","69
72
73
75
75","72
70
71
71
72","71
72
73
73
73",0,2.1,2.6,0,46108,0,46268,4.Non-Critical,6,28.66,0.9666666667,0.1570132589,0.1570132589,47127.8,47127.8,42461,0,46697.9,NA,-5.033333333,0,28.66,0,-27.69333333,9.59E-14
,60b0d9a3-faf4-4541-8b36-b8201c2923c8,462,SP#2,In Plant,SP2-1001,A,90,1400,SAR70,8,"10-10-2023
17-01-2024
26-07-2024
21-01-2025
08/02/2025
27-11-2025
05-02-2026
22-04-2026
22-07-2026","7.8
6.00
6.50
5.4
4.6
4.0
3.9
3.6
3.4","7.42
5.20
4.20
5.4
3.9
3.7
3.5
3.2
3.0","7.59
6.10
7.00
5.6
5.6
5.5
5.0
4.9
4.2","73
73
74
72
73
76
77
77
78","74
72
75
73
74
76
77
78
78","72
72
74
72
73
76
76
77
77",3.4,3,4.2,3,46225,3,45538,3.Marginal,9,11.86,25.3,0.6323777403,0.2183406114,45893.8,46568.5,42461,0,NA,46315,16.3,0,34.35,0.4140371289,13.44,22.49
,627d6535-2f4f-436e-99c2-7f159ce69c7d,463,SP#2,In Plant,SP2-1002,A,43,1600,SAR70,5,"10-10-2023
17-01-2024
26-07-2024
09-10-2024
21-01-2025
08/02/2025
27-11-2025
05-02-2026
22-04-2026","7.36
6.90
7.8
7.1
6.6
5.8
4.9
4.6
4.4","7.00
6.80
7.4
6.8
6.2
5.4
4.8
4.4
4.2","7.4
6.90
7.8
7.1
6.5
5.6
4.8
4.6
4.4","73
75
70
74
75
70
70
81","74
72
69
71
76
70
72
80","74
74
70
72
75
70
71
81",4.4,4.2,4.4,4.2,46134,4.2,45946,4.Non-Critical,6,11.85,11.7,0.3797468354,0.1276595745,46301.5,47003.5,42461,0,NA,46314,5.7,0,35.25,0.252087261,-0.15,23.4
,29f47c86-a06e-4914-9be8-dcf71fcc5733,464,SP#2,In Plant,SP2-1003,B,97,1000,SAR70,8,"08-07-2022
21-06-2024
09-10-2024
21-01-2025
07-08-2025
27-11-2025
22-04-2026","7.6
6.9
6.9
5.9
5.3
5.2
5.1","7.41
6.00
5.80
5.5
5.2
5.1
5.1","7.52
5.20
5.30
5.2
4.5
4.4
3.8","72
79
80
79
80
83","74
80
81
79
80
82","74
81
80
80
80
83",5.1,5.1,3.8,3.8,46134,3.8,44197,4.Non-Critical,9,61.04,70,0.122870249,0.06504904491,46028.2,47655.92857,42461,0,NA,46314,61,0,115.297619,0.0578212041,8.96,54.25761905
,26b203ca-6d5e-4c7e-aae7-b17dd3a09039,465,SP#2,In Plant,SP2-1004,A,39,1200,SAR70,8,"08-07-2022
21-06-2024
09-10-2024
21-01-2025
10-06-2025
27-11-2025
22-04-2026","7.7
6.8
6.1
5.9
5.9
5.8
5.9","7.42
6.5
6.45
6.0
5.9
5.8
5.8","7.69
6.8
6.0
5.90
5.9
5.9
5.9","83
70
74
75
76
77
84","81
71
73
75
76
76
84","84
70
75
75
77
77
83",5.9,5.8,5.9,5.8,46134,5.8,45385,4.Non-Critical,6,32.85,30.4,0.2283105023,0.08811748999,46370.5,47938.40909,42461,0,NA,46314,24.4,0,85.11363636,0.1401930123,-2.45,52.26363636
,8d7a173c-3687-46d5-a395-f0be83e34875,466,SP#2,In Plant,SP2-1025,A,304,1000,SAR70,5,"13-05-2024
03-09-2024
08-11-2024
11-02-2025
13-05-2025
25-12-2025
17-03-2026
12-08-2026","3.1
4.2
3.4
2.5
0
3.6
3.5
3.2","4.25
3.6
3.5
2.3
1.1
3.6
3.5
3.1","3.21
2.4
2.1
1.9
0
2.8
2.6
2.4","75
76


75","79
81


73","75
76


74",3.2,3.1,2.4,2.4,46246,2.4,45818,3.Marginal,18,25.25,15.96666667,0.1782178218,0.1822429907,46575.5,46558.76923,42461,0,NA,46306,-2.033333333,0,24.69230769,-0.004025168872,-9.283333333,-0.5576923077
,7b887a59-83ee-475b-9762-c3aed515639c,467,SP#2,In Plant,SP2-2007,A,26,1000,SAR70,8,"12.08.2022
17-01-2024
28-09-2024
09-10-2024
08-11-2024
11-02-2025
29-05-2025
10-06-2025
03-12-2025
13-04-2026","4.95
0
3.01
2.34
1.70
6.5
5
4.9
3.14
0","6.76
3.10
5.26
5
4.5
5.7
4.1
4.0
4.0
2.0","7.15
2.40
5.5
4.11
4
4.43
3.7
3.17
3.15
2.4","74
71
70
74
74

67
66
76","71
69
71
72
71

67
68
77","73
69
69
71
72

66
66
76",0,2,2.4,0,46125,0,46137,4.Non-Critical,8,5.33,5.333333333,1.407129456,1.407129456,46296.9,46296.9,42461,0,NA,NA,-2.666666667,0,5.33,0,0.003333333333,4.88E-14
,13d49bcc-e702-4915-b226-9d18c5719832,468,SP#2,In Plant,SP2-2009,A,326,1000,SAR70,8,"17-06-2022
08-07-2022
12-08-2022
21-06-2024
08-11-2024
11-02-2025
25-12-2025
12-08-2026","3.20
3.10
3.68
6.1
5.3
5
7.1
6.2","2.60
2.25
2.62
6.32
4.7
4.5
6.8
5.4","2.77
3.32
3.57
6.80
6.5
5
7.7
4.5","63
73
78
70
73

69","70
72
80
73
72

70","68
74
78
71
72

70",6.2,5.4,4.5,4.5,46246,4.5,45818,4.Non-Critical,18,26.1,15.96666667,0.2873563218,0.2453271028,46601,46735.14286,42461,0,NA,46336,-2.033333333,0,30.57142857,0.04202921904,-10.13333333,4.471428571
,79edfd2f-2f42-4f6f-829b-0dc2c0f803fd,469,SP#2,In Plant,SP2-7002,A,176,1000,HRT3,8,"06-05-2025
29-05-2025
07-08-2025
06-10-2025
03-12-2025
17-03-2026
22-04-2026
22-07-2026","5.9
5.8
4.8
6.6
6.4
6.3
5.9
4.9","5.2
4.9
4.2
6.7
6.1
5.8
4.3
3.4","5.8
5.7
4.5
6.9
6.7
6.5
5.7
4.7","67
68
69
70
72
74","66
67
68
69
72
74","66
68
69
70
74
76",4.9,3.4,4.7,3.4,46225,3.4,46245,4.Non-Critical,18,6.77,1.733333333,1.107828656,1.107828656,46448.1,46448.1,42461,0,46346.55,NA,-16.26666667,Monitor it ,6.77,0,-5.036666667,-4.80E-14
,8c3a4813-b535-458d-a31b-a307e0e1c11b,470,SP#2,In Plant,SP2-7003,A,55,1000,HRT3,6,"8/7/2025
06-10-2025
03-12-2025
21-02-2026","6
4.0
2.4","3.8
2.9
2.8
0","6
2.6
2.4",65,64,65,2.4,0,2.4,0,45994,0,46098,4.Non-Critical,9,4.96,6.633333333,1.108870968,1.108870968,46246.8,46246.8,42461,0,NA,NA,-2.366666667,0,4.96,0,1.673333333,9.68E-14
,1ee563d0-cb77-4b2d-b8b6-d12bb91ee26e,471,SP#2,In Plant,SP2-7004,A,188,1000,HRT3,5,"10-10-2023
13-05-2024
21-06-2024
03-09-2024
08-11-2024
11-02-2025
06-05-2025
21-07-2025
07-08-2025
06-10-2025
25-12-2025
17-03-2026
22-07-2026","5.90
3.70
4.8
4.5
3.9
3.7
3.37
3.0
3.0
2.0
4.2
4
3.7","3.50
3.40
3.20
3.43
2.3
2
1.25
1.0
1.0
0
3.9
3.7
3.2","5.80
3.90
4.50
4.95
3.6
3.1
3.0
2.9
2.9
1.9
4.2
4.1
3.8","68
68
68
71
79
67
67
69
72
73
73","65
70
66
69
79
66
72
71
74
74
74","67
68
69
72
78
66
69
69
73
73
74",3.7,3.2,3.8,3.2,46225,3.2,45946,4.Non-Critical,18,17.79,11.7,0.2529510961,0.1935483871,46479.7,46643.5,42461,0,NA,46405,-6.3,0,23.25,0.05940270902,-6.09,5.46
,6ca1e4d2-97b1-4f55-9a3b-862153ca0664,472,SP#2,In Plant,SP2-7008,A,177,1000,HRT3,8,"08-07-2022
10-10-2023
17-01-2024
21-06-2024
03-09-2024
09-10-2024
08-11-2024
21-01-2025
11-02-2025
06-05-2025
25-12-2025
22-07-2026","7.80
3.90
4.00
4.00
4
2.9
3.1
3.3
3.1
3.0
7.5
6.2","7.30
3.20
3.30
2.10
2.2
2.1
2.2
1.80
1.5
1.4
7.1
6.4","7.82
4.00
4.00
3.50
3.7
3.24
3.1
3.2
2.4
2.3
7.5
6.5","72
66
65
64
68
69
71
72
72
72","74
66
66
70
70
72
73
74
75
75","73
69
66
66
70
69
70
74
74
74",6.2,6.4,6.5,6.2,46225,6.2,45818,4.Non-Critical,18,22.86,15.96666667,0.3280839895,0.1326781327,46503.8,47513.83333,42461,0,NA,46405,-2.033333333,0,56.52777778,0.1954058568,-6.893333333,33.66777778
,e794e03f-6ae5-4098-af73-428347e77ee1,473,SP#2,In Plant,SP2-HAC8011,A,70,1000,BUCKET CON,8,0,0,0,0,0,0,0,0,0,0,0,0,0,46147,4.Non-Critical,24,5.75,5,1.304347826,1.304347826,46319.5,46319.5,42461,0,NA,NA,-19,0,5.75,0,-0.75,0
,3706b5e5-a9b4-400a-821d-45173c68cc07,474,SP#2,In Plant,SP2-8009,A,33,650,UHR,8,"17-01-2024
21-12-2024
06-05-2025
07-08-2025
25-12-2025
17-03-2026
11-09-2026","5.6
6.7
6.45
6.2
7.8
7.7
6.87","5.5
6.9
6.42
5.2
7.6
7.4
5.93","5.7
6.9
6.40
6.2
7.8
7.7
4.81","62
63
65


70
70","64
66
70


70
71","64
65
66


70
72",6.87,5.93,4.81,4.81,46276,4.81,45937,4.Non-Critical,6,10.12,12,0.7411067194,0.282300885,46240.6,46734.02194,42461,0,NA,46366,6,0,26.56739812,0.4588058344,1.88,16.44739812
,7e086155-abcc-49d6-a444-540c755a8792,475,SP#2,In Plant,SP2-HAC8006,A,70,800,BUCKET CON,8,0,0,0,0,0,0,0,0,0,0,0,0,0,45208,4.Non-Critical,24,27.83,36.3,0.2694933525,0.2694933525,46042.9,46042.9,42461,0,45625.45,NA,12.3,0,27.83,0,8.47,4.97E-14
,15095d34-b11b-44dc-8fc8-23ccecf770cd,476,SP#2,In Plant,SP2-2011,A,44,1000,SAR70,8,"08-07-2022
12-08-2022
17-01-2024
08-11-2024
11-02-2025
04-03-2025 
25-12-2025
17-03-2026
11-09-2026","6.92
4.13
2.80
3.1
0

5.3
6.3
2.24","4.50
7.22
3.10
4.4
3.2
0
5.1
6.9
2.05","7.00
7.57
4.80
4.5
5.4

5.3
3.3
1.52","70
71
67
71



69
69","73
74
65
72



68
69","68
72
70
75



68
69",2.24,2.05,1.52,1.52,46276,1.52,45742,3.Marginal,6,13.48,18.5,0.556379822,0.3640449438,46146.4,46360.05556,42461,0,NA,46306,12.5,0,20.60185185,0.1923348781,5.02,7.121851852
,467f5025-62a0-4f56-9026-af800f870b04,477,SP#2,In Plant,SP2-8002,B,182,650,UHR,8,"26-08-2024
21-12-2024
10-06-2025
03-12-2025
22-04-2026","3.1
4.9
4.2
4.1
4.0","6.2
5.9
5.6
5.4
5.2","5.4
3.9
3.9
3.9
3.8","82
80
80
78
86","81
81
81
79
87","81
80
80
79
87",4,5.2,3.8,3.8,46134,3.8,44197,4.Non-Critical,18,61.04,70,0.122870249,0.06504904491,46028.2,47655.92857,42461,0,NA,46314,52,0,115.297619,0.0578212041,8.96,54.25761905
,6fba9036-2f97-45f5-8438-93fb8eb58ac2,478,SP#2,In Plant,SP2-9001,A,242,1000,FR,8,"08-07-2022
17-01-2024
08-11-2024
11-02-2025
10-06-2025
03-12-2025
22-04-2026","7.53
6.00
7.8
7.7
7.7
7.6
7.5","6.91
4.90
6.4
6.2
6.1
6.03
5.8","7.60
6.00
7.9
7.8
7.7
7.7
7.6","71
75
64

66
75","73
77
66

72
79","72
77
65

66
78",7.5,5.8,7.6,5.8,46134,5.8,45461,4.Non-Critical,18,26.92,27.86666667,0.2786032689,0.09806835067,46268.6,47755.31818,42461,0,NA,46314,9.866666667,0,76.47727273,0.1805349183,0.9466666667,49.55727273
,b0f2cad6-36f7-4b56-b8d3-84e24538e1fc,479,SP#2&3,BF Route,J34AC1,A+ (Sup.Critical),64,1000,FR,8,"02-05-2025
07-08-2025
03-12-2025
04-04-2026
18-06-2026
09-07-2026
11-08-2026
10-09-2026","7
5.5
5.1
3.3
2.8
2.6
2.5
2.2","5.9
4.6
4.5
2.5
1.6
1.5
1.4
0.8","7.1
6.8
6.6
6.5
2.7
2.5
2.4
2.1","73
77
78
79
79
79","74
79
80
80
81
81","74
78
79
80
81
81",2.2,0.8,2.1,0.8,46275,0.8,46294,4.Non-Critical,9,12.2,0.1,0.6147540984,0.6147540984,46660,46660,42461,0,46477,NA,-8.9,0,12.2,0,-12.1,0
,47186d5b-f10a-4b6b-9c45-1b92d861eb3e,480,SP#2&3,BF Route,J35C3,A+ (Sup.Critical),140,1000,SAR70,8,"28-11-2024
14-03-2025
07-08-2025
03-12-2025
04-04-2026
09-07-2026
10-09-2026","5
6.7
6.5
6.4
6.2
6.0
4.0","4.51
6.1
5.8
5.6
5.4
5.3
3.7","4.1
6.9
6.7
6.5
6.1
5.9
4.5","71
73
75
77
77
77","74
75
75
76
77
78","73
74
74
74
76
76",4,3.7,4.5,3.7,46275,3.7,45741,4.Non-Critical,9,11.7,18.53333333,0.641025641,0.2415730337,46092,46672.39535,42461,0,NA,46365,9.533333333,0,31.04651163,0.3994526073,6.833333333,19.34651163
,1c1e458e-5c11-4f45-8e12-ae953e9dccf2,481,SP#2&3,BF Route,J36C3,A+ (Sup.Critical),384,1000,SAR70,8,"28-11-2024
11-02-2025
14-03-2025
07-08-2025
03-12-2025
23-04-2026
10-09-2026","6.8
6.8
5.9
5.8
5.8
5.6
5.5","6.5
6.4
4.9
4.7
4.6
4.2
3.5","6.9
6.8
6.5
6.4
6.3
6.2
5.6","70
71
72
76
78","75
75
77
78
81","71
73
73
74
76",5.5,3.5,5.6,3.5,46275,3.5,45462,4.Non-Critical,18,25.1,27.83333333,0.2988047809,0.1660516605,46215,46817,42461,0,NA,46455,9.833333333,0,45.16666667,0.1327531204,2.733333333,20.06666667
,0fd2af7c-1fa5-450d-a9be-7d38ccdb3b15,482,SP#2&3,BF Route,J37C3,B,210,1000,FR,8,"5/2/2025
07-08-2025
20-02-2026
25-08-2026","7.19
7.0
6.9
6.9","7.0
6.9
6.8
6.8","6.9
6.8
6.8
6.5","71
72
73
75","70
71
71
74","71
73
74
76",6.9,6.8,6.5,6.5,46259,6.5,45155,4.Non-Critical,18,34.76,38.06666667,0.2157652474,0.04076086957,46197.8,50675,42461,0,NA,46439,20.06666667,0,184,0.1750043778,3.306666667,149.24
,898594aa-8d94-4368-bda9-b826dfa62ece,483,SP#2&3,BF Route,JSC1,A+ (Sup.Critical),178,1400,SAR70,8,"28-11-2024
14-03-2025
07-08-2025
03-12-2025","6
4.4
4.3
1.5","4.23
3.8
3.7
1.5","5.58
5.2
5.0
4.0","70
74
76","72
76
79","71
72
76",1.5,1.5,4,1.5,45994,1.5,46031,4.Non-Critical,18,35.12,8.866666667,0.2135535308,0.2135535308,47084.6,47084.6,42461,0,46557.8,NA,-9.133333333,0,35.12,0,-26.25333333,0
,09f4f426-c8f7-413c-8490-598c1061fbd7,484,SP#2&3,Storage,J70C1,A,510,1000,FR,8,"11/8/2024
21-07-2025
23-04-2026
29-09-2026","7.6
7.4
7.1
5.4","5.4
5.4
5.4
3.9","7.7
7.6
7.5
6","70
72
79","77
77
82","70
76
79",5.4,3.9,6,3.9,46294,3.9,45212,4.Non-Critical,18,29.68,36.16666667,0.2526954178,0.1136783734,46102.4,47191.26829,42461,0,NA,46474,18.16666667,0,65.97560976,0.1390170444,6.486666667,36.29560976
,3280776c-e9a5-4ed0-ad92-0689327855dd,485,SP#2&3,Storage,J70C2,A,530,1000,FR,8,"07-06-2024
31-07-2024
21-07-2025
19-02-2026","6.8
6.8
6.7
6.1","6.4
6.3
5.7
4.9","6.9
7.1
7.0
6.7","74
77
77
79","77
78
79
85","74
76
78
67",6.1,4.9,6.7,4.9,46072,4.9,46161,4.Non-Critical,18,34.3,4.533333333,0.2186588921,0.2186588921,47190,47190,42461,0,46675.5,NA,-13.46666667,0,34.3,0,-29.76666667,0
,51db116d-357a-4925-93ed-aba545e7c888,486,SP#2&3,Storage,J74C1,A,482,1000,FR,8,"12/3/2024
07-08-2025
03-12-2025
23-04-2026
29-09-2026","7.4
7.3
7.3
7.1
5.8","6.6
6.4
6.3
6.1
5.1","7.6
7.4
7.2
7.0
5.8","79
82","80
83","79
82",5.8,5.1,5.8,5.1,46294,5.1,44955,4.Non-Critical,18,46.71,44.73333333,0.1605651895,0.06497386109,46356.3,48417.93103,42461,0,NA,46474,26.73333333,0,115.4310345,0.09559132838,-1.976666667,68.72103448
,f125f873-b660-4353-8a83-a445baced9f1,487,SP#2&3,Storage,J74C2,A,482,1000,FR,8,"03-12-2024
12-12-2024
21-07-2025
03-12-2025
18-06-2026","5.7
6.5
6.4
6.4
6","5.5
5.7
5.7
5.6
5.3","5.7
6.6
6.5
6.4
6.2","
76
77
78","
80
80
79","
77
77
79",6,5.3,6.2,5.3,46191,5.3,45267,4.Non-Critical,18,32.18,34.33333333,0.2330640149,0.08766233766,46232.4,47833.66667,42461,0,NA,46371,16.33333333,0,85.55555556,0.1454016773,2.153333333,53.37555556
,4820bdec-ede8-4e9e-8a97-b8c9478cd800,488,SP#2&3,Storage,J70C3,B,190,1000,FR,8,"12/3/2024
07-08-2025
19-02-2026
12-08-2026","6.5
6.5
6.4
6.0","6.5
6.4
6.3
6.1","6.4
6.1
5.9
5.8","74
75","75
75","74
75",6,6.1,5.8,5.8,46246,5.8,44683,4.Non-Critical,18,34.97,53.8,0.2144695453,0.04222648752,45732.1,50011.40909,42461,0,NA,46426,35.8,0,177.6136364,0.1722430578,18.83,142.6436364
,9a4a6301-e581-41b4-9be8-431cc3d1383e,489,SP#2&3,Storage,J70C4,B,190,1000,FR,8,"11/8/2024
07-08-2025
20-02-2026
11-08-2026","6.4
6.3
6.2
6.0","6.5
6.2
5.8
5.7","5.9
5.8
5.7
5.5","73
75","74
76","73
74",6,5.7,5.5,5.5,46245,5.5,45213,4.Non-Critical,18,23.2,36.13333333,0.3232758621,0.0726744186,45909,48309,42461,0,NA,46425,18.13333333,0,103.2,0.2506014435,12.93333333,80
,d2840798-21b4-45b9-aac6-4cc8a7a7efd6,490,SP#2&3,Storage,J71C1,B,181,1000,FR,8,"15-08-2024
20-12-2024
30-09-2025
20-02-2026
04-08-2026","7.7
7.7
7.6
7.5
7.0","6.48
6.4
6.3
6.0
5.8","7.6
7.54
7.51
7.4
7.1","67
68
68
70
73","66
66
67
70
73","66
67
68
70
74",7,5.8,7.1,5.8,46238,5.8,44197,4.Non-Critical,18,61.04,70,0.122870249,0.03233708966,46028.2,51154.95455,42461,0,NA,46418,52,0,231.9318182,0.09053315936,8.96,170.8918182
,66c9872f-0a0b-4c99-9028-2760b929958d,491,SP#2&3,Storage,J71C2,B,181,1000,FR,8,"15-08-2024
03-03-2025
07-08-2025
19-02-2026
04-08-2026","7.6
7.5
7.5
7.4
7.4","7.6
7.6
7.5
7.5
7.2","7.5
7.5
7.5
7.4
7.3","70
72
73
74","71
73
73
74","70
71
72
74",7.4,7.2,7.3,7.2,46238,7.2,45346,4.Non-Critical,18,40.23,31.7,0.1864280388,0.0269058296,46552.9,53708.5,42461,0,NA,46418,13.7,0,278.75,0.1595222092,-8.53,238.52
,f7a652cd-689b-4bd8-8e98-5b37051d775a,492,SP#2&3,Storage,J72C1,B,40,1000,FR,8,"15-08-2024
20-12-2024
03-03-2025
30-09-2025
20-02-2026
04-08-2026","4.0
4.0
3.9
3.9
3.7
3.5","4.7
4.5
4.4
4.3
4
3.8","4.6
4.6
4.5
4.4
3.8
3.7","73
74
75
76
76
77","71
72
74
75
76
77","74
75
75
76
77
78",3.5,3.8,3.7,3.5,46238,3.5,44197,4.Non-Critical,6,61.04,70,0.122870249,0.06614404704,46028.2,47598.66667,42461,0,NA,46418,64,0,113.3888889,0.05672620198,8.96,52.34888889
,6c6fa0fe-2f12-4560-908d-1cf1bc9e3ade,493,SP#2&3,Storage,J72C2,B,43,1000,FR,5,"15-08-2024
03-03-2025
19-02-2026
04-08-2026","3.8
2.7
3.8
3.6","2.9
2.6
4.1
3.9","3.3
2.7
4.2
3.9","78
79
73
74","81
82
74
74","78
80
74
75",3.6,3.9,3.9,3.6,46238,3.6,45812,4.Non-Critical,6,61.1,16.16666667,0.0736497545,0.0985915493,47645,47181.28571,42461,0,NA,46418,10.16666667,0,45.64285714,-0.02494179479,-44.93333333,-15.45714286
,8fbba692-55ae-4dc2-9483-dc28d6e1d23c,494,SP#2&3,Storage,J73C1,B,250,1000,FR,8,"15-08-2024
20-12-2024
03-03-2025
30-09-2025
20-02-2026
04-08-2026
29-09-2026","4.4
5.5
5.1
5.0
3.4
3.3
3.1","4
4.8
4.4
4.3
3
2.9
2.8","4.5
5.4
5
4.8
3.5
3.1
2.9","73
73
74
74
75
76","72
73
74
75
76
76","72
72
73
74
75
76",3.1,2.8,2.9,2.8,46294,2.8,44197,3.Marginal,18,61.04,70,0.122870249,0.07439198856,46028.2,47221.51923,42461,0,NA,46354,52,0,100.8173077,0.04847826046,8.96,39.77730769
,bc1cb186-d170-42bd-a738-c41d89d7e9c0,495,SP#2&3,Storage,J73C2,B,250,1000,FR,8,"15-08-2024
03-03-2025
07-08-2025
19-02-2026
04-08-2026","6.5
6.5
6.4
6.4
5.2","5.8
5.6
5.4
5.3
5.3","6.4
6.4
6.2
6.1
5.7","78
79
82
83","81
83
83
84","79
80
83
84",5.2,5.3,5.7,5.2,46238,5.2,44197,4.Non-Critical,18,61.04,70,0.122870249,0.04115629593,46028.2,49663.96429,42461,0,NA,46418,52,0,182.2321429,0.08171395308,8.96,121.1921429
,365bf236-16ed-4a21-9b2d-64ecb69700b2,496,SP#3,In plant,SP3-1001,A,165,1400,SAR70,8,"08-02-2021
22-03-2022
02-08-2022
26-04-2023
08-08-2024
19-05-2025","6.82
7.8
7.30
5.4
6
5.2","6.72
6.3
7.13
4.8
4.9
4.7","6.87
7.7
7.40
4.8
5.4
5.4","69
68
70
66
70","67
71
69
70
73","68
69
69
67
72",5.2,4.7,5.4,4.7,45796,4.7,45896,4.Non-Critical,18,28.43,13.36666667,0.2638058389,0.2638058389,46748.9,46748.9,42461,0,46322.45,NA,-4.633333333,0,28.43,0,-15.06333333,4.97E-14
,f1c779d8-5dea-4635-8475-37d3b504c335,497,SP#3,In plant,SP3-1002,A,43,1600,SAR70,8,"08-08-2024
16-09-2024
8/22/2025
11-12-2025
22-04-2026","6.9
6.9
6.7
6.8
6.1","6.8
6.6
6.4
5.9
5.7","7
7
4.7
4.6
4.3","74
74
78
82","72
72
79
81","75
75
78
81",6.1,5.7,4.3,4.3,46134,4.3,46140,4.Non-Critical,6,21.99,5.233333333,0.3410641201,0.3410641201,46799.7,46799.7,42461,0,46469.85,NA,-0.7666666667,0,21.99,0,-16.75666667,-9.59E-14
,7f871e32-5c36-4ba8-8f5f-b032fa0a8a9f,498,SP#3,In plant,SP3-1003,B,175,1000,SAR70,8,"22-03-2022
02-08-2023
08-08-2024
18-11-2024
19-05-2025
06-08-2025
21-11-2025
22-04-2026
16-06-2026","3.8
7.11
CRK
3.5
3.5
3.4
3.4
3.4
3.1","3.5
7
4.5
3.8
3.8
3.5
3.4
3.3
3.1","3.2
7.2
CRK
3.5
3.4
3.3
3.2
3.1
3.2","71
72
72
73
74
75
75","69
74
75
75
76
77
78","67
72
73
74
75
75
77",3.1,3.1,3.2,3.1,46189,3.1,44197,4.Non-Critical,18,61.04,70,0.122870249,0.07379518072,46028.2,47245.97959,42461,0,NA,46369,52,0,101.6326531,0.04907506829,8.96,40.59265306
,b00af4fe-221a-4c43-9541-4bce40cd4fe6,499,SP#3,In plant,SP3-1004,A,39,1200,SAR70,8,"12/3/2024
06-08-2025
11-12-2025
22-04-2026","7.8
6.0
5.9 
5.5","7.1
6.1
5.8
5.6","7.8
5.9
5.6
5.2","74
76","75
75","74
76",5.5,5.6,5.2,5.2,46134,5.2,45512,4.Non-Critical,6,23.21,26.16666667,0.3231365791,0.1350482315,46208.3,47178.07143,42461,0,NA,46314,20.16666667,0,55.53571429,0.1880883475,2.956666667,32.32571429
,ca29dcfa-890e-4752-ab30-74a93a62721c,500,SP#3,In plant,SP3-1025,A,304,1000,SAR70,5,"26-04-2023
08-08-2024
18-11-2024
20-05-2025
21-11-2025
17-03-2026
21-04-2026","7.3
5.5
3.6
3.8
3
2.7
2.6","6.9
4.5
4.3
3.8
3.3
2.9
2.5","5
0
3.9
3.8
3.1
0
0","72
76


78
83","75
84


80
82","74
PLY


79
81",2.6,2.5,0,0,46133,0,46245,4.Non-Critical,18,22.98,1.733333333,0.1958224543,0.1958224543,46934.4,46934.4,42461,0,46589.7,NA,-16.26666667,0,22.98,0,-21.24666667,4.97E-14
,4a788e35-1863-49f5-9a4a-2dcf0452747b,501,SP#3,In plant,SP3-2007,A,23,1000,SAR70,8,"30-09-2025
11-12-2025","7.1
7","7.2
6.8","7.5
6.2",63,65,63,7,6.8,6.2,6.2,46002,6.2,46245,4.Non-Critical,3,5.92,1.733333333,1.266891892,1.266891892,46422.6,46422.6,42461,0,NA,NA,-1.266666667,0,5.92,0,-4.186666667,-4.88E-14
,875ca836-b5b2-4729-9fd8-86f55fca5d16,502,SP#3,In plant,SP3-2009,A,326,1000,SAR70,8,"22-03-2022
06-11-2023
07-12-2023
23-01-2024
08-08-2024
18-11-2024
03-02-2025
19-05-2025
8/27/2025
30-09-2025
07-10-2025
09-09-2026","4.1
4.8
4.5
3.7
3.5
2.2
3.60
2.4
2.1
0.6
0.1
5.1","3.4
3.29
3.00
2.91
3.00
2.9
2.72
2.3
2
1.8
0.1
6.8","4.2
4.40
4.70
3.48
3.6
2.9
2.78
3.3
3
2.6
0.1
5.6","67
74
74
74
69


75
75
68","72
76
77
77
76


75
75
70","74
75
76
77
76


76
77
78",5.1,6.8,5.6,5.1,46274,5.1,45943,4.Non-Critical,18,21.4,11.8,0.3504672897,0.2628398792,46585,46799.03448,42461,0,NA,46364,-6.2,0,28.53448276,0.08762741057,-9.6,7.134482759
,9b7aa707-93d7-46eb-bb5a-d7a4f4670051,503,SP#3,In plant,SP3-7002,A,176,1000,HRT3,8,"19-05-2025
07-08-2025
30-09-2025
21-11-2025
16-01-2026
17-02-2026
23-07-2026","6
5.3
5.2
5
4.6
0
7.0","5.9
2.9
2.5
2.3
2
0
5.0","6.2
5.2
5.1
4.8
4.5
0
7.1","
70
72
72

70","
70
72
73

69","
70
70
71

72",7,5,7.1,5,46226,5,46072,4.Non-Critical,18,10.15,7.5,0.7389162562,0.5844155844,46376.5,46457,42461,0,NA,46316,-10.5,0,12.83333333,0.1545006717,-2.65,2.683333333
,9cc061fc-e2fb-4ebf-ae09-920fa31f6efb,504,SP#3,In plant,SP3-7003,A,197,1000,HRT3,8,"18-10-2024
03-02-2025
19-05-2025
07-08-2025
21-11-2025
19-02-2026
21-04-2026
29-09-2026","6.8
6.8
6.7
6.7
6.6
6.6
6.5
4.39","5.7
5.6
5.2
5.0
4.9
4.8
4.7
1.9","6.9
6.8
6.6
6.5
6.4
6.3
6.3
3.3","67
70
70
72
73
73","69
69
70
73
74
74","67
69
69
72
74
74",4.39,1.9,3.3,1.9,46294,1.9,45455,3.Marginal,18,14.65,28.06666667,0.5119453925,0.2181168057,45894.5,46486.55738,42461,0,NA,46324,10.06666667,0,34.3852459,0.2938285868,13.41666667,19.7352459
,7724e26a-a1f9-41cf-83ff-ca66b6b1bfa0,505,SP#3,In plant,SP3-7004,A,188,1000,HRT3,8,"07-06-2024
18-10-2024
03-02-2025
21-07-2025
8/27/2025
21-11-2025
16-01-2026
21-04-2026","4.5
5.9
6.0
6.0
5.8
5.5
5.2
5.1","3.5
5.1
4.2
4.0
3.7
2.8
2.5
2.1","5.5
5.9
6.2
6.1
5.7
5.5
5.3
5.3","73
74
75
76
81

80
81","72
78
78
80
82

82
82","73
75
76
78
83

82
84",5.1,2.1,5.3,2.1,46133,2.1,46136,4.Non-Critical,18,19.48,5.366666667,0.3850102669,0.3850102669,46720.4,46720.4,42461,0,46428.2,NA,-12.63333333,0,19.48,0,-14.11333333,4.97E-14
,57157b29-4674-4fb3-9927-ce4db8b25f97,506,SP#3,In plant,SP3-7008,A,177,1000,HRT3,8,"08-08-2024
18-11-2024
19-02-2026
21-04-2026
29-09-2026","4.6
4.3
6.7
6.6
5.9","3.23
3.3
5.9
5.8
4.8","4.57
4.5
6.9 
6.8
6.5","75
73
70
76","80
80
73
75","75
75
71
75",5.9,4.8,6.5,4.8,46294,4.8,45796,4.Non-Critical,18,14.62,16.7,0.512995896,0.1927710843,46234.6,46963.1875,42461,0,NA,46474,-1.3,0,38.90625,0.3202248117,2.08,24.28625
,222053d2-dd4c-4c04-9d76-348ef1a04a6f,507,SP#3,In plant,SP3-HAC8011,A,70,1000,BUCKET CON,8,0,0,0,0,0,0,0,0,0,0,0,0,0,44803,4.Non-Critical,24,41.13,49.8,0.1823486506,0.1823486506,46036.9,46036.9,42461,0,45419.95,NA,25.8,0,41.13,0,8.67,0
,ee954c47-c339-4be1-9396-3d2094131215,508,SP#3,In plant,SP3-8009,A,64,650,UHR,8,"07-06-2024
18-11-2024
03-02-2025
07-08-2025
21-11-2025
19-02-2026
12-08-2026","4.7
6.6
6.6
6.5
6.4
6.4
6.1","4
6.3
6.2
6.1
6.1
6.1
5.9","4.9
6.7
6.6
6.6
6.5
6.4
6.4","62

69
70
70","65

68
69
70","61

69
70
70",6.1,5.9,6.4,5.9,46246,5.9,45454,4.Non-Critical,9,11.26,28.1,0.6660746004,0.07954545455,45791.8,48282.57143,42461,0,NA,46426,19.1,0,94.28571429,0.5865291458,16.84,83.02571429
,2333f72b-e0e4-4935-b8e8-30d0277cff1e,509,SP#3,In plant,SP3-HAC8010,A,75,800,BUCKET CON,8,0,0,0,0,0,0,0,0,0,0,0,0,0,44795,4.Non-Critical,24,39.88,50.06666667,0.1880641926,0.1880641926,45991.4,45991.4,42461,0,45393.2,NA,26.06666667,0,39.88,0,10.18666667,0
,da10b8ed-8f86-4e03-b5e4-b5a5e062933b,510,SP#3,In plant,SP3-2011,A,41,1000,SAR70,8,"8/8/2024
8/27/2025
21-11-2025
19-02-2026
21-04-2026
09-09-2026","8
5
4.5
4.2
4.1
3.0","7.8
5.2
4.7
4.5
4.2
3.75","6.9
5.8
4.1
4.0
4.0
2.98","69
69
74
74
74","66
70
72
75
75","68
71
73
75
75",3,3.75,2.98,2.98,46274,2.98,45614,3.Marginal,6,12.88,22.76666667,0.5822981366,0.2281818182,46000.4,46600.05578,42461,0,NA,46334,16.76666667,0,32.8685259,0.3541163185,9.886666667,19.9885259
,6fe5e797-10d2-4f32-a233-1f947a0b7de2,511,SP#3,In plant,SP3-8001,A,162,650,UHR,8,"08-08-2024
18-11-2024
03-02-2025
07-08-2025
11-12-2025","6.2
3.6
4.1
3.5
3.4","4.3
3.5
3.3
3.2
3.0","4.9
4.4
4.3
4.3
4.2","64

76
77","68

80
78","66

74
75",3.4,3,4.2,3,46002,3,46133,4.Non-Critical,18,39.55,5.466666667,0.1896333755,0.1896333755,47319.5,47319.5,42461,0,46726.25,NA,-12.53333333,0,39.55,0,-34.08333333,0
,a616d1cc-ade7-47c7-958a-c87bee0da375,512,SP#3,In plant,SP3-8002,B,182,650,UHR,8,"08-08-2024
03-02-2025
07-08-2025
21-11-2025
19-02-2026
16-06-2026","8
6.4
5.0
4.6
4.3
4.1","7.1
6.7
4.7
4.2
4.2
4.1","8
6.3
5.0
4.7
4.3
4.2","65
70

73
73
74","65
72

73
73
74","64
68

73
73
74",4.1,4.1,4.2,4.1,46189,4.1,45455,4.Non-Critical,18,37.34,28.06666667,0.2008569898,0.159400545,46575.2,46866.53846,42461,0,NA,46369,10.06666667,0,47.05128205,0.04145644486,-9.273333333,9.711282051
,46b3258e-a5b6-46c9-8283-287d66909bff,513,SP#3,In plant,SP3-8003,A,27,650,UHR,8,"8/7/2025
21-11-2025
21-04-2026
29-09-2026","5.3
7
6.8
6.4","4.3
6.2
6.0
5.9","5.4
6.9
6.5
6.3","69
77","71
76","70
77",6.4,5.9,6.3,5.9,46294,5.9,45691,4.Non-Critical,3,22.68,20.2,0.3306878307,0.1044776119,46371.4,47844.57143,42461,0,NA,46474,17.2,0,71.78571429,0.2262102187,-2.48,49.10571429
,0736f532-018f-480d-94fd-64036e6a85c7,514,SP#3,In plant,SP3-8006,A,147,650,UHR,8,"08-08-2024
18-11-2024
03-02-2025
07-08-2025
19-02-2026
12-08-2026","6.3
6.2
6.2
6.1
6.0
4.2","6.4
6.0
5.4
5.3
5.2
4.3","6.4
6.3
6.2
6.1
6.1
4.8","70

70
71
71","70

71
72
73","68

70
72
72",4.2,4.3,4.8,4.2,46246,4.2,44950,4.Non-Critical,9,19.34,44.9,0.3877973113,0.08796296296,45530.2,47507.89474,42461,0,NA,46426,35.9,0,85.26315789,0.2998343483,25.56,65.92315789
,14249974-96ca-44b0-b3fe-317d82280ab6,515,SP#3,In plant,SP3-9001,A,242,1000,FR,8,"17-05-2024
08-08-2024
18-10-2024
07-08-2025
30-09-2025
21-11-2025
11-12-2025
19-02-2026","7.1
3.33
3.8
3.5
2.4
2
1.9
1.9","5.2
2.8
2.8
2.2
1.1
1.1
1.1
0.4","7.2
4.24
4.1
3.5
2.9
2.4
2.2
2.1","77
79
80
81
81","75
82
82
82
83","76
79
79
79
80",1.9,0.4,2.1,0.4,46072,0.4,46133,4.Non-Critical,18,26.92,5.466666667,0.2786032689,0.2786032689,46940.6,46940.6,42461,0,46536.8,NA,-12.53333333,0,26.92,0,-21.45333333,-4.97E-14
,2086f703-78c0-41eb-a172-707e8896795e,516,BF#2,Filter press,FPC-A,B,40,1200,HRT3,6,"25-08-2024
11-03-2025
04-09-2025
03-04-2026","5.68
4.7
4.7
0","4.8
4.8
4.7
3.7","4.72
4.7
4.7
0","69
68
68
84","65
69
70
73","66
69
70
85",0,3.7,0,0,46115,0,45416,1.Critical,6,22.7,29.36666667,0.2422907489,0.2575107296,46097,46056.75,42461,0,NA,Critical,23.36666667,0,21.35833333,-0.01521998072,6.666666667,-1.341666667
,fa1db03b-d4c9-4128-931b-72a3a53e522f,517,BF#2,Filter press,FPC-B,B,40,1200,HRT3,6,"25-08-2024
11-03-2025
04-09-2025
03-04-2026","4.8
4.3
2.4
0","5.41
4.4
3.5
2.5","4.81
4.4
2.7
1.7","66
68
70
85","67
67
70
72","67
68
68
72",0,2.5,1.7,0,46115,0,45290,1.Critical,6,18.91,33.56666667,0.2908514014,0.2181818182,45857.3,46046.25,42461,0,NA,Critical,27.56666667,0,25.20833333,0.07266958319,14.65666667,6.298333333
,f77ff305-4a07-4356-b237-7d69239594a9,518,BF#2,Filter press,FPC-C,B,40,1200,HRT3,6,"25-08-2024
11-03-2025
04-09-2025
03-04-2026
29-08-2026","4.8
4.7
4.7
3.7
0","5.4
5.3
5.1
5.2
4.7","5.6
5.5
5.4
5.4
5.0","66
69
71
74
75","65
68
68
75
76","66
69
70
74
75",0,4.7,5,0,46263,0,45338,1.Critical,6,16.59,31.96666667,0.3315250151,0.1945945946,45835.7,46185.91667,42461,0,NA,Critical,25.96666667,0,28.26388889,0.1369304205,15.37666667,11.67388889
,b2abe4a0-2227-425a-aaf5-265d52ef3a14,519,BF#2,Stock house,J75C2,B,90,800,SAR70,6,"03-12-2024
25-03-2025
26-09-2025
25-12-2025
10-07-2026","5.3
5.2
4.7
4.4
3.9","5.3
5.1
4.9
4.7
3.8","5.5
5.1
4.8
4.3
4.1","71
73
75","71
73
75","70
72
74",3.9,3.8,4.1,3.8,46213,3.8,45463,4.Non-Critical,9,17.02,27.8,0.3231492362,0.088,45973.6,47338,42461,0,NA,46393,18.8,0,62.5,0.2351492362,10.78,45.48
,fb8314b5-8fbc-4fce-8541-d90e424ad21f,520,RMHS,RMHS IRON & FLUX,J23RC1,B,17,1400,SAR70,8,"26-11-2024
04-02-2025
07-11-2025
21-04-2026
12-05-2026
09-07-2026
05-09-2026","2.6
2.4
2.6
2.5
2.0
2.4
2.2","2.7
0.6
2
1.5
0.7
1.6
1.0","2.7
1.94
2.5
2.4
1.8
2.3
0.7","72
75
75
77
80","71
75
75
75
81","71
73
74
76
81",2.2,1,0.7,0.7,46270,0.7,46294,4.Non-Critical,3,6.21,0.1,1.207729469,1.207729469,46480.3,46480.3,42461,0,46387.15,NA,-2.9,0,6.21,0,-6.11,9.68E-14
,3f1b49b6-7d54-45e8-8291-a1e85e23baac,521,RMHS,RMHS IRON & FLUX,J26C1,A,340,1200,SAR70,5,"23-09-2024
12-03-2025
18-06-2025
8/12/2025
04-11-2025
09-01-2026
12-05-2026
09-07-2026
14-08-2026
03-09-2026","7.65
3.6
2.8
2
0
3.8
1.5
1.5
1.5
1.1","5.9
3.4
1.9
0
0
3.8
1.8
1.4
1.1
0","6.86
3.5
2
0.6
0
4
3.0
2.5
2.4
2.3","71
74
75
77
78
80
82
82","73
75
76
77
78
79
82
83","72
73
77
77
78
79
81
82",1.1,0,2.3,0,46268,0.5,45976,1.Critical,18,11.33,10.7,0.3971756399,0.4623287671,46315.9,46268,42461,0,NA,46298,-7.3,0,9.733333333,-0.06515312723,-0.63,-1.596666667
,cd2e98ac-7003-4090-9438-96c86c6d09f8,522,RMHS,RMHS IRON & FLUX,J27C1,A,750,1200,SAR70,5,"6/17/2025
18-06-2025
25-08-2025
04-11-2025
17-06-2026
23-07-2026","3.4
2.8
2.3
0.3
2.6
","3.5
2.9
2.6
0
2.5
0","3.5
3.5
2.6
0
2.9
","75

81
65
","75

83
72
","75

82
66
",0,0,0,0,46226,0,46030,1.Critical,18,28.93,8.9,0.1555478742,0.7653061224,46897.9,46206.4,42461,0,NA,Critical,-9.1,0,5.88,-0.6097582483,-20.03,-23.05
,33e70a6a-e152-4363-ada7-359a772915ce,523,RMHS,RMHS IRON & FLUX,J30C1,A,455,1200,SAR70,8,"26-08-2025
04-11-2025
13-02-2026
17-06-2026
03-09-2026","7.3
6.8
5.4
5
3.7","7.0
6.4
4.7
4.5
2.11","6.5
6.3
5.3
4.8
3.24","72
75
75
72
75","72
76
77
72
74","72
74
75
73
74",3.7,2.11,3.24,2.11,46268,2.11,45739,3.Marginal,18,23.74,18.6,0.3159224937,0.334026465,46451.2,46412.59932,42461,0,NA,46328,0.6,0,22.4533107,-0.01810397135,-5.14,-1.286689304
,7392d16f-a5d9-40ad-b83c-fc6611ba15e3,524,RMHS,RMHS IRON & FLUX,J33C1,A,277,1200,SAR70,8,"09-10-2024
12-03-2025
18-06-2025
25-08-2025
10/21/2025
04-11-2025
15-12-2025
03-09-2026","5.2
3.7

3.0
2.8
2.8
1.1
4.7","0
4
2.7
2.1
1
0.5
0.3
1.4","5.1
3.2

2.0
1
0.2
0.4
3.8","69
70

70
78","68
69

72
78","69
70

73
79",4.7,1.4,3.8,1.4,46268,1.4,46066,2.Semi-Critical,18,21.06,7.7,0.3561253561,0.9801980198,46697.8,46295.54545,42461,0,NA,46298,-10.3,0,7.651515152,-0.6240726637,-13.36,-13.40848485
,076e68fa-0d1f-4855-ba68-ca990aa5fc98,525,RMHS,BF Route,J35C1,A+ (Sup.Critical),522,1200,SAR70,5,"12/3/2024
21-07-2025
04-11-2025 
25-02-2026
30-04-2026
08-07-2026","3.6
2.3
1.3
4.6
4.1
3.7","3.4
1.5
1.3
4.6
4.0
3.8","3.8
2.5
1.9
4.8
4.1
3.9","72
73

66
74
75","73
73

70
75
76","72
73

68
75
76",3.7,3.8,3.9,3.7,46211,3.7,46031,4.Non-Critical,18,30.52,8.866666667,0.1474442988,0.2166666667,46946.6,46654.07692,42461,0,NA,46301,-9.133333333,0,20.76923077,-0.06922236785,-21.65333333,-9.750769231
,48be826f-68a6-4f93-8dbf-7779dae14b8f,526,RMHS,BF Route,J36C1,A+ (Sup.Critical),392,1200,SAR70,5,"03-12-2024
14-04-2025
21-07-2025
21-10-2025
25-02-2026
30-04-2026
08-07-2026","3.5
3.1
2.7
4.9
4.3
4.2
4.0","2.7
2.6
1.5
4.8
4.2
3.9
3.9","3.1
2.7
2.1
4.7
4.3
4.0
3.9","
74
75

71
78
81","
74
75

73
78
80","
73
75

71
78
81",4,3.9,3.9,3.9,46211,3.9,45945,4.Non-Critical,18,27.12,11.73333333,0.1659292035,0.1240601504,46758.6,47033.18182,42461,0,NA,46391,-6.266666667,0,36.27272727,0.04186905316,-15.38666667,9.152727273
,2c537acc-0ff4-4130-97a5-88ea5b8d0b65,527,RMHS,BF Route,J37C1,A+ (Sup.Critical),209,1200,SAR70,5,"03-12-2024
09-01-2025
14-04-2025
10/21/2025
04-11-2025
16-02-2026
19-03-2026
03-09-2026","4.0
3.9
3.8
2.6
2.5
2.4
2.2
4.6","3.9
3.8
3.7
1.9
1.8
1.8
1.7
4.5","4.2
3.6
3.5
2.4
2.3
2.2
2
4.9","

72
71
74
76
75","

72
72
75
76
74","

72
72
74
76
74",4.6,4.5,4.9,4.5,46268,4.5,46127,4.Non-Critical,18,34.82,5.666666667,0.1292360712,0.1063829787,47171.6,47396,42461,0,NA,46448,-12.33333333,0,42.3,0.0228530925,-29.15333333,7.48
,7708fc0a-39fe-4091-a10c-3097774376a4,528,RMHS,BF Route,SH1C2,A,75,1200,SAR70,5,"1/9/2025
10/24/2025
27-05-2026
03-09-2026","2.8
0
4.6
3.1","3.2
0.1
4.1
3.4","2.9
1.3
4.2
3.3","79
61
77","76
60
73","73
60
77",3.1,3.4,3.3,3.1,46268,3.1,46065,4.Non-Critical,9,26.45,7.733333333,0.1701323251,0.2807881773,46858.5,46545.78947,42461,0,NA,46358,-1.266666667,0,16.02631579,-0.1106558522,-18.71666667,-10.42368421
,6d9b0880-1834-4352-9f41-fda3f86ebea5,529,RMHS,BF Route,SH1RSC2,A,90,1400,SAR70,5,"5/4/2025
24-10-2025
02-04-2026
03-09-2026","3.5
2.7
2.3
4.9","1.8
0.2
0
4.3","3.8
2.4
2.2
5.0","81

74","80

74","81

75",4.9,4.3,5,4.3,46268,4.3,46175,4.Non-Critical,9,57.42,4.066666667,0.07836990596,0.2258064516,47897.6,46772.85714,42461,0,NA,46358,-4.933333333,0,19.92857143,-0.1474365457,-53.35333333,-37.49142857
,c479e9dc-3c25-4259-bc3f-87a53e21af96,530,RMHS,BF Route,JOAC1,A+ (Sup.Critical),210,1400,SAR70,8,"29-07-2024
03-12-2024
15-12-2025
08-07-2026","2.9
2.2
6.7
6.6","1.8
0.5
6.6
6.5","2.4
0
6.8
6.6","80

73
75","81

71
75","78

73
74",6.6,6.5,6.6,6.5,46211,6.5,45741,4.Non-Critical,18,28.93,18.53333333,0.259246457,0.09574468085,46608.9,48091,42461,0,NA,46391,0.5333333333,0,78.33333333,0.1635017761,-10.39666667,49.40333333
,afd1e7ad-73a4-4aa7-9192-32c00a581ac3,531,RMHS,RMHS IRON & FLUX,J26C2,A,340,1200,SAR70,5,"18-09-2024
09-10-2024
26-11-2024
14-04-2025
9/19/2025
24-04-2026
07-07-2026","1.6
1.8
1.7
1.4
7.6
3.8
4.1","1.8
1.9
1.9
1.5
7.5
3.1
4.7","3.2
3.1
3.1
1.8
7.7
4
4.3","75
74
73
74
81","74
74
74
75
80","75
75
75
76
81",4.1,4.7,4.3,4.1,46210,4.1,45963,4.Non-Critical,18,24.87,11.13333333,0.1809408926,0.1093117409,46709.1,47198,42461,0,NA,46390,-6.866666667,0,41.16666667,0.07162915175,-13.73666667,16.29666667
,58bcacce-4f8b-4429-b608-b7241ba74ed9,532,RMHS,RMHS IRON & FLUX,J27C2,A,750,1200,SAR70,5,"10/9/2024
9/19/2025
10/22/2025
04-12-2025
12-01-2026
17-03-2026
07-07-2026","3.8
2.4
2.2
2.2
2
3.9
4.7","3.5
2.9
2.6
1.7
1.5
3.8
4.8","3.5
2.6
2.4
1.7
1.6
3.8
4.8","72

75
76","71

74
76","73

75
77",4.7,4.8,4.8,4.7,46210,4.7,45945,4.Non-Critical,18,27.96,11.73333333,0.160944206,0.03396226415,46783.8,49920,42461,0,NA,46390,-6.266666667,0,132.5,0.1269819419,-16.22666667,104.54
,bf582846-d18f-49ab-b208-833cfa4f1cd9,533,RMHS,RMHS IRON & FLUX,J30C2,A,455,1200,SAR70,8,"9/2/2024
9/19/2025
09-03-2026
04-09-2026","
7.2
5.6
5.3","0
6.8
6.4
5.4","
7.4
7.2
6.4","75
75
76","75
75
76","75
75
75",5.3,5.4,6.4,5.3,46269,5.3,45705,4.Non-Critical,18,22.14,19.73333333,0.3387533875,0.1436170213,46369.2,47271.66667,42461,0,NA,46449,1.733333333,0,52.22222222,0.1951363663,-2.406666667,30.08222222
,d3b0313b-3eac-44ea-99be-0eb979f502f2,534,RMHS,RMHS IRON & FLUX,J33C2,A,277,1200,SAR70,5,"09-10-2024
03-12-2024
14-04-2025
9/19/2025
09-03-2026
04-09-2026","4.1
3.2
2.7
4.5
3.7
3.5","3.5
2.6
2.6
4.6
4.1
3.3","4
3.3
2.4
4.1
3.4
3.3","
70
74

74
75","
70
73

74
76","
70
73

74
75",3.5,3.3,3.3,3.3,46269,3.3,45848,4.Non-Critical,18,21.29,14.96666667,0.2113668389,0.1211401425,46486.7,46962.41176,42461,0,NA,46449,-3.033333333,0,37.14705882,0.09022669637,-6.323333333,15.85705882
,3f02566b-2d67-4cbc-b42c-12f1eb73edf2,535,RMHS,RMHS IRON & FLUX,LDP1C1,A,210,1200,SAR70,5,"14-12-2024
15-04-2025
25-09-2025
10/22/2025
04-11-2025
13-01-2026","3.98
3.5
3.3
3
2.9
2","3.93
3.6
3.4
3.1
2.8
2","4.2
3.8
3.8
3.4
3.0
2.2","73
72
72
72","73
73
73
74","71
73
73
73",2,2,2.2,2,46035,2,46099,4.Non-Critical,18,36.71,6.6,0.1225824026,0.1225824026,47200.3,47200.3,42461,0,46649.65,NA,-11.4,0,36.71,0,-30.11,9.95E-14
,29846eb6-510b-49e2-8c5f-fd8197b100ef,536,RMHS,RMHS IRON & FLUX,LDP2C1,A,264,1200,SAR70,5,"14-12-2024
10-02-2025
15-04-2025
25-09-2025
10/22/2025
04-11-2025
04-12-2025
13-01-2026","2.74
2.7
2.3
2.0
1.3
1.2
1.1
0.7","2.32
2.2
2
1.2
0.8
0.5
0.4
0.2","2.78
2.3
1.8
1.1
1.1
1.0
0.9
0.7","84
83
84
83
83
84","83
83
84
85
85
84","86
85
84
84
84
84",0.7,0.2,0.7,0.2,46035,0.2,46166,4.Non-Critical,18,61.04,4.366666667,0.07372214941,0.07372214941,47997.2,47997.2,42461,0,47081.6,NA,-13.63333333,0,61.04,0,-56.67333333,-9.95E-14
,ef32830b-0e7f-49f5-b58b-6b7b02526753,537,RMHS,RMHS IRON & FLUX,LDP3C1,A,383,1200,SAR70,5,"14-12-2024
15-04-2025
14-06-2025
25-09-2025
10/22/2025
04-11-2025
04-12-2025
13-01-2026
06-02-2026","3.2
3.0
2.9
2.8
2.8
2.7
2.6
2.4
0.4","2.2
2
1.5
1.4
1.4
1.3
1.2
1.1
0.1","3.2
3.1
3.0
2.9
2.8
2.8
2.7
2.5
1.8","77
80
80
81
80
80
82","74
75
74
75
77
80
82","75
80
81
81
81
80
81",0.4,0.1,1.8,0.1,46059,0.1,46166,4.Non-Critical,18,54.01,4.366666667,0.08331790409,0.08331790409,47786.3,47786.3,42461,0,46976.15,NA,-13.63333333,0,54.01,0,-49.64333333,9.95E-14
,5dcfee2b-828e-4620-956c-8ae84ea3b752,538,RMHS,RMHS IRON & FLUX,LDP3FC1,A,20,1200,SAR70,8,"6/14/2025
25-09-2025
04-11-2025
24-07-2026","5
4.1
3.7
0","4.2
2.4
1.8
0","5
4.3
3.6
0","73
73
74","71
72
75","72
73
75",0,0,0,0,46227,0,46240,4.Non-Critical,3,14.4,1.9,0.5208333333,0.5208333333,46672,46672,42461,0,46456,NA,-1.1,0,14.4,0,-12.5,0
,296bbf2a-4b3b-4782-84aa-f9e166f4558c,539,RMHS,RMHS IRON & FLUX,SP1C1,A,321,1200,SAR70,8,"02-05-2025
17-06-2025
19-05-2026","2.8
0
0","1.6
0
0","2
0
0",78,81,82,0,0,0,0,46161,0,46173,4.Non-Critical,18,25.2,4.133333333,0.2976190476,0.2976190476,46929,46929,42461,0,46551,NA,-13.86666667,0,25.2,0,-21.06666667,0
,ff94f609-ee81-40be-93a3-dda9dcef29e9,540,RMHS,RMHS IRON & FLUX,J30RC2,A,20,1200,SAR70,8,"5/2/2025
10/24/2025
13-02-2026
09-03-2026
30-04-2026","4.2
3.7
3.5
3.3
2.7","3.9
2.9
1.5
1.3
0.8","4.1
3.9
3.5
3.2
2.1","68

72
72
78","68

71
72
80","69

72
72
77",2.7,0.8,2.1,0.8,46142,0.8,46174,4.Non-Critical,3,16.11,4.1,0.4655493482,0.4655493482,46657.3,46657.3,42461,0,46415.65,NA,1.1,0,16.11,0,-12.01,9.59E-14
,a8bca721-eb20-4f76-afd0-b057c46304b8,541,RMHS,RMHS IRON & FLUX,J30RC4,A,20,1200,SAR70,5,46142,4.1,3.4,3.8,74,75,75,4.1,3.4,3.8,3.4,46142,3.4,46170,4.Non-Critical,3,13.02,4.233333333,0.3456221198,0.3456221198,46560.6,46560.6,42461,0,46365.3,NA,1.233333333,0,13.02,0,-8.786666667,-4.80E-14
,733ed947-28b6-4eef-9059-f8f593e0d4d3,542,RMHS,RMHS IRON & FLUX,SCR3,B,90,1600,HAR,6,"15-08-2024
22-12-2025
28-01-2026
22-07-2026
14-08-2026","4.5
0.2
0
3.4
3.2","1.5
0.3
0
1.7
1.2","5
0.5
0
1.8
1.7","70

75
79","70

75
80","71

76
79",3.2,1.2,1.7,1.2,46248,1.2,46254,4.Non-Critical,9,7.53,1.433333333,0.7304116866,0.7304116866,46479.9,46479.9,42461,0,46366.95,NA,-7.566666667,0,7.53,0,-6.096666667,4.80E-14
,4e909bf5-e751-40fc-b4e5-0a1133461160,543,RMHS,RMHS IRON & FLUX,SCR4,B,90,1600,HAR,6,"10/1/2024
22-12-2025","3.8
5","3.6
4.9","4
5.2",71,70,70,5,4.9,5.2,4.9,46013,4.9,46162,4.Non-Critical,9,9.38,4.5,0.5863539446,0.5863539446,46443.4,46443.4,42461,0,46302.7,NA,-4.5,0,9.38,0,-4.88,4.80E-14
,4c31ef2a-255d-481d-8c04-1580a734820f,544,RMHS,RMHS IRON & FLUX,REC3,B,90,1600,HAR,6,"8/15/2024
04-11-2025
19-03-2026
24-04-2026
22-07-2026","7.4
0.3
0
5.4
3.7","7.1
1.0
0.8
5.5
3.8","6.9
0.4
0.3
5.7
3.9","69


70
72","68


70
71","67


74
72",3.7,3.8,3.9,3.7,46225,3.7,46123,4.Non-Critical,9,22.9,5.8,0.2401746725,0.6764705882,46810,46366.91304,42461,0,NA,46315,-3.2,0,8.130434783,-0.4362959157,-17.1,-14.76956522
,2536843a-9310-4d8d-824b-67fc4fcba53d,545,RMHS,RMHS IRON & FLUX,REC4,A,90,1600,HAR,6,"9/19/2025
18-12-2025
12-02-2026
26-03-2026","2.1
3.1
1.7
1.4","0
2
0.7
0","2
3.1
1.8
1.6","73

72","80

76","75

72",1.4,0,1.6,0,46107,0,46270,4.Non-Critical,9,12.33,0.9,0.4460665045,0.4460665045,46639.9,46639.9,42461,0,46454.95,NA,-8.1,0,12.33,0,-11.43,4.80E-14
,1fdee965-0ae4-420c-8085-2609dad387df,546,RMHS,RMHS IRON & FLUX,RMHS-J24C2,A,620,1200,SAR70,5,"18-11-2024
29-08-2025
01-01-2026","2.9
2.8
2.4","3.2
1.3
0.3","3
2.9
2.4",74,75,74,2.4,0.3,2.4,0.3,46023,0.3,45409,1.Critical,18,46.86,29.6,0.09603072983,0.2296416938,46814.8,45996.87234,42461,0,NA,Critical,11.6,0,19.59574468,-0.133610964,-17.26,-27.26425532
,3acfae2a-7d0e-4e49-b170-cc6bdf67fe7f,547,RMHS,RMHS (Wagon tippler),J3C1,B,580,1400,SAR70,5,"06-08-2024
14-02-2025
08-05-2025","1.8
1.3
1.6","2.4
1.8
1.2","1.9
1.7
1.1","72
75
85","72
76
76","74
75
85",1.6,1.2,1.1,1.1,45785,1.1,46131,4.Non-Critical,18,28.58,5.533333333,0.1574527642,0.1574527642,46988.4,46988.4,42461,0,46559.7,NA,-12.46666667,0,28.58,0,-23.04666667,4.97E-14
,fc88b92c-3b56-4883-99f2-7fc185d64199,548,RMHS,RMHS (Wagon tippler),J4C1,B,165,1400,SAR70,5,"06-08-2024
13-02-2025
18-04-2025
6/23/2025
25-08-2025
09/06/2025
04-10-2025
08-09-2026","3.8
3.3
3.2
2.1
1.8
1.6
0.4
0.14","2.9
2.8
2.8
1.9
1.1
0.9
0.2
0.2","3.4
3.4
3.4
2.6
1.8
1.6
1.0
0.94","62
69
70
70

76
77","63
70
71
71

74
75","64
70
71
70

75
75",0.14,0.2,0.94,0.14,46273,0.14,45235,1.Critical,18,31.7,35.4,0.141955836,0.1404624277,46186,46196.11111,42461,0,NA,Critical,17.4,0,32.03703704,0.001493408216,3.7,0.337037037
,9163a57e-7385-4037-bb50-54452f8dda91,549,RMHS,RMHS (Wagon tippler),J4C2,B,165,1400,SAR70,6,"15-10-2024
17-02-2025
25-08-2025
09/05/2025","5
4.5
2.2
1.7","2.3
1.7
1.5
0.3","3.5
3
1.5
1.2","79
79","76
79","77
79",1.7,0.3,1.2,0.3,45905,0.3,46154,4.Non-Critical,18,61.04,4.766666667,0.09010484928,0.09010484928,47985.2,47985.2,42461,0,47069.6,NA,-13.23333333,0,61.04,0,-56.27333333,-9.95E-14
,00540a2e-52c5-4319-88b2-50ba91d3f68a,550,RMHS,RMHS (Wagon tippler),J21C1,B,155,1400,SAR70,5,"15-10-2024
06-01-2025
13-02-2025
29-05-2025
06/19/2025
25-08-2025
9/5/2025
04-10-2025
08-11-2025
09-12-2025
09-02-2026
14-04-2026
18-05-2026
08-09-2026
29-09-2026","4.2
2.5
2.3
2.2
2
2.0
1.9
1.9
1.8
1.7
1.7
1.6
1.5
1.33
1.1","3.7
2.1
2.0
2.0
2
1.9
1.8
1.7
1.6
1.2
1.1
1
0.4
0.39
0.1","4.4
3.9
3.7
3.7
3.6
3.4
3.2
3.1
3.0
3.0
2.9
2.7
1.3
1.19
1","68
69
70
71
72

74
74
74
75
75
76","70
70
70
71
72

72
73
74
74
74
75","70
71
72
73
74

74
74
74
74
75
76",1.1,0.1,1,0.1,46294,0.1,44197,1.Critical,18,61.04,70,0.07372214941,0.07010014306,46028.2,46122.81633,42461,0,NA,Critical,52,0,64.19387755,0.003622006349,8.96,3.153877551
,a544c9eb-e716-409a-9051-f44bc0fd2ab8,551,RMHS,RMHS (Wagon tippler),J21C2,B,155,1400,SAR70,5,"15-10-2024
06-01-2025
27-05-2025
08-07-2025
8/19/2025
06-12-2025
03-01-2026","3,5
1.2

1
0.8
0
0","1.3
1.6
1.3
1.0
0.9
0.8
0.4","2.5
2.1

2
1.9
1.8
1.2","79
79

83","78
78

81","73
79

80",0,0.4,1.2,0,46025,0,44215,1.Critical,18,60.45,69.4,0.07444168734,0.08287292818,46028.5,45844,42461,0,NA,Critical,51.4,0,54.3,-0.008431240832,8.95,-6.15
,d75129bf-c093-40c1-be3b-fd4db7ae0555,552,RMHS,RMHS (Wagon tippler),J21AC1,B,108,1400,SAR70,5,"15-10-2024
06-01-2025
21-03-2025
29-05-2025
19-06-2025","3.3
1.6
1.5
1.3
1.1","2.3
1.8
1.7
1.5
1.3","3.5
1.7
1.6
1.3
1","76
77
74
74
75","75
76
77
77
77","73
78
77
77
78",1.1,1.3,1,1,45827,1,45831,4.Non-Critical,9,35.23,15.53333333,0.1277320466,0.1277320466,46887.9,46887.9,42461,0,46359.45,NA,6.533333333,0,35.23,0,-19.69666667,0
,3a4ea50c-66d6-4acf-b7d7-d2644c7345b2,553,RMHS,RMHS (Wagon tippler),J21AC2,B,108,1400,SAR70,5,"15-10-2024
06-01-2025
01-07-2025
06-12-2025
10-02-2026
14-04-2026
13-07-2026","4.1
4.0
3.9
3.9
3.8
3.8
3.8","3.8
3.7
3.6
3.5
3.4
3.3
3.3","4.3
4.2
4.1
4.0
3.9
3.9
3.9","77
76
78
78
78
80","76
76
77
79
79
81","77
78
78
78
79
80",3.8,3.3,3.9,3.3,46216,3.3,44214,4.Non-Critical,9,60.48,69.43333333,0.0744047619,0.02547452547,46028.4,49513.41176,42461,0,NA,46396,60.43333333,0,176.6470588,0.04893023643,8.953333333,116.1670588
,74779322-82cc-47c6-93dc-7f4511f2d07c,554,RMHS,RMHS (Wagon tippler),J4AC1,B,170,1200,SAR70,5,"4/26/2025
16-10-2025
11-04-2026","4.9
4.7
4.6","4.8
4.6
4.1","4.8
4.7
4.5","77
82
82","80
82
83","78
83
83",4.6,4.1,4.5,4.1,46123,4.1,44197,4.Non-Critical,18,61.04,70,0.07372214941,0.01401869159,46028.2,53827,42461,0,NA,46303,52,0,321,0.05970345782,8.96,259.96
,f6b9f472-ac8f-49e8-9f9e-1cc6b0b50bbe,555,RMHS,RMHS (Wagon tippler),J3RBF1,B,27,1400,SAR70,5,"12/31/2024
16-12-2025","3.6
0.3","2.7
0.2","2.9
0.3",72,75,76,0.3,0.2,0.3,0.2,46007,0.2,46044,4.Non-Critical,3,21.27,8.433333333,0.2115655853,0.2115655853,46682.1,46682.1,42461,0,46363.05,NA,5.433333333,0,21.27,0,-12.83666667,-4.97E-14
,a81c7218-dd02-4e9d-84f3-cac411287322,556,RMHS,RMHS (Wagon tippler),JNT3C1,A,600,1600,SAR70,8,"04-10-2024
21-03-2025
02-05-2025
06/19/2025
9/5/2025
16-10-2025
14-11-2025
25-12-2025
03-01-2026
27-08-2026
15-09-2026","3.39
3.2
2.9
2.8
2.8
2.7
2.7
2.6
2.6
2.5
2.4","3.82
3.3
3.3
3.1
2.8
2.8
2.7
2.7
2.6
2.6
2.5","3.93
3.9
3.8
3.8
3.8
3.7
3.7
3.6
3.5
3.4
3.4","84
79
80

80
80
81","85
78
79

80
80
80","82
77
80

80
80
81",2.4,2.5,3.4,2.4,46280,2.4,44197,3.Marginal,18,39.27,70,0.1909854851,0.08065290446,45375.1,46986.73214,42461,0,NA,46340,52,0,92.99107143,0.1103325806,30.73,53.72107143
,af522e3e-01ec-4756-8313-b07015282506,557,RMHS,RMHS (Wagon tippler),CJ1C1,A,500,1600,SAR70,8,"17-02-2025
02-05-2025
18-07-2025
8/19/2025
9/5/2025
10/17/2025","3.3
3.3
3.0
2.7
2.4
2","2.4
2.2
1.0
0.8
0.6
0.4","3.7
4.0
4.0
3.6
3
2.6","74
72
72

77","73
73
74

79","73
74
74

78",2,0.4,2.6,0.4,45947,0.4,45037,1.Critical,18,40.37,42,0.1857815209,0.2505494505,46248.1,45935.02632,42461,0,NA,Critical,24,0,29.93421053,-0.06476792962,1.63,-10.43578947
,03c1737f-31c6-41bc-b82b-460bec8b16f7,558,RMHS,RMHS (Wagon tippler),CJ1RSC1,B,9,1800,FR,6,"01-07-2025
03-04-2026 
30-07-2026","6.7
0
0","5
0
0","5.6
0
0",71,70,70,0,0,0,0,46233,0,46248,4.Non-Critical,2,2.61,1.633333333,2.107279693,2.107279693,46326.3,46326.3,42461,0,NA,NA,-0.3666666667,0,2.61,0,-0.9766666667,9.73E-14
,e9d8c6f3-947a-4ad2-8b5c-7e6fa168881f,559,RMHS,RMHS (Wagon tippler),CJ2RC2,B,9,1800,FR,8,"11/11/2024
01-07-2025","6.1
6.0","6
3.4","5.4
5.1","72
72","69
71","73
70",6,3.4,5.1,3.4,45839,3.4,46248,4.Non-Critical,2,15.37,1.633333333,0.4879635654,0.4879635654,46709.1,46709.1,42461,0,46478.55,NA,-0.3666666667,0,15.37,0,-13.73666667,-4.80E-14
,772327bd-2c4e-43b9-94c8-6142412f93ff,560,RMHS,RMHS (Wagon tippler),CJ2C1,B,165,1600,SAR70,5,"03-10-2024
13-02-2025
08-05-2025
8/27/2025
09/05/2025","4
2.5
2.4
1.4
0.3","2.95
2.4
2.3
0.5
0","2.5
2.3
2.2
0
0","67
69
70","65
68
70","68
69
70",0.3,0,0,0,45905,0,45947,4.Non-Critical,18,27.91,11.66666667,0.1612325331,0.1612325331,46784.3,46784.3,42461,0,46365.65,NA,-6.333333333,0,27.91,0,-16.24333333,9.59E-14
,d425b48a-9322-4cd1-b059-c2bb48fe1d6a,561,RMHS,RMHS (Wagon tippler),J4C3,B,125,1600,SAR70,8,"30-12-2024
13-02-2025
29-05-2025
18-07-2025
8/27/2025","3.8
5.5
1.4
0.6
0","2.1
1.6
1.5
0
0","3.6
1.7
1.4
0
0","77
75
76
86","76
76
78
78","78
76
77
77",0,0,0,0,45896,0,44298,1.Critical,9,57.72,66.63333333,0.1299376299,0.1501877347,46029.6,45796.125,42461,0,NA,Critical,57.63333333,0,49.9375,-0.02025010473,8.913333333,-7.7825
,7cad4db4-e707-4345-a5a8-42551a21e22d,562,RMHS,RMHS (Wagon tippler),TT2C2,B,180,1600,SAR70,8,"08-12-2024
12-04-2025
7/12/2025
09-10-2025
07-04-2026","6.5
6.4
6.4
 6.4
5.8","6.4
6.3
6.3
6.2
6.0","6.6
6.5
6.5
6.4
6.2","
72
73
80","
71
73
79","
72
73
79",5.8,6,6.2,5.8,46119,5.8,45542,4.Non-Critical,18,34.71,25.16666667,0.2160760588,0.1143847487,46583.3,47509.04545,42461,0,NA,46299,7.166666667,0,65.56818182,0.1016913101,-9.543333333,30.85818182
,9cd5585c-8dd5-4ae0-bbc6-016df7865378,563,RMHS,RMHS (Wagon tippler),TT4C2,B,260,1600,SAR70,6,"08-12-2024
12-04-2025
09-10-2025
09-12-2025
17-02-2026
07-04-2026
15-05-2026
20-06-2026
13-07-2026
18-08-2026","3.9
3.8
3.7
3.6
3.5
3.4
3.3
3.2
3.2
3.1","3.52
3.4
3.4
3.3
3.2
3.1
2.9
2.8
2.7
2.4","3.93
3.9
3.4
3.2
3.1
2.8
2.7
2.7
2.6
2.6","
77
79
80
80
81
81
83
83","77
77
78
80
82
82
82
82","
77
78
80
80
81
82
83
83",3.1,2.4,2.6,2.4,46252,2.4,44248,3.Marginal,18,59.36,68.3,0.09265498652,0.05389221557,46028.8,47309.66667,42461,0,NA,46312,50.3,0,102.0555556,0.03876277095,8.94,42.69555556
,bf5f714a-2150-44c7-89bf-6f94e2c44849,564,RMHS,RMHS (Wagon tippler),TT3C1,B,750,1400,FR,6,"24-01-2025
12-04-2025
17-10-2025
11-04-2026","3.9
3.8
3.8
3.8","3.9
3.8
3.6
3.4","3.8
3.8
3.7
3.6","76
78

82","79
79

83","77
79

83",3.8,3.4,3.6,3.4,46123,3.4,44197,4.Non-Critical,18,50.3,70,0.1093439364,0.04049844237,45706,48271.23077,42461,0,NA,46303,52,0,135.8076923,0.06884549401,19.7,85.50769231
,60e869bb-0c40-4ee0-9c52-64a713858f4d,565,RMHS,RMHS (Wagon tippler),TT3C2,B,750,1400,SAR70,5,"1/24/2025
26-08-2025
17-10-2025
11-04-2026
20-06-2026
17-08-2026","4.1
3.9
3.7
3.6
3.6
3.5","4
3.8
3.7
3.7
3.6
3.5","4
4.0
3.8
3.7
3.5
3.6","72
74

75
75","70
75

77
77","70
74

75
76",3.5,3.5,3.6,3.5,46251,3.5,45196,4.Non-Critical,18,45.35,36.7,0.09922822492,0.04265402844,46556.5,48361,42461,0,NA,46431,18.7,0,105.5,0.05657419648,-8.65,60.15
,734bda57-4c25-4213-8c22-9ff3ae743fef,566,RMHS,RMHS (Wagon tippler),TT4C3,B,235,1600,FRSAR,8,"12-04-2025
14-10-2025
15-12-2025
26-01-2026","4.9
4.9
4.7
0","4.8
4.2
3.8
0","4.8
4.7
3.5
0","73
70
79
","78
78
79
","77
79
79
",0,0,0,0,46048,0,46116,4.Non-Critical,18,61.04,6.033333333,0.122870249,0.122870249,47947.2,47947.2,42461,0,47031.6,NA,-11.96666667,0,61.04,0,-55.00666667,-9.95E-14
,c79f60cb-9471-484e-bb69-0311d99d4536,567,RMHS,RMHS (Wagon tippler),TT4C4,B,265,1600,FR,8,"16-08-2024
12-04-2025
23-08-2025
14-10-2025
11-04-2026
08-07-2026","4.5
4.01
3.9
1.5
0
0","4.1
3.9
3.2
2.7
2.1
1.5","5.1
5.0
3.9
2.5
1.5
0","82
82
80
87","83
81
81
85","83
81
80
87",0,1.5,0,0,46123,0,46253,4.Non-Critical,18,57.85,1.466666667,0.1296456353,0.1296456353,47988.5,47988.5,42461,0,47120.75,NA,-16.53333333,0,57.85,0,-56.38333333,0
,ba98aa29-9816-498c-be34-896c1edd1aa1,568,RMHS,RMHS (Wagon tippler),TT5C1,B,225,1600,FR,8,"16-08-2024
26-04-2025
10/20/2025
16-12-2025
31-01-2026 
11-04-2026
20-05-2026
20-06-2026
15-07-2026
15-09-2026","5.3
4.2
4.2
4.1
4.0
3.8
3.5
3.4
3.3
3.1","4.5
3.1
2.8
2.5
2.4
2.3
2.1
2.0
1.9
1.6","5.2
4.1
3.2
3.1
3.0
2.9
2.9
2.8
2.8
2.7","79
80
80
80
80
81","79
80
80
80
81
82","79
79
80
80
81
81",3.1,1.6,2.7,1.6,46280,1.6,44248,3.Marginal,18,56.54,68.3,0.1326494517,0.09448818898,45944.2,46629.25,42461,0,NA,46310,50.3,0,79.375,0.03816126274,11.76,22.835
,44d1a8b5-4b56-4e0a-91e2-8f7fe5db840a,569,RMHS,RMHS (Wagon tippler),TT5C2,B,225,1600,FR,8,"17-02-2025
12-04-2025
02-06-2025
10/20/2025","1.9
1.3
1.1
0.5","1.6
1.5
0.6
0.3","2
1.9
0.8
0.6","81
82
85","82
83
84","80
82
85",0.5,0.3,0.6,0.3,45950,0.3,46071,4.Non-Critical,18,49.05,7.533333333,0.1529051988,0.1529051988,47542.5,47542.5,42461,0,46806.75,NA,-10.46666667,0,49.05,0,-41.51666667,0
,a719663c-55d4-40a0-8421-84ae348bbd11,570,RMHS,RMHS (Wagon tippler),TT5RSC1,B,9,1800,FR,8,"2/17/2025
19-06-2025
24-01-2026
16-07-2026","6
2
1.1
7.0","5.9
0
0
6.8","6
2.1

7.2","67
77
72","67
78
72","69
77
71",7,6.8,7.2,6.8,46219,6.8,46273,4.Non-Critical,2,7.28,0.8,1.03021978,1.03021978,46491.4,46491.4,42461,0,46382.2,NA,-1.2,0,7.28,0,-6.48,4.80E-14
,f99d89ee-9126-4a17-ba93-d99571b8d2eb,571,RMHS,RMHS (Wagon tippler),TT6C1,B,175,1600,FR,8,"24-01-2025
12-04-2025
23-08-2025
20-10-2025
11-04-2026
15-07-2026","5.2
4.9
4.8
4.8
4.4
3.9","4.8
4.5
4.4
4.2
4.0
3.8","5.0
4.8
4.6
4.5
4.3
4.0","86
87
87
88","87
88
88
88","85
87
88
89",3.9,3.8,4,3.8,46218,3.8,46252,4.Non-Critical,18,61.04,1.5,0.122870249,0.122870249,48083.2,48083.2,42461,0,47167.6,NA,-16.5,0,61.04,0,-59.54,-9.95E-14
,649980ea-7e87-4324-b9f7-15701a299483,572,RMHS,RMHS (Wagon tippler),TT6C2,B,175,1600,FR,8,"16-08-2024
26-04-2025
21-10-2025
11-04-2026","7.3
7.3
7.3
7.2","7.23
7.19
7.14
7.0","7.27
7.25
7.2
7.1","70


80","70


79","70


80",7.2,7,7.1,7,46123,7,45313,4.Non-Critical,18,32.16,32.8,0.2332089552,0.03703703704,46277.8,51388,42461,0,NA,46303,14.8,0,202.5,0.1961719182,0.64,170.34
,fbd0ed35-5e09-4d6e-b0c5-1f9f64b9bf1c,573,RMHS,RMHS (Wagon tippler),JNT1C1,B,790,1400,FR,6,"18-12-2024
08-05-2025
14-11-2025
05-05-2026","3.6
3.5
3.2
3.2","3.5
3.4
3.1
3.1","3.6
3.5
3.2
3.2","70
79

83","69
78

82","72
79

82",3.2,3.1,3.2,3.1,46147,3.1,44197,4.Non-Critical,18,61.04,70,0.09010484928,0.04461538462,46028.2,47895.27586,42461,0,NA,46327,52,0,123.2758621,0.04548946466,8.96,62.23586207
,62a877b3-430a-4f26-8705-a5e836e2913f,574,RMHS,RMHS (Wagon tippler),CJ1C2,A,450,1600,SAR70,6,"22-10-2024
19-03-2025
05-09-2025
09-04-2026
29-09-2026","5.2
5.2
5
4.7
4.4","5.1
5.1
4.8
4.6
4.2","5.2
4.9
4.5
4.5
4.2","73
75

74","72
74

74","75
75

75",4.4,4.2,4.2,4.2,46294,4.2,45101,4.Non-Critical,18,28.55,39.86666667,0.1926444834,0.04526404023,45957.5,48746.27778,42461,0,NA,46474,21.86666667,0,121.5092593,0.1473804431,11.31666667,92.95925926
,f497cd04-b19a-4c78-9b77-8a27762b9bf2,575,RMHS,RMHS (Wagon tippler),CJ1RSC2,B,9,1800,FR,8,"17-02-2025
28-07-2026","5.1
0","5
0","4.7
0",73,72,74,0,0,0,0,46231,0,46234,4.Non-Critical,2,2.17,2.1,3.456221198,3.456221198,46299.1,46299.1,42461,0,NA,NA,0.1,0,2.17,0,-0.07,-4.84E-14
,4ae3a26a-4282-40b8-90a1-c61bd895d147,576,RMHS,RMHS (Wagon tippler),CJ3RC2,C,13,1600,Not Existing,8,0,0,0,0,0,0,0,0,0,0,0,0,0,44301,4.Non-Critical,2,57.62,66.53333333,0.1301631378,0.1301631378,46029.6,46029.6,42461,Not running,45165.3,NA,64.53333333,0,57.62,0,8.913333333,0
,b6e2be0b-543a-41fb-8a0a-98fe9b8d125d,577,RMHS,RMHS (Wagon tippler),JNT1C2,B,790,1400,FR,6,"22-10-2024
20-01-2025
12-07-2025
15-01-2026
05-05-2026
30-07-2026
17-08-2026","3.7
3.5
3.3
2.8
2.6
2.5
2.4","4.1
4.0
3.9 
3.8
2.7
2.4
2.2","3.4
3.3
3.2
3.0
2.5
2.4
2.3","70
71
72
73
74
75","70
71
72
72
73
75","70
71
71
72
74
75",2.4,2.2,2.3,2.2,46251,2.2,44197,3.Marginal,18,61.04,70,0.09010484928,0.05550146056,46028.2,47169.89474,42461,0,NA,46311,52,0,99.09649123,0.03460338871,8.96,38.05649123
,9ea3f475-7fc5-4a4f-92dc-ccbef72fe653,578,RMHS,RMHS (Wagon tippler),JNT1RSC1,B,18,1800,FR,8,"2/17/2025
09/06/2025
05-05-2026","3.3
6.1
6.1","2.7
6
4.8","3.7
6.2
6.2","71
65","72
66","74
65",6.1,4.8,6.2,4.8,46147,4.8,46149,4.Non-Critical,3,5.18,4.933333333,1.447876448,1.447876448,46304.4,46304.4,42461,0,NA,NA,1.933333333,0,5.18,0,-0.2466666667,4.88E-14
,24b34a11-e152-4b4e-a2b1-91135fe26ef4,579,RMHS,RMHS (Wagon tippler),J1C1,B,85,1400,SAR70,5,"06-01-2025
20-05-2025
18-11-2025
20-05-2026","4.8
4.7
4.6
3.8","4.7
4.6
4.5
3.9","5.3
5.1
5.0
4.6","68
69
72
76","68
69
73
74","69
70
72
75",3.8,3.9,4.6,3.8,46162,3.8,45579,4.Non-Critical,9,25.8,23.93333333,0.1744186047,0.06174957118,46353,47765.25,42461,0,NA,46342,14.93333333,0,72.875,0.1126690335,-1.866666667,47.075
,d2b7da94-7dda-477d-a7d6-685d9e173af6,580,RMHS,RMHS COKE ,J37C4,A,1100,1200,FR,5,"4/2/2025
15-10-2025
09-12-2025
02-01-2026
04-02-2026
13-04-2026
23-06-2026
12-08-2026","4.5
3.6
3.3
3.1
3.0
2.7
2.7
2.5","3.2
2.6
2.6
2.4
2.2
2.2
2.2
2.2","4.6
3.7
3.6
3.4
3.4
3
2.9
2.8","70
75
78
79
84","73
79
80
80
86","74
76
78
79
85",2.5,2.2,2.8,2.2,46246,2.2,45267,3.Marginal,18,41.7,34.33333333,0.1079136691,0.08580183861,46518,46840.39286,42461,0,NA,46306,16.33333333,0,52.44642857,0.02211183045,-7.366666667,10.74642857
,36813bec-575e-487b-b0b9-d977fc9ccc29,581,RMHS,RMHS COKE ,J37C5,A,1100,1200,FR,5,"12/3/2024
10/22/2025
23-12-2025
13-01-2026
12-02-2026
19-03-2026
16-04-2026
09-05-2026
02-06-2026
30-07-2026
24-08-2026
03-09-2026","4.5
3.7
3.6
3.4
3.4
3.3
3.2
3.0
2.8
2.7
2.6
2.5","4.1
2.9
2.7
2.5
2.2
1.9
1.8
1.7
1.6
1.5
1.4
1.2","4.4
3.9
3.9
3.7
3.6
3.5
3.3
3.1
2.8
2.7
2.6
2.5","
70
71
72
74
74
75
76
77","
70
70
72
74
75
75
76
77","
71
72
72
73
74
76
77
78",2.5,1.2,2.5,1.2,46268,1.2,45463,2.Semi-Critical,18,46.71,27.8,0.09633911368,0.1416149068,46864.3,46416.28947,42461,0,NA,46298,9.8,0,31.77631579,-0.04527579315,-18.91,-14.93368421
,f4439173-0ee5-41ad-ba00-1bb47070739d,582,RMHS,BF Route,RMHS-SH1C3,A,70,1200,FR,5,"02-04-2025
09-12-2025
02-01-2026
04-02-2026
13-04-2026
09-05-2026
03-09-2026","3.1
3.6
2.8
2.7
2.4
2.4
4.5","2.5
3.2
2.7
2.4
2.3
0
4.1","3.7
4.2
4.1
3.9
3.5
3.5
3.1","70
70
70
81
74","69
71
71
81
75","69
71
71
80
75",4.5,4.1,3.1,3.1,46268,3.1,46175,4.Non-Critical,9,12.93,4.066666667,0.3480278422,0.6129032258,46562.9,46395.26316,42461,0,NA,46358,-4.933333333,0,7.342105263,-0.2648753836,-8.863333333,-5.587894737
,2563f49e-989c-4c6c-af80-4c2e6e4cdaa2,583,RMHS,BF Route,SH1RSC3,A+ (Sup.Critical),82,1400,SAR70,5,"4/2/2025
05-08-2025
11-03-2026
03-09-2026","4.5
2.8
1
4.5","2.8
0.4
0
4.0","2.5
1.8
0.8
4.9","72

73","73

74","73

74",4.5,4,4.9,4,46268,4,46175,4.Non-Critical,9,25.87,4.066666667,0.1739466564,0.3225806452,46951.1,46593.5,42461,0,NA,46358,-4.933333333,0,13.95,-0.1486339888,-21.80333333,-11.92
,1763144b-f23c-4188-ac01-969e577e23c4,584,RMHS,RMHS COKE ,J36C5,A,230,1200,FR,5,"10/15/2025
16-04-2026","2.7
1.8","0
0","2.7
0","74
84","80
88","76
84",1.8,0,0,0,46128,0,46137,4.Non-Critical,18,42.58,5.333333333,0.1056834194,0.1056834194,47414.4,47414.4,42461,0,46775.7,NA,-12.66666667,0,42.58,0,-37.24666667,0
,dc1cf0ab-1fd1-4388-803d-7d8f55e9e300,585,RMHS,RMHS COKE ,J36C6,A,230,1200,FR,5,"15-10-2025
09-12-2025
02-01-2026
04-02-2026
16-04-2026","2.6
2.2
2
2.0
0","2.5
1.6
1.5
1.5
1.4","3.7
3.6
3.6
3.5
3.4","73
76
78
81","75
79
80
80","75
76
76
81",0,1.4,3.4,0,46057,0,46134,4.Non-Critical,18,34.76,5.433333333,0.1294591484,0.1294591484,47176.8,47176.8,42461,0,46655.4,NA,-12.56666667,0,34.76,0,-29.32666667,9.95E-14
,7265c610-3ced-4473-bdf7-fd057bb31d49,586,RMHS,BF Route,JCC1,A+ (Sup.Critical),200,1400,SAR70,5,"03-12-2024
09-03-2025
16-04-2026
12-08-2026
29-09-2026","2.9
3.9
3.8
3.2
3.1","2.7
2.3
3.6
2.8
2.8","2.4
3.5
3.7
3.5
3.3","76
77","75
76","74
76",3.1,2.8,3.3,2.8,46294,2.8,45945,3.Marginal,18,18.08,11.73333333,0.2488938053,0.1891117479,46487.4,46658.86364,42461,0,NA,46354,-6.266666667,0,23.79545455,0.05978205746,-6.346666667,5.715454545
,0927a7bc-0317-48a6-b457-fd5627dda24b,587,RMHS,RMHS COKE ,J38C1,A,40,800,SAR70,5,"4/2/2025
03-08-2025
06-12-2025
06-01-2026
06-02-2026
03-03-2026
09-04-2026
02-06-2026
09-07-2026
19-08-2026
02-09-2026","3
3.0
2.6
2.6
2.5
2.4
1.8
1.7
1.4
1.4
1.4","2.9
2.6
2.5
2.4
2.3
2.2
2.0
1.9
1.8
1.7
1.6","2.7
2.7
2.5
2.4
2.3
2.3
2.2
2.2
2.2
2.1
2.0","75
77
77
78
78
79
79
80
80","74
76
77
77
78
79
79
80
80","75
76
77
78
79
79
79
80
81",1.4,1.6,2,1.4,46267,1.4,44197,2.Semi-Critical,6,61.04,70,0.07372214941,0.05217391304,46028.2,46784.5,42461,0,NA,46297,64,0,86.25,0.02154823637,8.96,25.21
,48696824-a0ee-4c0e-b4bf-90a5d5b94855,588,RMHS,RMHS COKE ,J38AC1,A,200,800,SAR70,5,"4/2/2025
03-08-2025
06-01-2026
06-02-2026
03-03-2026
09-04-2026
09-05-2026
09-07-2026
02-09-2026","3.7
3.7
3.5
3.4
3.2
2.9
2.8
2.8
2.7","3.6
3.6
3.4
3.0
2.9
2.7
2.7
2.6
2.5","3.7
3.5
3.3
3.1
3.0
3.0
2.9
2.7
2.6","77

77
78
79
79
80
80","75

76
77
78
78
79
80","77

78
79
79
80
80
81",2.7,2.5,2.6,2.5,46267,2.5,44936,3.Marginal,18,32.88,45.36666667,0.1368613139,0.05634861007,45922.4,47331.8,42461,0,NA,46327,27.36666667,0,79.86,0.0805127038,12.48666667,46.98
,b5708d63-fc17-476e-9b3a-b4b5f69d12ca,589,RMHS,RMHS COKE ,J39C1,A,200,800,SAR70,5,"4/2/2025
03-08-2025
06-01-2026
03-03-2026
09-05-2026
09-07-2026
02-09-2026","3.3
3.1
2.9
2.6
2.6
2.6
2.4","3.3
3.2
2.8
2.6
2.5
2.3
2.2","3.3
3.3
3
2.9
2.9
2.8
2.7","75

79
80
81
81","75

78
80
80
80","76

78
78
79
80",2.4,2.2,2.7,2.2,46267,2.2,44197,3.Marginal,18,61.04,70,0.07372214941,0.04057971014,46028.2,47523.78571,42461,0,NA,46327,52,0,110.8928571,0.03314243927,8.96,49.85285714
,dd653d1b-3060-4a4a-b56f-6633fec4e6b3,590,RMHS,RMHS COKE ,J37C6,A,490,800,SAR70,5,"4/2/2025
15-11-2025
06-12-2025
06-01-2026
04-02-2026
03-03-2026
09-05-2026
02-06-2026","2.6
2.0
1.6
1.5
1.4
1.2
0.5
0","2.4
2.3
2.1
2.0
1.9
1.3
1.2
0","2.4
2.2 
1.9
1.7
1.6
1.4
0.7
0","73
74
75
75
76
78
79","73
75
76
76
76
77
79","73
74
75
75
75
77
79",0,0,0,0,46175,0,44197,1.Critical,18,61.04,70,0.07372214941,0.07583417594,46028.2,45977.2,42461,0,NA,Critical,52,0,59.34,-0.002112026525,8.96,-1.7
,69a2289d-af5e-4668-9106-33fb925f9ade,591,RMHS,RMHS COKE ,J36C4,A,225,800,SAR70,5,"05-09-2024
02-04-2025
19-09-2025
03-03-2026
09-05-2026
29-07-2026
03-09-2026","3.6
3.5
3.4
3.2
3.1
3.0
2.9","3.6
3.5
3.1
3.0
2.9
2.8
2.5","3.5
3.3
3.1
2.7
2.5
2.1
2.0","77
75
75
77
77
78","76
75
76
76
77
78","76
76
76
77
77
77",2.9,2.5,2,2,46268,2,44524,3.Marginal,18,50.3,59.1,0.08946322068,0.05160550459,46033,47140,42461,0,NA,46328,41.1,0,87.2,0.03785771609,8.8,36.9
,1d9e6ec5-6a4c-478b-b83e-eb1ed977e7bc,592,RMHS,RMHS COKE ,J28C1,B,600,800,SAR70,5,"10/2/2024
02-04-2025
19-09-2025
09-03-2026
02-06-2026
22-08-2026
04-09-2026","3.8
3.4
3.1
2.8
2.1
2.0
1.7","3.6
3.4
3.1
2.6
2.4
2.0
1.9","3.8
3.6
3.4
2.5
2.0
2.0
2.0","74
75
75
76
77
78","73
74
75
76
77
77","75
77
77
77
78
78",1.7,1.9,2,1.7,46269,1.7,44197,3.Marginal,18,61.04,70,0.07372214941,0.04777992278,46028.2,47022.45455,42461,0,NA,46299,52,0,94.18181818,0.02594222663,8.96,33.14181818
,fee19b1c-b3c9-4da0-961a-6fe81df7806a,593,RMHS,RMHS COKE ,J30C4,A,600,800,SAR70,5,"02-10-2024
02-04-2025
9/19/2025
09-03-2026
04-09-2026","3.9
3.9
3.8
3.7
3.6","4.0
3.9
3.8
3.8
3.7","4.1
3.9 
3.8
3.8
3.7","76
76
77
77
78","75
76
77
77
78","77
77
78
78
79",3.6,3.7,3.7,3.6,46269,3.6,44869,4.Non-Critical,18,46.86,47.6,0.09603072983,0.03,46274.8,49369,42461,0,NA,46449,29.6,0,150,0.06603072983,0.74,103.14
,6d6692b1-3ef8-4b89-b304-d39c0468981b,594,RMHS,RMHS COKE ,J30RC1,A,20,800,SAR70,5,"10/5/2024
02-04-2025","4.1
3.2","3.6
2.6","4.3
2.7","71
74","72
73","71
73",3.2,2.6,2.7,2.6,45749,2.6,45919,4.Non-Critical,3,5.49,12.6,0.8196721311,0.8196721311,46083.7,46083.7,42461,0,NA,NA,9.6,0,5.49,0,7.11,-9.68E-14
,b00918cc-8433-40d8-ad4f-591ed380cd3d,595,RMHS,RMHS COKE ,J30FC1,A,25,800,SAR70,5,"05-10-2024
02-04-2025
04-09-2026","3.3
2.6
2.7","3.4
2.6
2.5","3.8
2.3
2.4","79
79
77","78
79
77","78
78
78",2.7,2.5,2.4,2.4,46269,2.4,45919,3.Marginal,3,24.18,12.6,0.1861042184,0.2228571429,46644.4,46524.76923,42461,0,NA,46329,9.6,0,20.19230769,-0.03675292449,-11.58,-3.987692308
,24526060-e2a2-4429-ac9a-4feb83c5185c,596,RMHS,RMHS COKE ,J30RC3,A,20,800,SAR70,5,"02-04-2024
06-12-2025
02-06-2026","3.8
3.1
2.9","4
3.7
2.8","3.9
3.6
3.0","69
73
73","72
75
75","70
71
72",2.9,2.8,3,2.8,46175,2.8,45570,3.Marginal,3,18.38,24.23333333,0.2448313384,0.1090909091,46121.4,46807.5,42461,0,NA,46235,21.23333333,0,41.25,0.1357404293,5.853333333,22.87
,87b15655-71e8-4769-bbfc-2bd260abaf66,597,RMHS,RMHS COKE ,J30RC5,B,18,800,FR,5,"9/20/2024
09-03-2026","2.2
3.4","0
2.2","1.8
2.6","76
79","PLY
78","75
78",3.4,2.2,2.6,2.2,46090,2.2,46150,4.Non-Critical,3,12.03,4.9,0.3740648379,0.3740648379,46510.9,46510.9,42461,0,46330.45,NA,1.9,0,12.03,0,-7.13,4.97E-14
,eb84343c-3315-4ad2-9cf3-52f07ab36b1b,598,RMHS,RMHS COKE ,T38C2,A+ (Sup.Critical),840,800,SAR70,5,"10/24/2024
25-07-2025
31-12-2025
24-06-2026
12-08-2026
29-09-2026","4
3.6
3.4
3.3
3.2
3.1","3.9
3.7
3.4
3.3
3.1
3","3.9
3.6
3.4
3.1
3.1
3","68

78
78","69

76
77","68

74
76",3.1,3,3,3,46294,3,45461,3.Marginal,18,25,27.86666667,0.18,0.07202881152,46211,47335.25,42461,0,NA,46474,9.866666667,0,62.475,0.1079711885,2.866666667,37.475
,531cb8d8-3a57-4dbc-97e9-bd737352ee88,599,RMHS,RMHS COKE ,T39C2,A+ (Sup.Critical),490,800,SAR70,5,"10/24/2024
10/24/2025
31-12-2025
24-06-2026
12-08-2026
29-09-2026","3.8
3.7
3.5
3.4
3.2
3.1","3.5
3.4
3.3
3.1
2.9
2.7","3.9
3.6
3.4
3.1
3.1
3","78

80","76

81","76

81",3.1,2.7,3,2.7,46294,2.7,44197,3.Marginal,18,61.04,70,0.07372214941,0.03290414878,46028.2,48299.82609,42461,0,NA,46354,52,0,136.7608696,0.04081800063,8.96,75.72086957
,425b64e5-6519-4db4-9c61-600e5c54dd97,600,RMHS,RMHS COKE ,T45C1,A+ (Sup.Critical),470,800,SAR70,5,"24-10-2024
11-04-2025
24-10-2025
16-04-2026
29-09-2026","4.6
4.5
4.2
3.7
3.6","4.5
4.3
4.1
3.6
3.5","4.5
4.4
4.3
3.7
3.6","71

77
83","72

75
82","72

76
83",3.6,3.5,3.6,3.5,46294,3.5,44294,4.Non-Critical,18,57.85,66.76666667,0.07778738116,0.0225,46029.5,50294,42461,0,NA,46474,48.76666667,0,200,0.05528738116,8.916666667,142.15
,0312e729-109f-483c-9b73-33770f156812,601,RMHS,RMHS COKE ,T47C1,A+ (Sup.Critical),530,800,SAR70,5,"10/24/2024
15-10-2025
02-04-2026
04-09-2026","3.7
3.7
3.6
3.6","3.8
3.7
3.6
3.6","3.7
3.7
3.6
3.5","74

75
78","73

76
79","73

74
78",3.6,3.6,3.5,3.5,46269,3.5,44334,4.Non-Critical,18,56.54,65.43333333,0.07958967103,0.02325581395,46030.2,50139,42461,0,NA,46449,47.43333333,0,193.5,0.05633385708,8.893333333,136.96
,107a48ba-aca3-4495-80e7-c42f34227678,602,RMHS,RMHS COKE ,PCIC1,A,58,800,SAR70,5,"16-11-2024
12-05-2025
03-08-2025
10/22/2025
16-12-2025
21-01-2026
12-03-2026
09-05-2026
03-09-2026","2.7
2.4
2.1
2
2
1.9
1.9
1.8
1.7","3.5
3.4
3.4
3.3
3.1
3.0
2.9
2.9
2.8","2.7
2.5
2.5
2.3
2.1
2.1
2.0
1.9
1.7","79
78
79
84
85","78
79
79
84
85","78
79
80
83
85",1.7,2.8,1.7,1.7,46268,1.7,44683,3.Marginal,9,28.71,53.8,0.1567398119,0.06246056782,45544.3,46844.36364,42461,0,NA,46298,44.8,0,72.04545455,0.09427924409,25.09,43.33545455
,4102a1fa-35a4-4584-be33-ab7f0d896c5a,603,RMHS,RMHS COKE ,T43C1,B,380,800,SAR70,5,"16-11-2024
12-05-2025
03-08-2025
10/22/2025
16-12-2025
12-03-2026
03-09-2026","3.9
3.8
3.8
3.7
3.6
3.5
3.2","4.0
3.9
3.8
3.8
3.7
3.7
3.6","4.2
3.9
3.8
3.8
3.7
3.7
3.6","75
76
77
77","74
75
76
76","75
76
77
77",3.2,3.6,3.6,3.2,46268,3.2,44197,4.Non-Critical,9,61.04,70,0.07372214941,0.02607436021,46028.2,49374.5,42462,0,NA,46448,61,0,172.5833333,0.0476477892,8.96,111.5433333
,d1bde37e-2de9-4d88-9f11-3578c4481948,604,RMHS,RMHS COKE ,T46C1,A+ (Sup.Critical),675,800,SAR70,5,"10/24/2024
15-10-2025
02-04-2026
04-09-2026","3.9
3.8
3.6
3.4","4.0
3.9
3.4
3.2","4.1
3.8
3.3
3.3","78

80
81","79

80
82","79

80
82",3.4,3.2,3.3,3.2,46269,3.2,44334,4.Non-Critical,18,56.54,65.43333333,0.07958967103,0.02790697674,46030.2,49171.5,42461,0,NA,46449,47.43333333,0,161.25,0.05168269429,8.893333333,104.71
,b3500d13-cc4d-412c-a02e-2a3248423666,605,RMHS,RMHS COKE ,T48C1,A+ (Sup.Critical),830,800,SAR70,5,"10/24/2024
15-10-2025
02-04-2026
04-09-2026","4.0
3.5
3.5
3.4","4.0
3.9
3.8
3.6","4.4
3.8
3.7
3.7","77

75
76","76

76
76","77

76
76",3.4,3.6,3.7,3.4,46269,3.4,44679,4.Non-Critical,18,46.98,53.93333333,0.09578544061,0.03018867925,46088.4,49150.875,42461,0,NA,46449,35.93333333,0,149.0625,0.06559676137,6.953333333,102.0825
,b28af070-564d-47ec-be62-1e650af863a2,606,RMHS,RMHS COKE ,J46C1,B,150,1200,SAR70,5,"4/15/2025
23-09-2025
13-11-2025
06-01-2026
06-02-2026
05-05-2026
10-07-2026
18-08-2026","4
3.3
3.2
3.2
3.1
3.1
2.9
2.8","3.6
3.4
3.0
2.9
2.9
2.8
2.5
2.4","3.7
3.3
3.1
3
3.0
3.0
3.0
2.9","73
74
75
75
75
76
77","76
76
77
77
78
78
79","75
76
76
77
77
78
79",2.8,2.4,2.9,2.4,46252,2.4,44256,3.Marginal,9,59.1,68.03333333,0.07614213198,0.03907815631,46029,47710.61538,42461,0,NA,46312,59.03333333,0,115.1538462,0.03706397567,8.933333333,56.05384615
,836cd76b-d29a-407b-b1c7-12d459c047eb,607,RMHS,RMHS COKE ,J47C1,B,100,1200,SAR70,5,"11/16/2024
23-09-2025
13-11-2025
06-01-2026
06-02-2026
05-05-2026
10-07-2026
18-08-2026","3.6
3.5
3.4
3.2
2.9
2.9
2.8
2.0","3.3
2.9
2.7
2.7
2.6
2.6
2.5
2.3","3.5
3.2
3.2
2.9
2.9
2.8
2.7
2.4","72
74

74
75
78
79","76
77

81
81
82
82","76
77

78
79
81
81",2,2.3,2.4,2,46252,2,44256,3.Marginal,9,59.1,68.03333333,0.07614213198,0.04509018036,46029,47250,42461,0,NA,46312,59.03333333,0,99.8,0.03105195162,8.933333333,40.7
,60e31e35-cef1-43aa-9879-fb3338505dae,608,RMHS,RMHS COKE ,J40AC2,A,680,1200,SAR70,5,"11/16/2024
23-09-2025
13-11-2025
21-05-2026
18-08-2026","3.8
3.7
3.7
3.7
3.5","3.7
3.5
3.4
3.4
3.4","3.8
3.8
3.7
3.7
3.6","72
72
76
77","71
73
78
78","73
73
76
77",3.5,3.4,3.6,3.4,46160,3.4,44696,4.Non-Critical,18,44.65,53.36666667,0.1007838746,0.03278688525,46035.5,48813.5,42461,0,NA,46340,35.36666667,0,137.25,0.06799698933,8.716666667,92.6
,14c3a01b-bb24-493b-9f6e-dd204d24fc5f,609,RMHS,RMHS COKE ,J40ARC1,A,30,1200,SAR70,5,"02-09-2024
16-11-2024
15-04-2025
13-11-2025","
4.6
4.1
2.4","0
4.5
4.2
0.3","
4.2
4.1
0","77
76","76
76","77
77",2.4,0.3,0,0,45974,0,46202,4.Non-Critical,3,20.24,3.166666667,0.2223320158,0.2223320158,46809.2,46809.2,42461,0,46505.6,NA,0.1666666667,0,20.24,0,-17.07333333,-9.59E-14
,7edaacca-6e7d-4e77-914e-91f44f92c98b,610,RMHS,RMHS COKE ,J75C1,B,70,800,SAR70,6,"03-12-2024
01-02-2025
24-09-2025
06-03-2026
01-09-2026","3.7
3.6
3.6
3.3
3.0","3.5
3.4
3.1
3
2.7","3.5
3.6
3.4
3.2
3.1","74
75
77
77
78","74
75
76
78
78","73
74
76
78
78",3,2.7,3.1,2.7,46266,2.7,44511,3.Marginal,9,50.72,59.53333333,0.1084384858,0.05641025641,46032.6,47436,42461,0,NA,46326,50.53333333,0,97.5,0.05202822939,8.813333333,46.78
,720a7e81-a717-45be-974f-a5e80a487010,611,RMHS,RMHS COKE ,J76C1,B,582,800,SAR70,8,"03-12-2024
01-03-2025
24-09-2025
06-03-2026
01-09-2026","6.4
6.3
6.2
5.4
5.0","5.9
5.7
5.6
5.1
4.8","6.5
6.3
6.2
5.6
5.1","77
78
78
79
80","76
76
77
78
80","79
79
79
80
81",5,4.8,5.1,4.8,46266,4.8,44197,4.Non-Critical,36,61.04,70,0.122870249,0.04639922668,46028.2,49046.21875,42461,0,NA,46446,34,"There's a 25 mtr piece in belt of 5mm thickness. Current thickness of that section is 3.6,3.1,3.4",161.640625,0.07647102234,8.96,100.600625
,a1f7fc64-9231-46c0-ba90-a897555dfc27,612,RMHS,RMHS COKE ,J77C1,B,105,800,SAR70,5,"03-12-2024
01-02-2025
24-09-2025
06-03-2026
01-09-2026","3.6
3.6
3.5
3.4
2.9","3.8
3.7
3.5
3.3
2.8","3.8
3.6
3.5
3.4
2.8","70
70
72
73
74","72
71
72
73
74","71
71
71
74
75",2.9,2.8,2.8,2.8,46266,2.8,44869,3.Marginal,9,28.76,47.6,0.1564673157,0.04724409449,45731.8,47726.5,42461,0,NA,46326,38.6,0,95.25,0.1092232212,18.84,66.49
,f9cfa878-3b29-4e6a-9afd-2d247980666d,613,RMHS,RMHS COKE ,RMHS-CBBC1,A,400,1600,FR,8,"02-02-2025
08-04-2025
23-09-2025
06-03-2026
05-07-2026","4.3
4.1
3.6
3.5
3.4","4.2
4.1
3.6
3.5
3.3","4.4
4.3
3.6
3.5
3.5","73
72
75
77
77","74
70
75
77
77","74
72
76
76
77",3.4,3.3,3.5,3.3,46208,3.3,45044,4.Non-Critical,18,41.95,41.76666667,0.178784267,0.1211340206,46302.5,46901.44681,42461,0,NA,46388,23.76666667,0,61.91489362,0.05765024637,-0.1833333333,19.96489362
,e7390973-52d1-489c-ac2f-fa2202e79d90,614,RMHS,RMHS COKE ,RMHS-CBBRSC1,A,50,1600,FR,8,"5/3/2025
23-09-2025
24-01-2026
18-04-2026","3.8
3.8
3.3
2.4","3.4
2.9
2.1
2.0","3.8
3.7
2.2
2.1","70
75
75
77","68
74
75
78","70
75
75
78",2.4,2,2.1,2,46130,2,45576,3.Marginal,6,15.23,24.03333333,0.4924491136,0.3249097473,46032.9,46268.5,42461,0,NA,46190,18.03333333,0,23.08333333,0.1675393663,8.803333333,7.853333333
,34b70357-0fe0-44a7-9849-26b1cf644e02,615,RMHS,RMHS COKE ,CJ5C1,A,1700,1600,STEELCORD,8,46128,7.2,7,7.3,89,89,90,7.2,7,7.3,7,46128,7,46205,4.Non-Critical,6,42.77,3.066666667,0.1753565583,0.1753565583,47488.1,47488.1,42462,0,46846.55,NA,-2.933333333,0,42.77,0,-39.70333333,0
,4102db3e-f3b5-4a83-83da-3744818cf2d0,616,RMHS,RMHS COKE ,CJ6C1,B,120,1600,FR,8,"5/3/2025
14-11-2025
16-12-2025","2.8
1.7
1.2","2.1
0.5
0.1","2.9
0
0",72,72,72,1.2,0.1,0,0,46007,0,46038,4.Non-Critical,9,3.64,8.633333333,2.06043956,2.06043956,46147.2,46147.2,42461,0,NA,NA,-0.3666666667,0,3.64,0,4.993333333,-9.73E-14
,53c987e8-b88b-4524-90ef-0ba3a5a65f7c,617,RMHS,RMHS COKE ,SCR5,B,90,1600,FR,8,"5/16/2025
13-01-2026
16-04-2026
20-07-2026","5.6
4.8
4.6
7.7","4.5
4.4
4.3
7.5","6.1
4.9
4.7
7.7","74
76
76","76
78
77","76
78
78",7.7,7.5,7.7,7.5,46223,7.5,46205,4.Non-Critical,9,9.89,3.066666667,0.7583417594,0.8333333333,46501.7,46475,42461,0,NA,46313,-5.933333333,0,9,-0.07499157398,-6.823333333,-0.89
,a5a09411-83c3-40d7-be2f-5e8e3c08851e,618,RMHS,RMHS COKE ,SCR6,B,95,1600,FR,8,"14-11-2025
22-08-2026","4.3
6.3","3.1
5.8","4.6
6.5",71,72,71,6.3,5.8,6.5,5.8,46256,5.8,45994,4.Non-Critical,9,13.67,10.1,0.5486466715,0.2519083969,46404.1,46887.18182,42461,0,NA,46346,1.1,0,29.77272727,0.2967382746,-3.57,16.10272727
,673a1a42-1e67-4e1c-a13d-3da916ddafed,619,RMHS,J5 ,J50C1,A,140,1400,SAR70,8,"21-06-2025
04-12-2025
15-03-2026
20-08-2026
29-09-2026","7.8
3.0
2.6
6.4
6.2","7.9
4.9
2.5
7.7
7.5","7.9
2.2
0
6.2
6.1","65
68
72
71
73","66
68
70
72
74","65
69
85
71
75",6.2,7.5,6.1,6.1,46294,6.1,46136,4.Non-Critical,9,7.57,5.366666667,0.9907529723,0.3607594937,46363.1,46759.68421,42461,0,NA,46384,-3.633333333,0,20.78947368,0.6299934786,-2.203333333,13.21947368
,4b346457-5838-48e2-9ee7-4a09e7ec1d02,620,RMHS, J5,J50C2,A,260,1400,SAR70,8,"6/21/2025
9/11/2025
04-12-2025
15-03-2026
29-06-2026","7.7
6.24
5.8
4.6
3.9","7.9
6
5.9
3.2
2.8","7.9
6.2
4.5
2.5
2.5","72
73
74","71
74
75","72
73
74",3.9,2.8,2.5,2.5,46202,2.5,46223,4.Non-Critical,18,12.32,2.466666667,0.6087662338,0.6087662338,46592.6,46592.6,42461,0,46407.8,NA,-15.53333333,0,12.32,0,-9.853333333,-4.80E-14
,b16d159a-e7a8-45e9-9d3d-2b8d83d1992b,621,RMHS,J5,J6C2,A,240,1200,SAR70,8,"7/7/2025
10/21/2025
28-01-2026
24-04-2026
11-05-2026","7
6.4
4.3
4
3.2","7.3
6.2
4.4
1.7
1.2","7.1
6.6
4.5
1
0.4","65
75","65
75","64
76",3.2,1.2,0.4,0.4,46153,0.4,46223,4.Non-Critical,18,9.96,2.466666667,0.7530120482,0.7530120482,46521.8,46521.8,42461,0,46372.4,NA,-15.53333333,0,9.96,0,-7.493333333,9.59E-14
,32269353-b504-4285-a09c-348710d2c76b,622,RMHS,J5,J5C1,A,1750,1400,SAR70,5,"30-07-2025
29-08-2025
02-02-2026
18-05-2026
13-08-2026
08-09-2026","4.3
4.3
2.5
2.4
1.6
1.5","4.3
4.0 
2.5
2.0
1.3
1.0","4.6
4.5
2.6
2.5
2.1
1.9","71
76
82
82
82","72
75
83
83
83","72
75
82
82
83",1.5,1,1.9,1,46273,1,45835,2.Semi-Critical,18,21.42,15.4,0.2100840336,0.2739726027,46477.6,46327.75,42461,0,NA,46303,-2.6,0,16.425,-0.06388856913,-6.02,-4.995
,9ed4d2e7-a5ed-4d72-898d-21b8117a4747,623,RMHS,J5,J5AC1,A,125,1600,SAR70,6,"11/21/2024
06-06-2026
08-09-2026","0
4.3
2.3","0
5.1
1.2","0
5.4
2.5","77
78","68
79","73
78",2.3,1.2,2.5,1.2,46273,1.2,46082,2.Semi-Critical,9,24.33,7.166666667,0.2260583642,0.7539267016,46811.9,46300.85417,42461,0,NA,46303,-1.833333333,0,7.295138889,-0.5278683374,-17.16333333,-17.03486111
,8b20d446-8f9f-44b7-b576-c0e17042f06e,624,RMHS,J5,J5BC1,B,60,1400,SAR70,5,"21-11-2024
20-02-2025
22-05-2025
7/25/2025
06-06-2026
25-08-2026","2.0
1.9
0
0
3.1
2.4","1.6
1.2
1.2
0
2.0
1.2","1.6
1.5
0
0
3.2
0","74
74
86
75
76","75
77
88
74
75","74
78
88
75
76",2.4,1.2,0,0,46259,0,46044,1.Critical,9,32.47,8.433333333,0.1385894672,0.6976744186,47018.1,46237.5,42461,0,NA,Critical,-0.5666666667,0,6.45,-0.5590849514,-24.03666667,-26.02
,2aed5094-dffd-4cbf-bfdb-7e49c0b53758,625,RMHS,J5,J5C3,B,215,1400,SAR70,5,"21-11-2024
22-05-2025
7/25/2025
06-06-2026
08-09-2026","0

0
4.8
2.9","2.4
2.1
0
4.7
3.4","2.1

0
4.7
3.0","81
85
69
80","83
85
68
79","85
85
67
79",2.9,3.4,3,2.9,46273,2.9,46149,3.Marginal,18,61.04,4.933333333,0.07372214941,0.5080645161,47980.2,46414.71429,42461,0,NA,46333,-13.06666667,0,8.857142857,-0.4343423667,-56.10666667,-52.18285714
,b35fee1d-69f2-4f50-bb29-41b6c5f42a68,626,RMHS,J5,OPBC1,A,370,1200,SAR70,5,"23-05-2024
20-02-2025
07-05-2025
06-06-2025
30-07-2025
22-09-2025
15-11-2025
05-01-2026
05-02-2026
09-03-2026
15-06-2026
13-08-2026
08-09-2026","2.3
1.6
3.8
3.6
2.4
2.0
1.3
1
0.2
0
4.4
3.3
3.1","2.2
0
3.9
3.5
3.0
2.7
2.2
1.8
1.0
0.6
4.5
3.5
3.2","3.1
1.2
3.9
2.9
2.2
1.9
1.5
1.4
1.3
1.3
4.1
3.1
3.0","69
80

64
66
67
73
78
78
78","68
81

63
65
67
72
77
79
79","69
81

64
64
65
70
75
78
78",3.1,3.2,3,3,46273,3,46118,3.Marginal,18,21.17,5.966666667,0.2125649504,0.3870967742,46753.1,46466.75,42461,0,NA,46363,-12.03333333,0,11.625,-0.1745318238,-15.20333333,-9.545
,3e151cf7-064f-42dc-a4c0-6e89261e7f78,627,RMHS,J5,CPBC1,A,480,1400,SAR70,5,"10-05-2024
23-04-2025
07-10-2025
07-11-2025
05-06-2026","2.8
4.0
2.6
2.1
2.0","3.4
3.8
1.2
0.9
0.4","2.8
3.8
1.0
0.8
0.5","74
75
76
76","76
76
77
80","77
77
78
78",2,0.4,0.5,0.4,46179,0.4,46261,4.Non-Critical,18,24.15,1.2,0.1863354037,0.1863354037,46985.5,46985.5,42461,0,46623.25,NA,-16.8,0,24.15,0,-22.95,0
,6519f2da-27af-400f-9401-f567c3151d92,628,RMHS,J5,RMHS-RSC1,A,65,1600,SAR70,8,"21-11-2024
13-12-2024
07-10-2025
17-02-2026
27-03-2026","4.7
4.6
0
0
0","4.4
4.3
2.1
1.8
0","4.8
5
3.2
2.3
2","70
72
78","71
72
77","70
71
79",0,0,2,0,46108,0,46162,4.Non-Critical,9,7.85,4.5,0.9554140127,0.9554140127,46397.5,46397.5,42461,0,46279.75,NA,-4.5,0,7.85,0,-3.35,0
,42a6c1ff-843a-48b6-8b2e-3f0daf2c83e8,629,RMHS,J5,RSC4,A,40,1400,SAR70,5,"10/13/2025
05-01-2026
09-03-2026
13-08-2026","3.9
0
0
0","2.5
2.2
1.6
0.3","3.4
3
2.7
1.8","64

79
82","65

74
76","65

74
75",0,0.3,1.8,0,46247,0,46261,4.Non-Critical,6,7.05,1.2,0.6382978723,0.6382978723,46472.5,46472.5,42461,0,46366.75,NA,-4.8,0,7.05,0,-5.85,0
,ec5c7d98-7745-4748-92e8-e8afade1acf5,630,RMHS,J5,J5C2,B,180,1400,SAR70,8,"21-11-2024
04-03-2025
04-10-2025
22-05-2026","7.4
7.3
7.3
6.9","7.4
7.3
7.3
6.5","7.5
7.4
7.3
6.7","85
84
85
85","84
85
85
85","85
85
85
85",6.9,6.5,6.7,6.5,46164,6.5,44197,4.Non-Critical,18,61.04,70,0.122870249,0.02287747839,46028.2,54032,42461,0,NA,46344,52,0,327.8333333,0.09999277062,8.96,266.7933333
,520224b0-70c0-4237-99f2-78e53246e639,631,RMHS,J5,J6C1,B,75,1400,SAR70,5,"05-01-2026
10-06-2026
13-08-2026","3
0
3.0","3.6
0.3
4.2","3.5
1.8
4.1","69
77","70
76","70
77",3,4.2,4.1,3,46247,3,46191,3.Marginal,9,4.02,3.533333333,1.119402985,1.071428571,46311.6,46317,42461,0,NA,NA,-5.466666667,0,4.2,0.04797441365,-0.4866666667,0.18
,14a60c3e-7531-40f1-a156-454c3437d8ea,632,RMHS,J5,J5DC1,A,27,1200,SAR70,6,45708,5.9,5.8,5.9,81,81,79,5.9,5.8,5.9,5.8,45708,5.8,45601,4.Non-Critical,3,14.91,23.2,0.3688799463,0.05607476636,46048.3,48543.5,42461,Not running,NA,45888,20.2,0,98.08333333,0.31280518,8.29,83.17333333
,38d80a22-4bc3-4d38-9b16-951b73f8592f,633,RMHS,J5,REC1,B,90,1400,SAR70,5,"1/11/2025
29-07-2025
11-07-2026
08-09-2026","2.5
2.0
2.8
2.7","1.8
0
2.8
2.6","2.7
1.7
2.9
1.8","73
76
76
77","74
89
79
79","78
79
77
78",2.7,2.6,1.8,1.8,46273,1.8,45996,3.Marginal,9,13.26,10.03333333,0.3393665158,0.3465703971,46393.8,46385.53125,42461,0,NA,46303,1.033333333,0,12.984375,-0.007203881275,-3.226666667,-0.275625
,a17e5e1d-6560-42a1-9b13-253bd5abeecd,634,RMHS,J5,REC2,B,90,1600,SAR70,5,"11-01-2025
23-04-2025","4.4
4.0","4.3
0","4.3
2.5","71
71","70
70","70
70",4,0,2.5,0,45770,0,46107,4.Non-Critical,9,5.35,6.333333333,0.8411214953,0.8411214953,46267.5,46267.5,42461,0,NA,NA,-2.666666667,0,5.35,0,0.9833333333,0
,af85165c-2abe-41e4-91cb-d54a2bce2bff,635,RMHS,J5,SCR1,B,90,1600,SAR70,8,"09-10-2025
25-05-2026","2.3
1","2.5
0","3.9
0",70,69,69,1,0,0,0,46167,0,46194,4.Non-Critical,9,5.13,3.433333333,1.461988304,1.461988304,46347.9,46347.9,42461,0,NA,NA,-5.566666667,0,5.13,0,-1.696666667,4.88E-14
,0ceb9c83-a272-47a4-a441-5ec167195d0c,636,RMHS,J5,SCR2,B,90,1600,SAR70,6,"09-10-2025
15-11-2025",0,"3.3
0",0.12,65,63,64,0,0,0.12,0,45976,0,46224,4.Non-Critical,9,4.18,2.433333333,1.315789474,1.315789474,46349.4,46349.4,42461,0,NA,NA,-6.566666667,0,4.18,0,-1.746666667,4.88E-14
,0361b29d-a11b-4b8b-a28b-3e31cd0d93db,637,RMHS,J5,SCR7,B,90,1600,FR,8,"1/11/2025
18-09-2025","1.5
0","3.2
0","3.2
0",75,74,76,0,0,0,0,45918,0,46150,4.Non-Critical,9,9.21,4.9,0.8143322476,0.8143322476,46426.3,46426.3,42461,0,46288.15,NA,-4.1,0,9.21,0,-4.31,9.59E-14
,ceb25f41-7e63-4b40-9ce4-5949d8fe653f,638,RMHS,RMHS (Wagon tippler),J3C2,B,560,1400,SAR70,5,"15-10-2024
19-03-2025
06/19/2025
7/8/2025
05-08-2025","3.6
1.4
1.2
1.1
0","3.5
1.8
1.5
1.4
0","3.7
1.7
1.3
1.1
0","72
73
74","70
71
73","73
73
73",0,0,0,0,45874,0,45999,4.Non-Critical,18,38.37,9.933333333,0.1172791243,0.1172791243,47150.1,47150.1,42461,0,46574.55,NA,-8.066666667,0,38.37,0,-28.43666667,0
,bc7d495f-64f7-44e0-8f67-7e6678a544fe,639,RMHS,RMHS (Wagon tippler),J2C1,B,280,1200,SAR70,5,"4/26/2025
06/19/2025
8/19/2025
10/20/2025
10-11-2025
12-01-2026
10-02-2026
24-03-2026
16-04-2026","2.6
2.5
2.2
2.1
2.0
1.5
1.1
0.8
0.1","2.4
2.2
2
2.0
2.0
1.5
1.5
1.4
1.3","2.8
2.7
2.7
2.6
2.6
1.7
0.7
0.5
0.3","76
80
79
78
81","78
79
81
80
80","80
80
80
81
81",0.1,1.3,0.3,0.1,46128,0.1,44992,1.Critical,18,38.91,43.5,0.1156515035,0.1294014085,46159.3,46035.26531,42461,0,NA,Critical,25.5,0,34.7755102,-0.01374990498,4.59,-4.134489796
,b49e4e19-5776-48fe-9c10-3f956b812702,640,RMHS,RMHS (Wagon tippler),J2C2,B,300,1200,SAR70,5,"12-02-2025
20-05-2025
10-11-2025
14-05-2026","4.6
4.6
4.5
4.2","4.6
4.5
4.4
4.0","4.7
4.5
4.3
4.1","72
75
75
78","72
75
75
78","73
75
75
78",4.2,4,4.1,4,46156,4,45219,4.Non-Critical,18,28.99,35.93333333,0.15522594,0.03201707577,46088.7,49435.5,42461,0,NA,46336,17.93333333,0,140.55,0.1232088642,6.943333333,111.56
,0374267e-1a8f-4cb5-85e7-675e88759391,641,RMHS,RMHS (Wagon tippler),J3BC1,B,270,1200,SAR70,5,"09-01-2025
12-02-2025
16-05-2025
10-09-2026","2.3
2.1
0
2.9","3.5
2.7
0
2.8","0
0
0
2.9",73,75,74,2.9,2.8,2.9,2.8,46275,2.8,45814,3.Marginal,18,31.88,16.1,0.1411543287,0.1431670282,46770.4,46756.95455,42461,0,NA,46335,-1.9,0,31.43181818,-0.002012699467,-15.78,-0.4481818182
,18092c1d-f939-4bb4-873f-38e7ce78d872,642,RMHS,RMHS (Wagon tippler),J3AC1,B,205,1400,SAR70,8,"2/12/2025
06/19/2025
10/16/2025","2.4
2.3
0","2.7
2.5
2","0
0
0","73
76","73
75","75
77",0,2,0,0,45946,0,45979,4.Non-Critical,18,37.61,10.6,0.1994150492,0.1994150492,47107.3,47107.3,42461,0,46543.15,NA,-7.4,0,37.61,0,-27.01,9.95E-14
,29b35e74-f14c-4699-a00e-4d083a44f4b3,643,RMHS,RMHS (Wagon tippler),J3C3,B,140,1600,SAR70,8,"06-01-2025
02-06-2025
18-11-2025
23-05-2026
16-07-2026","5.5
5.34
5.2
5.1
3.2","4.5
4.4
4.3
4.2
4.0","5.9
5.8
5.7
5.6
3.6","85
85
84
88
88","82
83
85
87
88","85
85
83
88
89",3.2,4,3.6,3.2,46219,3.2,45222,4.Non-Critical,24,40.37,35.83333333,0.1857815209,0.1444332999,46433.1,46779.8125,42461,0,NA,46399,11.83333333,0,51.92708333,0.04134822103,-4.536666667,11.55708333
,d23118f3-47aa-4b67-b6bd-2fae3bfc470a,644,RMHS,RMHS (Wagon tippler),CJ2RC1,B,13,1600,SAR70,8,"11/11/2024
01-07-2025","4.1
3.5","3.5
3.2","3.8
3.9","69
67","70
65","72
67",3.5,3.2,3.9,3.2,45839,3.2,46148,4.Non-Critical,1,3.54,4.966666667,2.118644068,2.118644068,46254.2,46254.2,42461,0,NA,NA,3.966666667,0,3.54,0,1.426666667,-9.73E-14
,0cd639f4-cf96-4ca5-9445-f9d1152a49af,645,RMHS,RMHS (Wagon tippler),CJ3RC1,B,13,1600,SAR70,8,"11/11/2024
01-07-2025
25-02-2026","3.8
2.8","4.3
4.2
0","4
4.0","72
72","71
73","69
71",2.8,0,4,0,46078,0,46086,4.Non-Critical,1,3.98,7.033333333,1.884422111,1.884422111,46205.4,46205.4,42461,0,NA,NA,6.033333333,0,3.98,0,3.053333333,4.84E-14
,eb0dcb15-62e4-48ca-817e-aa58add8c71f,646,RMHS,RMHS (Wagon tippler),CJ4C1,B,155,1600,SAR70,8,"11-11-2024
06-01-2025
13-03-2025
29-05-2025
10-11-2025
14-05-2026","5.2
3.4
3.2
2.5
7.5
7.5","3.4
1.5
1.2
0
7.7
7.6","5.5
3.1
2.8
2.3
7.5
7.5","71
73
74
75
74
77","73
74
74
81
71
77","72
73
75
76
74
78",7.5,7.6,7.5,7.5,46156,7.5,45840,4.Non-Critical,18,29.73,15.23333333,0.2522704339,0.04746835443,46731.9,50580,42461,0,NA,46336,-2.766666667,44823,158,0.2048020795,-14.49666667,128.27
,a3812498-866c-473e-b73c-5d4cce559839,647,RMHS,RMHS (Wagon tippler),CJ4C2,B,130,1600,SAR70,8,"4/22/2025
8/18/2025
14-10-2025
10-11-2025
20-05-2026
29-09-2026","6.7
6.4
5.7
5.6
4.9
4","6.7
6.5
6.3
6.2
6.1
3.8","7.5
7.4
7.3
7.2
7.1
3.7","73
75
79","74
74
78","74
75
79",4,3.8,3.7,3.7,46294,3.7,45237,4.Non-Critical,18,19.89,35.33333333,0.3770739065,0.1220435194,45833.7,47080.60465,42462,0,NA,46474,17.33333333,0,61.45348837,0.2550303871,15.44333333,41.56348837
,0fafae2f-b538-4896-9cb2-5a31268d2040,648,RMHS,RMHS (Wagon tippler),J21C3,B,125,1600,SAR70,8,"11-11-2024
17-03-2025
06/19/2025
14-10-2025
09-04-2026
29-09-2026","6.1
5.9
5.8
5.8
5.6
4.6","5.3
5
4.5
4.3
3.5
2.4","6.6
6.4
6.4
6.3
6.0
4.5","70
71
73
73
75","70
72
73
74
75","71
73
75
75
76",4.6,2.4,4.5,2.4,46294,2.4,45372,3.Marginal,9,13.83,30.83333333,0.5422993492,0.1822125813,45786.9,46606.82143,42461,0,NA,46354,21.83333333,0,41.16071429,0.3600867679,17.00333333,27.33071429
,26edf0d7-2744-4871-8cba-986eed71f9d2,649,RMHS,RMHS (Wagon tippler),J21AC3,B,125,1600,SAR70,8,"12/30/2024
06/19/2025
10-11-2025
15-01-2026
16-07-2026","5.6
4.6
3.4
3.2
3.0","4.0
3.7
3.6
3.6
3.2","3.9
3.8
3.8
3.7
3.1","74
76
76
76
77","73
74
75
75
78","74
74
75
75
78",3,3.2,3.1,3,46219,3,45250,3.Marginal,9,24.43,34.9,0.3069995907,0.1547987616,45982.9,46703.5,42461,0,NA,46399,25.9,0,48.45,0.1522008291,10.47,24.02
,90626b83-137e-4388-a8d8-4b2d2d51207b,650,RMHS,RMHS (Wagon tippler),CJ3C2,A,160,1600,FR,8,"11-11-2024
13-02-2025
13-05-2025
8/18/2025
27-10-2025","5.3
5
4.9
4.7
3.7","5.4
3.1
3.0
2.2
2","5.5
5.2
4.5
4.2
2.5","65

66
72","65

65
69","66

67
71",3.7,2,2.5,2,45957,2,45975,4.Non-Critical,18,31.41,10.73333333,0.2387774594,0.2387774594,46917.3,46917.3,42461,0,46446.15,NA,-7.266666667,0,31.41,0,-20.67666667,9.59E-14
,661ec6a2-c1db-41c8-85b5-d2f74f3c446a,651,RMPP,RMHS (IRON),BC1(IRON),A,290,800,SAR70,5,"21-09-2024
20-02-2025
16-04-2025
24-05-2025
06-06-2025
7/25/2025
21-11-2025
02-02-2026
09-05-2026","2.4
1.2
0
0
0
0
2.9
1.1
0.2","4.1
1.9
1
0.9
0.9
0
4.2
3.4
2.7","3.1
1.1
0.5
0
0
0
3.4
1.6
0.5","64
71
81

85

73
80","64
69
77

78

72
81","64
75
80

86

73
80",0.2,2.7,0.5,0.2,46151,0.2,45868,1.Critical,18,8.01,14.3,0.5617977528,0.5088339223,46108.3,46133.3125,42461,0,NA,Critical,-3.7,0,8.84375,0.05296383055,6.29,0.83375
,cf8641ec-a99e-42d2-8d34-4e605d3c5fc0,652,RMPP,RMHS (IRON),BC2(IRON),A,310,800,SAR70,5,"13-09-2024
21-03-2025
16-04-2025
7/25/2025
06-10-2025
05-01-2026
06-04-2026
23-05-2026","3.9
1.9
1.1
4.2
3.3
1.7
1.6
0.3","3.9
0.8
0
4.5
4.0
3.3
3.1
2.5","3.7
1.9
0
4.3
3.0
2.5
2.5
1.0","64
76

68
68
79","63
81

66
68
79","65
79

68
69
79",0.3,2.5,1,0.3,46165,0.3,45815,1.Critical,18,13.39,16.06666667,0.3360716953,0.4028571429,46216.7,46150.10638,42461,0,NA,Critical,-1.933333333,0,11.17021277,-0.06678544756,2.676666667,-2.219787234
,eef43172-0cbc-4625-8f6a-07e6cc1f3e65,653,RMPP,RMHS (IRON),BC3(IRON),A,350,650,SAR70,5,"13-09-2024
07-02-2025
16-04-2025
7/25/2025
06-10-2025
06-04-2026
09-05-2026","0
4.7
2.3
4.6
3.7
1.4
1.2","1
2.4
0
4.5
4.4
1
0.5","0
5.1
3
4.5
3.0
0
0","75
76
76
83","75
77
77
83","74
77
77
84",1.2,0.5,0,0,46151,0,46189,4.Non-Critical,18,16.68,3.6,0.2697841727,0.2697841727,46689.4,46689.4,42461,0,46439.2,NA,-14.4,0,16.68,0,-13.08,4.97E-14
,3e668711-99e9-44dd-9da1-1194652078b4,654,RMPP,RMHS (IRON),RBC1,A,31,800,SAR70,5,"7/18/2025
19-8-2025
21-11-2025","2.1
1.3
3.1","2.2
0
3.3","2.4
1.5
3.2",85,76,75,3.1,3.3,3.2,3.1,45982,3.1,46275,4.Non-Critical,6,4.88,0.7333333333,0.9221311475,0.9221311475,46421.4,46421.4,42461,0,NA,NA,-5.266666667,0,4.88,0,-4.146666667,4.88E-14
,e801c08a-f7d9-4601-bd40-8f83df52380d,655,RMPP,RMHS (IRON),BC4(IRON),B,52,500,SAR70,5,"10/6/2025
21-11-2025
02-02-2026
09-05-2026","4.8
2.6
1.4
0.8","4.7
3.4
2.4
1.0","4.1
2.6
1.6
0.3","75

80
83","74

80
83","75

80
84",0.8,1,0.3,0.3,46151,0.3,46218,4.Non-Critical,9,9.28,2.633333333,0.4849137931,0.4849137931,46496.4,46496.4,42461,0,46357.2,NA,-6.366666667,0,9.28,0,-6.646666667,4.97E-14
,3bc03cba-9b82-471b-8c70-ea92f754fb1f,656,RMPP,RMHS (IRON),BC5(IRON),B,23,500,SAR70,5,"7/18/2025
10/27/2025
06-12-2025",3.2,"2.5
0
0",3.1,63,62,65,3.2,0,3.1,0,45997,0,46189,4.Non-Critical,3,1.85,3.6,2.432432432,2.432432432,46244.5,46244.5,42461,0,NA,NA,0.6,0,1.85,0,1.75,0
,a47b9adb-c3dc-474b-b0a3-720fb55e47a9,657,RMPP,RMHS (IRON),BC7(IRON),B,79,800,SAR70,5,"20-02-2025
24-05-2025
7/25/2025
8/19/2025
21-11-2025
02-03-2026
09-05-2026
03-06-2026
06-07-2026
02-09-2026","1.3
2.4
2.1
2
0
4.5
3.0
2.9
2.8
2.02","2.5
2.4
2.1
1.9
1.2
3.6
2.7
2.6
2.5
1.4","2.2
2.7
2.5
2.3
0.3
3.0
3.0
2.9
2.9
1.5","72
65
71
68
74
74
75
75","69
66
69
68
74
75
75
75","72
67
69
69
75
75
76
76",2.02,1.4,1.5,1.4,46267,1.4,45992,2.Semi-Critical,9,6.63,10.16666667,0.6787330317,0.3927272727,46190.9,46335.75,42461,0,NA,46297,1.166666667,0,11.45833333,0.2860057589,3.536666667,4.828333333
,55127351-b971-4950-b3e4-ad9db512aad6,658,RMPP,RMHS (IRON),BC6(IRON),B,18,800,SAR70,5,"11-11-2024
20-02-2025
24-05-2025
8/19/2025
06-12-2025
23-08-2026","4.7
4.6
3.8
2.7
4.5
0","4
3.0
2.7
2.1
4.2
0","5
4.4
3.4
3
4.6
0","67
70
72
74","66
69
73
73","66
70
74
73",0,0,0,0,46257,0,46275,4.Non-Critical,3,4.6,0.7333333333,0.9782608696,0.9782608696,46413,46413,42461,0,NA,NA,-2.266666667,0,4.6,0,-3.866666667,0
,9f56eabb-5261-4dc0-adcf-978cbe731a5c,659,RMPP,RMHS (IRON),BC12(IRON),A,65,800,SAR70,5,"7/25/2025
8/19/2025
01-11-2025
09-03-2026","3.9
3.3
3.0
3.0","4
3.7
2.0
3.1","3.2
2.9
2.1
3.3","69
70
65","67
67
65","68
68
65",3,3.1,3.3,3,46090,3,46275,4.Non-Critical,9,4.55,0.7333333333,0.989010989,0.989010989,46411.5,46411.5,42461,0,NA,NA,-8.266666667,0,4.55,0,-3.816666667,0
,12b96db0-2ffb-47c4-9ff7-8f402b793de7,660,RMPP,RMHS (IRON),BC13(IRON),A,275,800,SAR70,8,"24-05-2025
29-08-2025
01-11-2025
21-11-2025
06-12-2025
05-01-2026
02-03-2026
06-04-2026
09-05-2026","4.2
4.1
0
0
0
0
0
0
0","4.1
4.0
3.7
2.7
2.5
2.4
2.3
2.2
1.9","4.0
3.9
3.6
3.6
2.5
2.3
1.3
1.2
1.1","70
72
74
74
75
82","70
71
71
71
73
82","70
71
71
71
72
81",0,1.9,1.1,0,46151,0,45409,1.Critical,18,12.16,29.6,0.6167763158,0.3234501348,45773.8,46104.625,42461,0,NA,Critical,11.6,0,23.1875,0.293326181,17.44,11.0275
,fa92e455-04ab-4602-84eb-6b6db0b9c1a7,661,RMPP,RMHS (IRON),BC8(IRON),B,27,700,SAR70,6,"09-11-2024
20-02-2025
02-05-2025
24-05-2025
8/19/2025
21-11-2025
09-05-2026","2



0
1.4
0","0.5
0
0
0
2
3.9
0","0



0
0.5
0",79,77,79,0,0,0,0,46151,0,46157,4.Non-Critical,3,3.03,4.666666667,1.815181518,1.815181518,46247.9,46247.9,0,0,NA,NA,1.666666667,0,3.03,0,1.636666667,4.88E-14
,5ff56f38-cb52-48e8-8a5a-66bc97812f6b,662,RMPP,RMHS (IRON),BC9(IRON),A,42,650,SAR70,5,"11-01-2025
09-05-2026
22-08-2026","3.8
1.7
0","4.7
4.5
0","4.7
2.0
0","68
72","65
72","68
73",0,0,0,0,46256,0,46275,4.Non-Critical,6,3.66,0.7333333333,1.229508197,1.229508197,46384.8,46384.8,42461,0,NA,NA,-5.266666667,0,3.66,0,-2.926666667,9.68E-14
,7c01fbb1-a71e-4756-a4b3-6cafe64105e4,663,RMPP,RMHS (IRON),BC10(IRON),A,265,650,SAR70,5,"13-09-2024
25-10-2024
27-11-2024
21-03-2025
24-05-2025
8/19/2025
06-10-2025
01-11-2025
21-11-2025
06-12-2025
02-02-2026
02-03-2026
02-09-2026","3
2.7
0
4.1
3.7
3
2.8
2.3
2.1
1.9
1.8
1.4
4.64","1.3
PLY  
0
4.2
3.9
2.9
2.9
2.6
2.5
2.5
1.9
1.8
4.20","3
3
0
4.3
3.9
3.1
0
0
0
0
0
0
4.04","67
76
70
71

73
73
76
80
81
75","73
74
71
73

72
72
77
77
79
72","66
76
71
72

73
73
75
78
79
70",4.64,4.2,4.04,4.04,46267,4.04,46090,4.Non-Critical,18,12.63,6.9,0.3562945368,0.1627118644,46468.9,46919.6875,42461,0,NA,46447,-11.1,0,27.65625,0.1935826724,-5.73,15.02625
,f97268db-4fcb-47e7-bed2-d7e6f0ced782,664,RMPP,RMHS (IRON),BC14(IRON),A,24,800,SAR70,6,"21-09-2024
24-05-2025
19-08-2025
21-11-2025
09-05-2026
23-08-2026","5.9
2.8

2.9
4.6
0","4.8
0
0
3.4
0.9
0","3.1
1.9

0
0
0","70
71

84","71
80

84","70
72

81",0,0,0,0,46257,0,46267,4.Non-Critical,3,7.8,1,0.7051282051,0.7051282051,46501,46501,42461,0,46384,NA,-2,0,7.8,0,-6.8,0
,fef49e14-3897-406b-b054-9d3c72fb2333,665,RMPP,RMHS (IRON),BC15(IRON),A,120,800,SAR70,8,"19-08-2025
01-11-2025
15-01-2026
02-02-2026
02-09-2026","4.9
4.4
3.5
2.2
5.03","5.3
3.5
0.7
0
3.73","5
2.5
0.4
0
4.54","70
71
74
75
70","69
70
73
80
67","70
72
73
84
68",5.03,3.73,4.54,3.73,46267,3.73,46090,4.Non-Critical,9,12.58,6.9,0.5961844197,0.7237288136,46467.4,46400.88993,42461,0,NA,46357,-2.1,0,10.36299766,-0.1275443938,-5.68,-2.217002342
,b3947168-7eb3-4be1-866f-e0c4cda09a5f,666,RMPP,RMHS (IRON),BC16(IRON),A,131,800,SAR70,8,"21-09-2024
11-11-2024
21-03-2025
06-06-2025
18-07-2025
8/19/2025
22-09-2025
06-10-2025
01-11-2025
08-12-2025
05-01-2026
02-02-2026
02-03-2026
06-04-2026
02-09-2026","
4.1
3.5
3.1
2.7
2.5
2.4
2.0
1.7
1.7
1.4
1.4
1.3
1.1
6.25","2.1
0
3.3
2.8
2.1
1.7
1.7
1.7
1.6
1.6
1.3
0.7
0.5
0.4
5.97","
2.2
4
3.4
3.2
2.5
2.5
2.1
1.9
1.9
1.7
1.6
1.6
1.5
6.01","
72
64
70
70
72
72
74
73
73
75
78
72","
71
65
70
70
71
72
72
72
76
77
78
71","
72
65
72
72
72
72
73
73
73
76
77
70",6.25,5.97,6.01,5.97,46267,5.97,46157,4.Non-Critical,9,9.12,4.666666667,0.8223684211,0.5536363636,46430.6,46563.40394,42461,0,NA,46357,-4.333333333,0,13.54679803,0.2687320574,-4.453333333,4.42679803
,96164902-65ec-4e13-a7ab-0c6694cb7b09,667,RMPP,RMHS (IRON),RBC2,A,35,1000,SAR70,5,"21-09-2024
21-03-2025
23-05-2025
27-10-2025
02-03-2026
06-04-2026
18-05-2026
02-09-2026","2.3
2.6
2
0
2.6
2.2
2.1
1.73","1.2
0.8
0
0
1.8
1.7
1.3
1.3","3.1
1.3
0
0
2.0
1.9
1.7
1.12","68
69
75
67
72
76
65","70
66
85
66
71
75
66","68
66
75
68
70
75
65",1.73,1.3,1.12,1.12,46267,1.12,46189,2.Semi-Critical,6,6.32,3.6,0.7120253165,1.492307692,46378.6,46279.46392,42461,0,NA,46297,-2.4,0,3.015463918,-0.7802823759,-2.72,-3.304536082
,1286772c-7e11-4781-99c8-e2c9e5d11174,668,RMPP,RMHS (IRON),BC11(IRON),C,18,800,Not Existing,5,0,0,0,0,0,0,0,0,0,0,0,0,0,45423,4.Non-Critical,3,20.76,29.13333333,0.2167630058,0.2167630058,46045.8,46045.8,42461,0,45734.4,NA,26.13333333,0,20.76,0,8.373333333,9.59E-14
,8b1c71ff-2331-4ed8-bdca-18d409d76c17,669,RMPP,RMHS (Daybin),J11C1,A,211,800,SAR70,5,"9/25/2025
10/31/2025
01-12-2025
24-03-2026
06-05-2026
01-06-2026
14-08-2026","2.8
2.7
2.5
2.4
2.3
2.2
2.13","3.1
3.1
3.0
2.8
2.7
2.2
2.07","2.9
2.9
2.8
2.7
2.6
2.5
2.24","69
70
71
75","69
68
72
74","68
68
71
74",2.13,2.07,2.24,2.07,46248,2.07,45792,3.Marginal,18,10.41,16.83333333,0.4322766571,0.1927631579,46104.3,46492.3413,42461,0,NA,46308,-1.166666667,0,23.3447099,0.2395134992,6.423333333,12.9347099
,90ba9291-6abc-45b4-884d-f6ae7205ccf5,670,RMPP,RMHS (Daybin),J12C2,A,438,800,SAR70,5,"22-10-2024
21-02-2025
05-04-2025
15-05-2025
10/31/2025
06-05-2026
14-08-2026","3.8
3.6
3.5
3.4
3.7
1.7
2.8","3.4
2.1
1.4
1.4
4.2
1.2
1.8","3.6
2.8
2.4
1.0
3.9
1.8
2.0","70
70
72
72

75
74","68
70
72
73

78
75","70
70
71
75

79
75",2.8,1.8,2,1.8,46248,1.8,45925,3.Marginal,18,22.11,12.4,0.2035278155,0.2972136223,46588.3,46379.21875,42461,0,NA,46278,-5.6,0,15.140625,-0.09368580682,-9.71,-6.969375
,a2fb8bbd-6de2-4b46-b4f2-54401015b0e3,671,RMPP,RMHS (Daybin),J13C2,B,238,800,SAR70,5,"02-08-2024
05-04-2025
15-05-2025
9/15/2025
06-03-2026","3
2.0
1.8
4.7
4.4","1.65
1.2
0
4.8
4.2","2.2
1.7
1
4.8
4.4","68
72
73

68","67
80
81

67","69
78
80

66",4.4,4.2,4.4,4.2,46087,4.2,45838,4.Non-Critical,18,25.3,15.3,0.1778656126,0.09638554217,46597,47238.625,42461,0,NA,46267,-2.7,0,46.6875,0.08148007048,-10,21.3875
,fddc7816-6a83-4bf6-8d22-dee56c480839,672,RMPP,RMHS (Daybin),J14C2,A,468,800,SAR70,5,"07-10-2025
01-12-2025","3
2.1","2.9
2.8","2.4
1.6","66
66","65
66","67
67",2.1,2.8,1.6,1.6,45992,1.6,46012,4.Non-Critical,18,23.32,9.5,0.1929674099,0.1929674099,46711.6,46711.6,42461,0,46361.8,NA,-8.5,0,23.32,0,-13.82,-4.97E-14
,32065b5e-d524-4036-b3ba-d9e6d7303ca9,673,RMPP,RMHS (Daybin),J15C2,A,232,800,SAR70,5,"02-08-2024
10-02-2025
15-05-2025
25-09-2025
07-10-2025
10/31/2025
06-05-2026
24-06-2026","0
3.9
2.7
2.0
0
4.4
3
2.5","0
3.6
2.6
2.5
1.5
4.5
1
0.9","3.5
3
3.0
2.9
2.7
4.3
0
0","67
67
74
75","66
68
75
75","65
68
75
75",2.5,0.9,0,0,46197,0,45948,1.Critical,18,13.24,11.63333333,0.3398791541,0.6024096386,46345.2,46172.1,42461,0,NA,Critical,-6.366666667,0,7.47,-0.2625304845,-1.606666667,-5.77
,0cb82349-817d-4dd1-9f99-98d72c69ada9,674,RMPP,RMHS (Daybin),J15AC2,A,230,800,SAR70,5,"02-08-2024
10-02-2025
15-05-2025
25-09-2025
31-10-2025
10-02-2026
21-03-2026
06-05-2026
24-06-2026","2.3
3.7
2.3
2.3
2.3
1.8
1.6
1.5
1","0
3.5
2.5
2.4
2.2
1.7
1.6
1.4
1.2","2.5
3.8
3
2.8
2.7
2.5
1.8
0.5
0.3","70
72
72
72
73","72
74
75
75
75","70
72
73
74
74",1,1.2,0.3,0.3,46197,0.3,45581,1.Critical,18,35.87,23.86666667,0.1254530248,0.2288961039,46657.1,46170.78723,42461,0,NA,Critical,5.866666667,0,19.65957447,-0.1034430791,-12.00333333,-16.21042553
,b3433aff-dad2-410c-9fd0-9882f3f10ae9,675,RMPP,RMHS (IRON),K2C1,B,343,800,SAR70,5,"14-01-2025
26-05-2025
18-11-2025","3.2
2.5
1.8","1.8
0.9
0","2.6
1.6
0.5","69
73
75","70
75
80","70
73
79",1.8,0,0.5,0,45979,0,46160,4.Non-Critical,36,39.82,4.566666667,0.1130085384,0.1130085384,47354.6,47354.6,42461,0,46757.3,NA,-31.43333333,0,39.82,0,-35.25333333,0
,b508ebd1-467e-4a1d-8705-71876b38c309,676,RMPP,RMHS (Daybin),K4C1,B,345,800,SAR70,5,"1/14/2025
9/15/2025
13-10-2025
10/30/2025
02-12-2025
06-02-2026","3.8
3.3
2.9
2.9
2.8
1.5","3.6
1.5
1.3
1
1.0
0.3","3.8
2
1.4
1.2
0.8
0.4","73
75
75
75
75","71
72
73
75
76","73
74
74
74
74",1.5,0.3,0.4,0.3,46059,0.3,46221,4.Non-Critical,36,33.23,2.533333333,0.1354198014,0.1354198014,47217.9,47217.9,42461,0,46719.45,NA,-33.46666667,0,33.23,0,-30.69666667,0
,b181ccc7-9141-4b03-b313-983b17b6be0a,677,RMPP,RMHS (IRON),K6C1,A,359,800,SAR70,5,"7/23/2025
07-10-2025
05-02-2026
20-04-2026","3.3
2.5
2.1
1.1","2.8
2.4
2.2
0.3","3.8
2.8
2.4
2.0","67
67
73
75","66
67
74
75","65
69
74
75",1.1,0.3,2,0.3,46132,0.3,45645,1.Critical,36,39.26,21.73333333,0.1146204789,0.2895277207,46822.8,46111.2766,42461,0,NA,Critical,-14.26666667,0,15.54255319,-0.1749072419,-17.52666667,-23.71744681
,3083bdf3-3237-457b-836f-a6db40c7b618,678,RMPP,RMHS (IRON),K8C1,B,350,800,SAR70,5,"1/14/2025
02-08-2025
10-02-2026
21-03-2026
29-04-2026
06-05-2026
19-06-2026
20-08-2026","1.1
4.7
1.2
1.2
1.1 
1.1
0.9
0","0
4.6
1.5
1.2
1.1
1
0.5
0","1.9
4.3
1.4
1.2
1.2
1.1
0.7
0","74
70
70
71
77","85
69
72
72
76","75
68
71
72
76",0,0,0,0,46254,0,45703,1.Critical,36,12.5,19.8,0.36,0.2722323049,46078,46198.9,42461,0,NA,Critical,-16.2,0,16.53,0.0877676951,7.3,4.03
,16f4fb79-aaac-4374-9187-3c57f5a23838,679,RMPP,RMHS (IRON),K10C1,A,352,800,SAR70,5,"02-08-2024
16-10-2024
19-02-2025
24-04-2025
25-09-2025
07-10-2025","3.5
3
2.9
1.8
1.0
1.0","2.5
1.8
1.2
0.7
0.6
0.3","3.3
1.7
1.7
1.6
1.4
1.1","71
72
74
75
75
75","72
72
73
76
76
76","74
71
74
75
75
76",1,0.3,1.1,0.3,45937,0.3,46079,4.Non-Critical,36,34.46,7.266666667,0.1305861869,0.1305861869,47112.8,47112.8,42476,0,46595.9,NA,-28.73333333,0,34.46,0,-27.19333333,9.95E-14
,3076c363-b76c-489a-b41b-8f30dfa0d7ee,680,RMPP,RMHS (IRON),AJ001,B,28,650,SAR70,5,"31-12-2024
24-01-2025
26-05-2025","0
4.8
2.3","0
4.7
1.4","0
3.8
2.8","67
66","65
68","66
67",2.3,1.4,2.8,1.4,45803,1.4,46221,4.Non-Critical,3,5.58,2.533333333,0.8064516129,0.8064516129,46388.4,46388.4,42461,0,NA,NA,-0.4666666667,0,5.58,0,-3.046666667,4.88E-14
,b51a5203-e3de-48a1-ae68-17436c349922,681,RMPP,RMHS (IRON),CJ001,B,28,650,SAR70,5,45943,"0
0","1.5
0.5","1.8
0.8",70,64,68,0,0.5,0.8,0,45960,0,46221,4.Non-Critical,3,5.63,2.533333333,0.7992895204,0.7992895204,46389.9,46389.9,42461,0,NA,NA,-0.4666666667,0,5.63,0,-3.096666667,4.88E-14
,efc65fe2-3ea3-4961-99d7-96459fc10361,682,RMPP,RMHS (IRON),EJ001,A,28,650,SAR70,5,45671,4,3.3,4.5,72,71,72,4,3.3,4.5,3.3,45671,3.3,46209,4.Non-Critical,3,4.74,2.933333333,0.9493670886,0.9493670886,46351.2,46351.2,42461,0,NA,NA,-0.06666666667,0,4.74,0,-1.806666667,-9.68E-14
,f8e4f79a-15de-49af-9ccf-2b0521537291,683,RMPP,RMHS (IRON),GJ001,B,28,650,SAR70,5,"07-10-2025
09-02-2026",4.9,"4.74
0",4.8,66,67,67,4.9,0,4.8,0,46062,0,46198,4.Non-Critical,3,3.94,3.3,1.14213198,1.14213198,46316.2,46316.2,42461,0,NA,NA,0.3,0,3.94,0,-0.64,-9.68E-14
,b8a7446c-5d12-45dc-903f-93effb1fee34,684,RMPP,RMHS (IRON),IJ001,A,28,650,SAR70,5,"14-01-2025
10-02-2025
18-03-2025
05-11-2025
15-04-2026","2.3
1.7
0
0
0","1.7
1
0
0
0","2.4
1.5
0
0
0.2",74,70,73,0,0,0.2,0,46127,0,46217,4.Non-Critical,3,4.01,2.666666667,1.122194514,1.122194514,46337.3,46337.3,42462,0,NA,NA,-0.3333333333,0,4.01,0,-1.343333333,9.68E-14
,305aeb71-10a2-4231-806f-cc45970228ae,685,RMPP,RMHS (IRON),OF1AC1,A,52,800,SAR70,5,"7/25/2025
29-08-2025
06-12-2025
03-06-2026","4.6
4.5
4.1
3.6","4.9
4.5
4.5
3.9","4.9
4.6
4.3
3.8","68
68
70
75","68
68
69
74","67
68
69
75",3.6,3.9,3.8,3.6,46175,3.6,45791,4.Non-Critical,9,29.52,16.86666667,0.1524390244,0.109375,46676.6,47025.28571,42463,0,NA,46355,7.866666667,0,41.14285714,0.04306402439,-12.65333333,11.62285714
,493fb400-b335-4903-8836-519e24572ad0,686,RMPP,RMHS (IRON),OF1AC2,C,52,800,SAR70,5,"13-03-2025
06-06-2025
25-07-2025
29-08-2025
06-10-2025
06-12-2025
05-01-2026","4.3
2.7
2.6
2.5
1.5
0.2
0","4.1
2.6
2.5
2.3
2.0
1.1
0.3","4.5
3.0
2.8
2.7
2.1
1.4
0.8","66
70
71
71
70
73","65
68
70
70
70
72","65
69
70
71
71
78",0,0.3,0.8,0,46027,0,46153,4.Non-Critical,9,28.07,4.8,0.160313502,0.160313502,46995.1,46995.1,42464,0,46574.05,NA,-4.2,0,28.07,0,-23.27,-4.97E-14
,dce6520e-ac34-4b5a-b991-e219b3eb945b,687,RMPP,RMHS (IRON),OF1C1,C,32,800,SAR70,5,"11/1/2025
05-01-2026
02-03-2026
18-05-2026","3.3
2.3
1.4
0.3","3.7
2.8
2.5
1.6","3.7
2.8
2.7
2.2","64
67
79","62
66
75","62
67
75",0.3,1.6,2.2,0.3,46160,0.3,45943,1.Critical,6,7.35,11.8,0.612244898,0.6497695853,46163.5,46150.76596,42465,0,NA,Critical,5.8,0,6.925531915,-0.03752468729,4.45,-0.4244680851
,fb11c0ed-c398-4570-a670-56d463a7eba0,688,RMPP,RMHS (IRON),OF2C1,A,230,800,SAR70,5,"25-07-2025
29-08-2025
06-12-2025
02-03-2026
18-05-2026
03-06-2026
24-07-2026
06-08-2026
02-09-2026","4.4
4.2
3.1
2.9
2.7
2.7
2.6
2.4
1.68","4.4
4.3
3.6
3.3
2.1
2.1
1.8
1.8
1.28","4.3
4.1
3.5
3.2
2.5
2.2
2.1
2.1
0.60","69
69
72
72
73
73
74
74
74","68
68
71
72
72
73
75
75
75","66
67
71
71
72
73
74
74
74",1.68,1.28,0.6,0.6,46267,0.6,45814,2.Semi-Critical,18,8.54,16.1,0.5269320843,0.2913907285,46070.2,46277.29545,42466,0,NA,46297,-1.9,0,15.44318182,0.2355413558,7.56,6.903181818
,04254e8b-deda-4611-b354-ead7a6f956cd,689,RMPP,RMHS (IRON),OFBBC1,A,610,800,SAR70,5,"24-07-2026
02-09-2026","3
2.28","2.1
1.82","3.2
3.15","71
72","70
71","72
72",2.28,1.82,3.15,1.82,46267,1.82,45775,3.Marginal,18,39.87,17.4,0.1128668172,0.193902439,46971.1,46471.22642,42467,0,NA,46297,-0.6,0,23.20754717,-0.08103562187,-22.47,-16.66245283
,f38e25eb-0494-4d2b-b107-b2c8c46ac7b7,690,RMPP,RMHS (IRON),OFBBRSC1,A,35,1000,SAR70,5,"16-10-2024
03-05-2025
28-07-2025
10/27/2025
05-02-2026",3.5,"2
0
0
0
0",3.1,71,70,69,3.5,0,3.1,0,46058,0,46247,4.Non-Critical,6,3.09,1.666666667,1.45631068,1.45631068,46339.7,46339.7,42468,0,NA,NA,-4.333333333,0,3.09,0,-1.423333333,-9.68E-14
,3cce2484-6076-4043-9d54-d20b7ccdeb65,691,RMHS,J5,OFBF1,B,16,1200,SAR70,8,"16-10-2024
04-03-2025
25-08-2025
13-10-2025
16-12-2025
12-05-2026
03-08-2026","3.4
3
2.2
2.3
2.3
7.7
7.5","3.4
3.3
3.2
2.9
2.6
7.8
7.4","3.8
3.4
2.6
2.2
2.2
7.7
7.5","73
74
79
74
75","71
73
74
75
76","70
72
74
76
77",7.5,7.4,7.5,7.4,46237,7.4,46046,4.Non-Critical,3,6.52,8.366666667,1.150306748,0.0942408377,46241.6,48433.5,42469,0,NA,46417,5.366666667,0,79.58333333,1.056065911,1.846666667,73.06333333
,11c39522-7fe5-47bb-b1b4-9dbd85ef0b2c,692,RMHS,J5,OFBF2,C,16,1200,SAR70,5,"16-10-2024
04-03-2025
25-08-2025
13-10-2025
16-12-2025
09-02-2026
12-05-2026
07-07-2026
03-08-2026","3.9
3.7
3.5
3.3
3.3
3.2
3.2
2.9
2.7","3.6
3.4
3.2
3.0
2.9
2.8
2.2
2.1
2.0","3.1
2.8
2.8
2.7
2.5
2.4
1.7
1.5
0","74
75
75
76
82
85
85","72
74
75
76
79
80
84","73
75
75
76
77
80
84",2.7,2,0,0,46237,0,45263,1.Critical,3,28.22,34.46666667,0.1594613749,0.1540041068,46109.6,46139.6,42461,0,NA,Critical,31.46666667,0,29.22,0.005457268135,6.246666667,1
,4d611974-d11f-418c-a669-45a471a7cef2,693,RMPP,RMHS (IRON),OFBF3,C,16,1200,SAR70,5,"16-10-2024
25-08-2025
16-12-2025
12-05-2026","4.3
4.7
4.6
4.4","4.2
4.5
4.3
4.1","2.7
4.3
4.1
4.0","83


80","85


80","86


81",4.4,4.1,4,4,46154,4,46164,4.Non-Critical,3,26.31,4.433333333,0.1710376283,0.1710376283,46953.3,46953.3,42461,0,46558.65,NA,1.433333333,0,26.31,0,-21.87666667,9.95E-14
,c6a72ec4-e902-42e4-9b93-d4155d2fa03c,694,RMHS,J5,OFBF4,B,16,1200,SAR70,5,"16-10-2024
04-03-2025
25-08-2025
13-10-2025
16-12-2025 
09-02-2026 
12-05-2026
03-08-2026
08-09-2026","3.0
2.9
2.8
2.7
2.7
2.6
2.6
2.6
2.5","4.1
3.6
3.4
3.3
3.2
3.0
3.0
2.9
2.9","3.1
2.9
2.9
2.8
2.4
2.2
2.1
2.0
1.9","76
77
78
80
81
85
85","77
77
79
79
81
83
85","77
78
78
80
80
84
84",2.5,2.9,1.9,1.9,46273,1.9,44562,3.Marginal,3,49.05,57.83333333,0.09174311927,0.05435417884,46033.5,47045.70968,42461,0,NA,46303,54.83333333,0,82.79032258,0.03738894042,8.783333333,33.74032258
,1849fd21-220e-477e-8bce-48c11e937de9,695,RMHS,RMHS (IRON),J23C2(IRON),B,160,1000,SAR70,5,46273,3.6,2.2,4.4,66,67,68,3.6,2.2,4.4,2.2,46273,2.2,46047,3.Marginal,18,15,8.333333333,0.3,0.3716814159,46497,46410.21429,42461,0,NA,46333,-9.666666667,0,12.10714286,-0.07168141593,-6.666666667,-2.892857143
,200ba919-96dd-4a08-85d5-e1aabbc6fa1a,696,RMPP,RMHS (COAL),RMPP-RSC2,A,52,1400,SAR70,5,"2/7/2025
10/10/25
28-08-2026","4.1
4
3.6","3.8
3.3
2.9","4.3
4
3.5",75,78,77,3.6,2.9,3.6,2.9,46262,2.9,45534,3.Marginal,9,23.98,25.43333333,0.1876563803,0.08653846154,46253.4,47094,42461,0,NA,46322,16.43333333,0,52,0.1011179188,1.453333333,28.02
,7fba8172-3854-41b2-bb45-126fa97e447a,697,RMPP,RMHS (COAL),RSC3,A,56,1400,SAR70,5,"2/7/2025
17-06-2025
10-10-2025
17-02-2026
28-08-2026","3.3
3.3
3.2
3.2
2.6","3.5
3.4
3.3
3.2
2.4","3.6
3.6
3.5
3.4
3","73
75
75","73
74
74","74
74
74",2.6,2.4,3,2.4,46262,2.4,44945,3.Marginal,9,28.73,45.06666667,0.1566306996,0.05922551253,45806.9,47224.42308,42461,0,NA,46322,36.06666667,0,75.98076923,0.09740518709,16.33666667,47.25076923
,b9903ea5-138e-4224-977e-c8762c66b118,698,RMPP,RMHS (COAL),RC1,A,30,1400,SAR70,6,"2/7/2025
10/10/25
26-06-2026
28-08-2026","4.9
4
2.8
2.5","5.1
3.5
3.7
3.2","5.5
4.1
3.5
3",76,73,75,2.5,3.2,3,2.5,46262,2.5,45989,3.Marginal,3,10.99,10.26666667,0.5004549591,0.3846153846,46318.7,46418,42461,0,NA,46322,7.266666667,0,14.3,0.1158395744,-0.7233333333,3.31
,2130451e-b90b-40eb-ad4f-22a9dd4ff855,699,RMPP,RMHS (COAL),PCSC1,A,330,1200,SAR70,6,"17-07-2024
07-02-2025
16-05-2025
07-11-2025
03-04-2026
19-05-2026","5.9
4.5
2.5
1
0
0","5.8
4.1
3.5
3.3
1.6
1.1","6
4.4
4.2
2.2
0
0","71
73
79","69
72
79","70
73
79",0,1.1,0,0,46161,0,46162,4.Non-Critical,18,20.99,4.5,0.2620295379,0.2620295379,46791.7,46791.7,42461,0,46476.85,NA,-13.5,0,20.99,0,-16.49,-9.59E-14
,081777fc-21a3-4131-8caf-b2366365689e,700,RMPP,RMHS (COAL),SCSC1,A,325,1200,FRSAR,6,"29-08-2024
07-02-2025
16-05-2025
25-07-2025
04-08-2025
10-10-2025
07-11-2025
02-12-205
17-01-2026","3.6
2.5
2.5
2.4
0.7
0.6
0.2
0
0","3.5
2.5
2.3
2.2
1.5
1.3
1.0
0.9
0.4","3.7
1.4
1.1
0
0
0
0
0
0","76
77
78
78
80
81","80
79
79
79
81
83","76
78
79
79
81
82",0,0.4,0,0,46039,0,46070,4.Non-Critical,18,41.84,7.566666667,0.1314531549,0.1314531549,47325.2,47325.2,42461,0,46697.6,NA,-10.43333333,0,41.84,0,-34.27333333,-9.95E-14
,0a7c5d7f-8cee-4526-97b1-b662f9b73459,701,RMPP,RMHS (COAL),CSIC2,A,240,1200,SAR70,5,"29-08-2024
07-02-2025
21-05-2025
04-08-2025
10/10/2025
11/20/2025
02-12-2025
17-01-2026
01-03-2026
03-04-2026
03-06-2026
01-08-2026
28-08-2026","3.85
3.1
2.5
2.3
2.3
2.2
2.1
2.1
2.1
2
1.7
1.6
1.3","4.1
3
2.7
2.5
2.5
2.5
2.4
2.4
2.3
2.1
1.8
1.7
1.5","3.58
2.9
2.8
2.4
2.2
2.1
2.0
1.9
1.9
1.8
1.7
1.6
1.5","
75
77
78
79
79
83
84
84","
74
75
76
77
78
79
82
83","
74
75
75
76
77
78
82
83",1.3,1.5,1.5,1.3,46262,1.3,44970,2.Semi-Critical,18,32.24,44.23333333,0.1395781638,0.08591331269,45937.2,46541.35135,42461,0,NA,46292,26.23333333,0,52.37837838,0.05366485108,11.99333333,20.13837838
,a6bed39d-5d81-4479-ac86-2b3d6ae99c28,702,RMPP,RMHS (COAL),CSIC1,A,380,1200,SAR70,5,"5/22/2025
04-08-2025
07-11-2025
19-05-2026
01-08-2026
28-08-2026","3.6
3.5
3.4
2.9
1.8
1.6","3.7
3.6
3.5
2.1
1.4
1.3","4.2
4.1
3.9
3.2
2.6
2.4","73
76
79","72
76
77","73
77
78",1.6,1.3,2.4,1.3,46262,1.3,45695,2.Semi-Critical,18,40.85,20.06666667,0.1101591187,0.1957671958,46920.5,46384.59459,42461,0,NA,46292,2.066666667,0,22.98648649,-0.08560807704,-20.78333333,-17.86351351
,05d9421f-ae52-4162-9002-31e5521e5159,703,RMPP,RMHS (COAL),OSBC1,B,120,1200,SAR70,5,"29-08-2024
07-02-2025
04-08-2025
17-01-2026
01-08-2026","3.97
3.7
3.6
3.3
3.3","3.94
3.5
3.4
3.2
3.0","3.7
3.3
3.3
3.2
3.2","82
82
82
82","81
81
82
82","80
80
80
81",3.3,3,3.2,3,46235,3,44197,3.Marginal,9,61.04,70,0.07372214941,0.02944062807,46028.2,48782.5,42461,0,NA,46415,61,0,152.85,0.04428152134,8.96,91.81
,e84689a5-d836-461a-927c-5250e994be84,704,RMPP,RMHS (COAL),BF3(COAL),B,11,1000,SAR70,6,"30-08-2024
10/10/25
02-12-2025
04-08-2026","3.4
0
0
3.3","3.6
2.5
2.1
0","1.6
0
0
1.8","76
77
69","71
74
71","78
81
72",3.3,0,1.8,0,46238,0,46245,4.Non-Critical,1,8.82,1.733333333,0.6235827664,0.6235827664,46509.6,46509.6,42461,0,46377.3,NA,0.7333333333,0,8.82,0,-7.086666667,-4.80E-14
,b0cd1b3f-3c91-4e25-a3a6-01897f271a3e,705,RMPP,RMHS (COAL),BF3A,B,13,1000,SAR70,6,"17-07-2024
30-08-2024
07-02-2025","3.2
2.7
3.9","5
4
4.1","3.5
3.1
4","74
74","71
71","75
75",3.9,4.1,4,3.9,45695,3.9,46196,4.Non-Critical,1,5.49,3.366666667,1.001821494,1.001821494,46360.7,46360.7,42461,0,NA,NA,2.366666667,0,5.49,0,-2.123333333,-9.68E-14
,c53441c9-b4a1-4c88-8b78-59d4374248fc,706,RMPP,RMHS (COAL),BF4,A,35,1000,SAR70,6,45695,0,2.1,0,0,0,0,0,2.1,0,0,45695,0,46044,4.Non-Critical,6,33.62,8.433333333,0.1635930993,0.1635930993,47052.6,47052.6,42461,0,46548.3,NA,2.433333333,0,33.62,0,-25.18666667,0
,8664c132-5821-4ee4-a57c-4c8b11280e98,707,RMPP,RMHS (COAL),BF4A,A,29,1000,SAR70,6,"29-08-2024
07-02-2025
21-05-2025
04-08-2025
19-05-2026","1.96
0
0
0
0.4","4.26
2.8
2.5
0.4
2.1","2.21
0
0
0
1.9","
76
83
85","
74
75
77","
74
84
84",0.4,2.1,1.9,0.4,46161,0.4,46035,1.Critical,3,7.4,8.733333333,0.7432432432,1.333333333,46257,46158.75,42461,0,NA,Critical,5.733333333,0,4.125,-0.5900900901,1.333333333,-3.275
,747adda5-9f84-4b98-b5be-a1ce2e128296,708,RMPP,RMHS (COAL),FC1,A,25,800,SAR70,5,"2/7/2025
31-07-2025","4.5
0","4.6
1.5","3.9
2.8",76,76,78,0,1.5,2.8,0,45869,0,46261,4.Non-Critical,3,22.84,1.2,0.1970227671,0.1970227671,46946.2,46946.2,42461,0,46603.6,NA,-1.8,0,22.84,0,-21.64,-9.59E-14
,8526b343-c428-4636-b77b-90dc0bb0f224,709,RMPP,RMHS (COAL),TCSC1,A,360,1000,SAR70,8,"29-08-2024
07-02-2025
22-05-2025
04-08-2025
10-10-2025
02-12-2025
17-01-2026","4
3.2
3.0
0
0
0
0","3.4
3.3
2.6
2.5
2.2
2.1
1.4","3.6
3.0
2.1
0
0
0
0","
71
80
82
82
80","
70
71
72
73
73","
70
80
81
81
85",0,1.4,0,0,46039,0,46044,4.Non-Critical,18,18.09,8.433333333,0.4145936982,0.4145936982,46586.7,46586.7,42461,0,46315.35,NA,-9.566666667,0,18.09,0,-9.656666667,-9.59E-14
,5577fcb6-1295-4b73-8ea7-bfe1e77744a3,710,RMPP,RMHS (COAL),BF4B,B,52,1000,SAR70,6,"29-08-2024
01-11-2024
10-10-2025
03-04-2026","4.6

0
2.3","4.16
0
0
2.4","3.9

0
1.2","77

82","73

83","75

83",2.3,2.4,1.2,1.2,46115,1.2,46234,4.Non-Critical,9,10.18,2.1,0.5402750491,0.5402750491,46539.4,46539.4,42461,0,46386.7,NA,-6.9,0,10.18,0,-8.08,4.80E-14
,94769a8b-4de9-4ff2-bbfd-4874d7d13ee9,711,RMPP,RMHS (COAL),SCSC2,B,300,800,SAR70,5,"29-08-2024
07-02-2025
04-08-2025
06-10-2025
02-12-2025
13-01-2026
01-03-2026
03-04-2026
19-05-2026
05-06-2026
01-08-2026","3.1
2.9
2.6
2.4
1.9
1.8
1.7
1.7
1.7
1.7
1.8","3.7
3.2
2.7
2.6
2.5
2.4
2.4
2.4
2.3
2.3
2.2","3.4
3.1
2.9
2.8
2.7
2.6
2.6
2.5
2.5
2.5
2.4","70
71
72
73
73
74
74","70
71
72
73
73
73
75","70
70
70
71
71
72
74",1.8,2.2,2.4,1.8,46235,1.8,44608,3.Marginal,18,47.54,56.3,0.09465713084,0.0590043024,46034.2,46895.96875,42461,0,NA,46265,38.3,0,76.265625,0.03565282844,8.76,28.725625
,5032bb50-261d-4b80-912f-1b71f73ba800,712,RMPP,RMHS (COAL),J11C3,B,300,800,SAR70,5,"2/18/2025
09-09-2025
03-11-2025
03-01-2026
07-03-2026
22-05-2026
10-06-2026
01-08-2026","3.2
2.9
2.4
2.1
2.0
1.9
1.9
2.1","3.4
2.7
2.6
2.2
2.2
2.1
2.2
2.2","2.7
1.8
1.7
1.6
1.5
1.5
1.4
1.4","74
75
78
81
82","75
76
80
81
81","74
75
78
82
82",2.1,2.2,1.4,1.4,46235,1.4,44564,2.Semi-Critical,18,48.98,57.76666667,0.09187423438,0.06463195691,46033.4,46652.75,42461,0,NA,46265,39.76666667,0,69.625,0.02724227747,8.786666667,20.645
,a74b0859-71b0-484a-b848-423d4819ca94,713,RMPP,RMHS (COAL),J11BC1,B,180,800,SAR70,5,"2/18/2025
09/09/2025
23-01-2026
10-06-2026
01-08-2026","2.8
2.4
2.3
2.2
2.2","3.5
3.4
3.3
3.2
3.1","2.9
2.6
2.3
2.2
2.0","75
78
78
79","76
78
76
77","74
75
76
76",2.2,3.1,2,2,46235,2,44975,3.Marginal,18,34.49,44.06666667,0.1304726008,0.07142857143,46009.7,46865,42461,0,NA,46295,26.06666667,0,63,0.05904402933,9.576666667,28.51
,e9c03bab-d10b-4857-a98e-14421c06127b,714,RMPP,RMHS (COAL),J11BC2,B,35,800,SAR70,5,"2/18/2025
09-09-2025
03-11-2025
03-01-2026
07-03-2026","3.4
3.3
3.2
3.2
2.9","3.5
3.3
3.2
3.1
2.9","3.7
3.6
3.5
3.4
3.0","74
77
77","74
76
77","73
76
77",2.9,2.9,3,2.9,46088,2.9,46123,4.Non-Critical,6,29.09,5.8,0.1546923341,0.1546923341,46995.7,46995.7,42461,0,46559.35,NA,-0.2,0,29.09,0,-23.29,-9.59E-14
,fca103ed-c3ae-4e46-84c5-8ce9d0335eb7,715,RMPP,RMHS (COAL),BF5,B,14,1000,SAR70,6,"24-01-2025
23-04-2025
02-12-2025
06-01-2026","5.4
5.4
5.3
5","4.5
3.8
2.0
0","5.4
5.3
5.2
4.9","79
76
77","77
77
76","78
78
78",5,0,4.9,0,46028,0,45292,1.Critical,1,25.07,33.5,0.21938572,0.2445652174,46044.1,45966.66667,42461,0,NA,Critical,32.5,0,22.48888889,-0.02517949741,8.43,-2.581111111
,f7387178-4a02-438a-a306-b91d2fa8efb8,716,RMPP,RMHS (COAL),BF6,B,14,1000,SAR70,6,"1/24/2025
03-11-2025
02-12-2025
01-08-2026","3.9
3.6
3.2
2.4","0.9
0.7
0
3.0","3.6
1.4
1.3
3.2","74
76
77
74","73
79
80
75","74
76
80
77",2.4,3,3.2,2.4,46235,2.4,46021,3.Marginal,1,12.53,9.2,0.4389465283,0.5046728972,46396.9,46347.94444,42461,0,NA,46295,8.2,0,10.89814815,-0.06572636886,-3.33,-1.631851852
,08950465-7ff6-43c3-9612-2e10d00fe579,717,RMPP,RMHS (COAL),BF7,B,14,1000,SAR70,6,"03-11-2025
02-02-2026","5.4
5.1","5.4
5.1","5.3
5.2","69
69","69
69","70
70",5.1,5.1,5.2,5.1,46055,5.1,45918,4.Non-Critical,1,14.82,12.63333333,0.371120108,0.197080292,46362.6,46755.22222,42461,0,NA,46235,11.63333333,0,27.90740741,0.174039816,-2.186666667,13.08740741
,56530bb0-71c3-42c7-a013-a6d1e7192233,718,RMPP,RMHS (COAL),BF8,B,14,1000,SAR70,6,"24-01-2025
23-04-2025
09-09-2025
03-11-2025
06-01-2026
07-03-2026
08-05-2026","4.9
4.7
4.5
4.4
4.4
4.3
3.9","4.2
4.1
4.1
4.0
3.9
3.8
3.6","3.7
3.7
3.6
3.6
3.5
3.4
3.4","71
71
72
71","72
72
72
73","71
73
73
74",3.9,3.6,3.4,3.4,46150,3.4,45292,4.Non-Critical,1,25.07,33.5,0.21938572,0.09090909091,46044.1,47107,42461,0,NA,46330,32.5,0,60.5,0.1284766291,8.43,35.43
,da5c0d9c-21af-481a-9908-d3b9d4317c10,719,RMPP,RMHS (COAL),BF9,B,14,1000,SAR70,6,"24-01-2025
23-04-2025
22-05-2025
03-11-2025
08-05-2026","4.9
4.7
4.6
4.5
4.4","5
4.7
4.6
4.5
4.2","4.8
4.6
4.5
4.5
4.4","
65
66
67","
69
69
69","
69
69
69",4.4,4.2,4.4,4.2,46150,4.2,45515,4.Non-Critical,1,11.86,26.06666667,0.4637436762,0.08503937008,45870.8,47455.27778,42461,0,NA,46330,25.06666667,0,64.67592593,0.3787043061,14.20666667,52.81592593
,728c0289-48c7-4881-8b32-256bdda95649,720,RMPP,RMHS (COAL),BF10,B,14,1000,SAR70,6,"24-01-2025
22-05-2025
03-11-2025
01-08-2026","3.7
3.6
3.5
3.4","3.7
3.6
3.5
3.3","3.5
3.4
3.3
3.0","64
68
70
76","63
68
70
74","64
68
71
75",3.4,3.3,3,3,46235,3,45292,3.Marginal,1,25.07,33.5,0.21938572,0.09544008484,46044.1,47020.83333,42461,0,NA,46415,32.5,0,57.62777778,0.1239456351,8.43,32.55777778
,a72a6a31-3de2-43b4-b9dc-03d813fc6405,721,RMPP,RMHS (COAL),J11C2,B,169,800,SAR70,5,"22-08-2024
13-01-2025
23-04-2025
09-09-2025
03-11-2025
02-12-2025
06-01-2026
24-03-2026
10-06-2026
01-08-2026","3.3
3.2
3.1
3.1
3.0
2.9
2.8
2.8
2.7
2.3","3.9
3.0
3.0
2.9
2.8
2.8
2.7
2.7
2.6
1.9","4
3.1
2.9
2.7
2.6
2.6
2.3
2.2
2.1
2.0","86
86
84
84
85
86","84
85
84
85
86
86","86
85
84
85
85
87",2.3,1.9,2,1.9,46235,1.9,43955,3.Marginal,18,68.99,78.06666667,0.06522684447,0.04078947368,46024.7,47264.67742,42461,0,NA,46265,60.06666667,0,110.3225806,0.02443737079,9.076666667,41.33258065
,06464a42-542a-498f-b28c-d13c467302fe,722,RMPP,RMHS (COAL),J7C2,B,225,800,SAR70,5,"13-01-2025
23-04-2025
09-09-2025
02-12-2025
10-06-2026","4.1
4.0
3.9
3.9
3.6","4.2
4.1
4.1
4.0
3.5","4.3
4.2
4.2
4.2
3.6","73
74
75
77","73
73
74
76","73
74
75
76",3.6,3.5,3.5,3.5,46183,3.5,45112,4.Non-Critical,18,38.47,39.5,0.1169742657,0.04201680672,46266.1,48325,42461,0,NA,46363,21.5,0,107.1,0.07495745894,1.03,68.63
,461344de-22c0-45b1-9dda-f34b3d9b551d,723,RMPP,RMHS (COAL),J8C2,B,28,800,SAR70,5,"13-01-2025
23-04-2025
09-09-2025
03-11-2025
02-12-2025
06-01-2026
02-02-2026","3
2.1
2.1
2.1
2.0
1.8
1.7","2.4
2.3
1.6
1.4
1.2
1
1.0","2.1
2.1
1.2
0.6
0.5
0
0","81
82
82
84
83","82
83
84
85
85","82
83
84
85
89",1.7,1,0,0,46055,0,46058,4.Non-Critical,3,49.05,7.966666667,0.09174311927,0.09174311927,47529.5,47529.5,42461,0,46793.75,NA,4.966666667,0,49.05,0,-41.08333333,0
,de8d74e0-07b8-44d1-b38d-70df710c5312,724,RMPP,RMHS (Daybin),J12C1,A,432,800,SAR70,5,"14-10-2024
25-05-2025
08/02/2025
25-09-2025
28-11-2025
30-01-2026
03-03-2026
28-04-2026
06-05-2026
13-06-2026","2.8
2.2
2
2.0
1.7
1.6
1.6 
1.5 
1.5
1.5","3
2.4
2.3
2.3
1.7
1.6
1.5
1.5
1.4
1.3","3.1
2.5
2.2
2.1
1.8
1.6
1.6
1.6
1.5
1.4","71
73
74
74

73
75
76
76","72
75
76
76

74
76
76
76","71
73
74
74

73
75
75",1.5,1.3,1.4,1.3,46186,1.3,44197,3.Marginal,18,61.04,70,0.07372214941,0.05580693816,46028.2,46616.05405,42461,0,NA,46216,52,0,80.63513514,0.01791521125,8.96,19.59513514
,3287a6dc-0662-4466-ad0a-ae8c77eb3942,725,RMPP,RMHS (Daybin),J12C3,A,17,800,SAR70,5,"11/13/2024
30-01-2026
28-04-2026","0
1.7
0.3","0
0.5
0.1","2.3
0
0","77
78
85","81
78
85","76
77
87",0.3,0.1,0,0,46140,0,46195,4.Non-Critical,3,12.02,3.4,0.3743760399,0.3743760399,46555.6,46555.6,42461,0,46375.3,NA,0.4,0,12.02,0,-8.62,-4.80E-14
,c58f73e4-293a-409e-872b-d58e3cc840a3,726,RMPP,RMHS (Daybin),J13C1,A,234,800,SAR70,5,"16-08-2024
09-06-2025
9/15/2025
1/30/2026
06-05-2026
24-08-2026","3.7
3.7
3.1
3
2.98
2.91","3.8
3.6
3.3
3.2
3
2.95","3.6
3.6
3.4
3.2
3.19
3.16","82
84
85","83
84
85","82
85
85",2.91,2.952,3.16,2.91,46258,2.91,44197,3.Marginal,36,61.04,70,0.07372214941,0.03042212518,46028.2,48634.55981,42461,0,NA,46318,34,0,147.9186603,0.04330002423,8.96,86.87866029
,fd8e71c2-e028-4d8a-8e8b-16473b0aaeb6,727,RMPP,RMHS (Daybin),J14C1,A,420,800,SAR70,5,"14-10-2024
17-01-2025
07/12/2025
25-09-2025
28-11-2025
30-01-2026
03-03-2026
15-05-2026
23-06-2026
26-07-2026
10-08-2026","3.8
3.4
3.3
3.3
3.1
3.0
2.8
2.7
2.7
2.6
2.6","3.3
3.1 
3.0
3.0
2.9
2.8
2.6
2.5
2.5
2.3
2.3","3.8
3.6
3.0
3.0
2.8
2.7
2.6
2.6
2.5
2.5
2.5","75
76
76
76
76
76
77
77","75
75
75
75
76
76
76
77","73
73
74
75
75
75
76
77",2.6,2.3,2.5,2.3,46244,2.3,45065,3.Marginal,18,45.99,41.06666667,0.09784735812,0.06870229008,46444.7,47030,42461,0,NA,46304,23.06666667,0,65.5,0.02914506804,-4.923333333,19.51
,e3525007-0a67-479a-8600-ae4dde260cfd,728,RMPP,RMHS (Daybin),J14C4,A,15,800,SAR70,5,"11/13/2024
30-01-2026
03-03-2026
14-04-2026
15-05-2026","1.7
1.3
2.2
2.1
2.0","2.4
1.2
0.6
0.5
0.4","3.6
2.4
0.4
0.3
0.3","77
74
78
78","74
73
75
77","78
74
74
78",2,0.4,0.3,0.3,46157,0.3,46241,4.Non-Critical,1,12.16,1.866666667,0.3700657895,0.3700657895,46605.8,46605.8,42461,0,46423.4,NA,0.8666666667,0,12.16,0,-10.29333333,9.77E-14
,7467f8d5-bc99-45f6-8f29-d928d60dcca2,729,RMPP,RMHS (Daybin),J15C1,A,234,800,SAR70,5,"11/13/2024
07/12/2025
28-11-2025
30-01-2026
03-03-2026
15-05-2026
23-06-2026
26-07-2026
10-08-2026","3
2.8
2.5
2.4
2.3
2.2
2.1
2.0
2.0","3.2
3
2.6
2.3
2.2
2.0
1.9
1.9
1.9","3.1
2.8
2.6
2.4
2.3
2.2
2.2
2.1
2.0","74
75
76
76
78
78","74
75
77
77
78
78","73
75
76
79
80
80",2,1.9,2,1.9,46244,1.9,44197,3.Marginal,24,61.04,70,0.07372214941,0.04543234001,46028.2,47168.45161,42461,0,NA,46274,46,0,99.0483871,0.0282898094,8.96,38.0083871
,8220f74e-a07a-43c0-88c2-93b657305c81,730,RMPP,RMHS (Daybin),J15AC1,A,238,800,SAR70,5,"02-10-2024
16-01-2025
25-09-2025
28-11-2025
14-01-2026
03-03-2026
14-04-2026
15-05-2026
01-06-2026
26-07-2026
10-08-2026","0
3.5
3.1
2.8
2.6
2.5
2.3
2.2
2.1
2.0
2.0","0
3.2
2.6
2.6
2.5
2.5
2.3
2.2
2.1
2.0
1.9","0
3.4
3.3
3.0
2.9
2.7
2.6
2.5
2.4
2.4
2.3","79
79
80
81
81
84
84
84
85","75
80
81
81
81
83
84
85
85","80
80
80
81
81
85
85
86
85",2,1.9,2.3,1.9,46244,1.9,45118,3.Marginal,18,35.84,39.3,0.1255580357,0.08259325044,46193.2,46752.51613,42461,0,NA,46274,21.3,0,54.48387097,0.04296478527,3.46,18.64387097
,5b571f1c-463a-4da9-bb85-4e6b33713000,731,RMPP,RMHS (Daybin),K1C1,A,380,650,SAR70,5,"04-11-2024
27-05-2025
9/13/2025
10-12-2025
06-05-2026","3.5
3.7
3.1
3.1
3.1","3.4
3.3
3.3
3.3
3.2","3.7
3.4
3.4
3.3
3.2","76
79","75
76","75
76",3.1,3.2,3.2,3.1,46148,3.1,44525,4.Non-Critical,36,50.26,59.06666667,0.08953442101,0.03512014787,46032.8,48368.94737,42461,0,NA,46328,23.06666667,0,128.1315789,0.05441427314,8.806666667,77.87157895
,b15bf0e6-8067-45a7-a731-063d71d7688e,732,RMPP,RMHS (Daybin),AJ0010,A,16,650,SAR70,5,"11/4/2024
9/13/2025
10-12-2025
05-02-2026
10-04-2026
30-07-2026
02-09-2026","1.3
4.8
4.1
4.0
3.8
3.8
3.7","2.4
3.2
2.1
2.0
2.0
1.7
0.90","2
4.8
3.9
3.8
3.4
2.8
2.63","73
63
70
70
70
70
71","72
63
70
70
71
72
72","74
64
69
70
70
71
71",3.7,0.9,2.63,0.9,46267,0.9,45700,2.Semi-Critical,9,25.34,19.9,0.1775848461,0.2169312169,46460.2,46322.31707,42461,0,NA,46297,10.9,0,20.74390244,-0.03934637084,-5.44,-4.596097561
,b654d400-3a8f-468c-84df-30f2f8bf13ed,733,RMPP,RMHS (Daybin),AJ0016,A,16,650,SAR70,5,"11/4/2024
9/13/2025
18-11-2025
10-12-2025
06-03-2026
30-07-2026
02-09-2026","3.9
3.7
4.7
3.6
3.27
3.21
3.14","4.0
3.9
4.9
3.8
3.1
2.7
2.23","3.8
3.7
4.7
3.6
3.1
2.49
2.45","74
75
75
76","74
75
75
75","73
74
74
75",3.14,2.23,2.45,2.23,46267,2.23,45933,3.Marginal,3,23.34,12.13333333,0.1928020566,0.2488023952,46633.2,46475.59928,42461,0,NA,46327,9.133333333,0,18.0866426,-0.05600033865,-11.20666667,-5.253357401
,4b040c55-bcee-4274-80ca-9aed9bd555ae,734,RMPP,RMHS (Daybin),AJ1046,A,60,650,SAR70,5,"04-11-2024
26-05-2025
9/13/2025
18-11-2025
10-12-2025
05-02-2026
10-04-2026
30-07-2026
02-09-2026","3.3
3.1
3.0
2.9
2.9
2.8
2.8
2.7
2.53","3
2.8
2.7
2.7
2.6
2.5
2.5
2.4
2.22","3
2.9
2.6
2.5
2.4
2.4
2.2
2.2
2.11","77

79
79
80
80
82
84","80

81
82
82
83
84
85","79

79
79
79
80
81
83",2.53,2.22,2.11,2.11,46267,2.11,44265,3.Marginal,36,58.8,67.73333333,0.07653061224,0.04330669331,46029,47382.30104,42461,0,NA,46327,31.73333333,0,103.9100346,0.03322391894,8.933333333,45.1100346
,399c641c-c966-47e0-b51e-57b8344fe570,735,RMPP,RMHS (Daybin),BJ1046,A,60,650,SAR70,5,"04-11-2024
27-05-2025
9/13/2025
18-11-2025
10-12-2025
05-02-2026
06-03-2026
10-04-2026
06-05-2026
30-07-2026
02-09-2026","2
2.5
1.8
1.7
1.6
1.5
1.5
1.4
1.3
1.1
0.24","2.2
2.2
2.1
2.1
2.0
1.9
1.9
1.8
1.7
1.6
0.90","3.7
2.9
2.8
2.7
2.7
2.4
2.1
2.0
1.9
1.9
1.50","70
70
70
70
71
72
72
73","69
70
70
70
71
71
72
73","69
69
70
70
71
72 
73
73",0.24,0.9,1.5,0.24,46267,0.24,44265,1.Critical,36,58.8,67.73333333,0.07653061224,0.07132867133,46029,46157.64706,42461,0,NA,Critical,31.73333333,0,63.08823529,0.005201940916,8.933333333,4.288235294
,6b06203f-9618-49e6-ae72-528de578834c,736,RMPP,RMHS (Daybin),K3C1,A,380,650,SAR70,5,"16-08-2024
09-06-2025
9/12/2025
06-03-2026
06-05-2026
08-07-2026","3.7
3.6
3.5
3.4
3.4
3.3","3.6
3.5
3.4
3.3
3.3
3.2","4.0
3.8
3.7
3.7
3.6
3.5","69
70
72

76","69
70
72

74","68
69
72

75",3.3,3.4,3.5,3.3,46211,3.3,44694,4.Non-Critical,30,44.71,53.43333333,0.1006486245,0.03361898484,46035.3,48709.58824,42461,0,NA,46391,23.43333333,0,133.8529412,0.06702963963,8.723333333,89.14294118
,5a4a3c14-7e99-4bcf-b49c-25fe40a35d17,737,RMPP,RMHS (Daybin),CJ0010,A,15,650,SAR70,5,"6/9/2025
9/12/2025
10/30/2025
06-05-2026","1.4
0
0
4.3","1.3
1
0
4.1","2
0.6
0
4.6",68,68,67,4.3,4.1,4.6,4.1,46148,4.1,45976,4.Non-Critical,1,12.41,10.7,0.3626107977,0.1569767442,46348.3,46836,42461,0,NA,46328,9.7,0,28.66666667,0.2056340536,-1.71,16.25666667
,38d4e379-0bcd-4acc-81e8-9ab0c7ab9a64,738,RMPP,RMHS (Daybin),CJ0016,A,15,650,SAR70,5,"6/9/2025
9/12/2025","3.4
3.1","3.3
3","3.2
3",79,77,82,3.1,3,3,3,45912,3,46035,4.Non-Critical,1,23.15,8.733333333,0.1943844492,0.1943844492,46729.5,46729.5,42461,0,46382.25,NA,7.733333333,0,23.15,0,-14.41666667,0
,34ab1598-fc68-46c9-8a44-a2fbf19a1c88,739,RMPP,RMHS (Daybin),CJ1046,A,60,650,SAR70,5,"08-02-2025
09-06-2025
9/12/2025
10/30/2025
02-12-2025
06-05-2026
01-08-2026","3
2.6
2.3
2.2
2.7
2.4
2.3","3.5
3.5
3.4
3.4
3.3
3.1
2.3","3.2
3.1
3.0
2.9
2.9
2.4
2.4","81
82
81","
80
83
83","
80
83
85",2.3,2.3,2.4,2.3,46235,2.3,44235,3.Marginal,9,59.79,68.73333333,0.07526342198,0.0405,46028.7,47568.33333,42461,0,NA,46295,59.73333333,0,111.1111111,0.03476342198,8.943333333,51.32111111
,a61b85ec-bc68-4248-922e-eb36f550fbc4,740,RMPP,RMHS (Daybin),DJ1046,A,60,650,SAR70,5,"09-06-2025
02-08-2025
30-10-2025
02-12-2025
02-05-2026","4.8
4.8
4.7
4.6
4.1","4.9
4.8
4.7
4.7
4.4","4.9
4.8
4.8
4.7
4.5","66
68
70
76","66
68
72
76","66
67
72
75",4.1,4.4,4.5,4.1,46144,4.1,45801,4.Non-Critical,36,29.89,16.53333333,0.1505520241,0.07871720117,46697.7,47516,42461,0,NA,46324,-19.46666667,0,57.16666667,0.07183482292,-13.35666667,27.27666667
,3c48337c-6d9b-422d-bf2c-2983b240d14d,741,RMPP,RMHS (Daybin),K5C1,A,369,650,SAR70,5,"2/18/2025
9/12/2025
27-11-2025
15-05-2026
26-07-2026
10-08-2026","3.5
3.4
3.2
3.1
3.0
3.0","3.5
3.5
3.4
3.2
3.1
3.1","3.2
3.1
3.0
2.9
2.9
2.9","74
75
75
77
80
80","73
75
76
77
79
80","74
75
77
77
81
81",3,3.1,2.9,2.9,46244,2.9,44197,3.Marginal,36,61.04,70,0.07372214941,0.03077674646,46028.2,48583.42857,42461,0,NA,46304,34,0,146.2142857,0.04294540295,8.96,85.17428571
,c763dd4f-3ee2-4346-b9d3-20f229a657fe,742,RMPP,RMHS (Daybin),EJ0010,A,15,650,SAR70,5,"2/18/2025
9/12/2025
27-11-2025
05-02-2026
24-02-2026
26-07-2026","4.9
7
5.8
3.2
0
4.6","4.8
6.9
6.2
3.0
0
4.9","4.9
7
5.7
3.1
0
4.7","77
80
81
79","78
80
80
75","78
80
80
76",4.6,4.9,4.7,4.6,46229,4.6,46258,4.Non-Critical,1,9.15,1.3,0.4918032787,0.4918032787,46532.5,46532.5,42461,0,46395.25,NA,0.3,0,9.15,0,-7.85,0
,0dd48c35-6c73-4cbc-baa8-ba486ecd37fe,743,RMPP,RMHS (Daybin),EJ0016,A,15,650,SAR70,5,"2/18/2025
9/12/2025
27-11-2025
24-02-2026
06-06-2026","4.9
4.5
4.0
0
4.2","4.2
4
4.0
0
4.6","4.2
4
3.6
0
4.0","78
82
81","77
81
80","77
81
80",4.2,4.6,4,4,46179,4,46078,4.Non-Critical,1,20.78,7.3,0.2165543792,0.297029703,46701.4,46532.5,42461,0,NA,46269,6.3,0,15.15,-0.08047532376,-13.48,-5.63
,87715f2e-594f-42db-af64-c2eaf555571a,744,RMPP,RMHS (Daybin),EJ1046,A,60,650,SAR70,5,"2/18/2025
9/12/2025
27-11-2025
15-01-2026
05-02-2026
04-05-2026
06-06-2026","3
2.5
2.3
2.2
2.1
2.1
2.1","2.8
2.4
2.4
2.3
2.2
1.9
1.9","2.8
2.4
2.4
2.4
2.3
2.3
2.2","88
88
89
89
88
90
91","85
87
87
87
88
90
91","88
89
88
88
88
90
91",2.1,1.9,2.2,1.9,46179,1.9,46186,4.Non-Critical,9,55.35,3.7,0.08130081301,0.08130081301,47846.5,47846.5,42461,0,47016.25,NA,-5.3,0,55.35,0,-51.65,0
,068f4253-8c3d-4f95-a877-2b2060e3dd54,745,RMPP,RMHS (Daybin),FJ1046,A,60,650,SAR70,5,"2/18/2025
9/12/2025
27-11-2025
15-01-2026
23-03-2026
04-05-2026
26-07-2026","3.3
3.2
3.2
3.0
2.9
2.9
2.5","3
2.9
2.6
2.6
2.5
2.5
2.2","3.3
3.1
3.0
2.8
2.8
2.8
2.4","80
80
81
90
91","80
80
81
90
90","79
79
80
90
90",2.5,2.2,2.4,2.2,46229,2.2,44370,3.Marginal,36,55.35,64.23333333,0.08130081301,0.04518558365,46030.5,47357.67857,42461,0,NA,46289,28.23333333,0,99.58928571,0.03611522936,8.883333333,44.23928571
,947e5c74-47e3-4ec2-b5cb-6e09bf74cc6d,746,RMPP,RMHS (Daybin),K7C1,A,375,650,SAR70,5,"1/14/2025
22-09-2025
28-11-2025
03-03-2026
15-05-2026
18-07-2026","3.2
2.7
2.7
2.4
2.4
2.4","3.1
2.5
2.4
2.3
2.3
2.3","3.3
3.0
3.0
2.8
2.7
2.5","74
75
75
76
80
81","75
75
75
75
80
81","73
75
75
76
80
81",2.4,2.3,2.5,2.3,46221,2.3,44197,3.Marginal,36,61.04,70,0.07372214941,0.04001976285,46028.2,47570.33333,42461,0,NA,46281,34,0,112.4444444,0.03370238656,8.96,51.40444444
,5327ef4c-c26d-4ecc-8cef-733ddc6fa21c,747,RMPP,RMHS (Daybin),GJ0010,A,15,650,SAR70,5,"9/22/2025
25-03-2026","4.5
4.8","4.3
4.5","4.5
4.8",73,74,72,4.8,4.5,4.8,4.5,46106,4.5,45981,4.Non-Critical,1,7.06,10.53333333,0.6373937677,0.12,46192.8,47106,42461,0,NA,46286,9.533333333,0,37.5,0.5173937677,3.473333333,30.44
,ccfa84f4-c02b-4e26-9b49-a18dab8243a6,748,RMPP,RMHS (Daybin),GJ0016,A,15,650,SAR70,5,"06-02-2025
06-01-2026
18-07-2026","5.1
4.1
3.1","5.1
3.9
3.5","5.6
4.2
3.2","71
75","70
73","74
75",3.1,3.5,3.2,3.1,46221,3.1,46254,4.Non-Critical,1,26.81,1.433333333,0.167847818,0.167847818,47058.3,47058.3,42461,0,46656.15,NA,0.4333333333,0,26.81,0,-25.37666667,9.95E-14
,b4252294-4042-4d36-9a59-0df71dbbb06b,749,RMPP,RMHS (Daybin),GJ1046,A,61,650,SAR70,5,"2/6/2025
22-09-2025
03-03-2026
10-08-2026","3.6
3.5
3.5
3.2","3.6
3.5
3.4
3.0","3.7
3.6
3.5
3.5","75
76
77","76
76
77","76
76
77",3.2,3,3.5,3,46244,3,45391,3.Marginal,9,25.16,30.2,0.1788553259,0.07033997655,46145.8,47310.25,42461,0,NA,46424,21.2,0,63.975,0.1085153494,5.04,38.815
,1ec5aacf-f3ea-4acd-86e7-ef4231e1cb88,750,RMPP,RMHS (Daybin),HJ1046,A,65,650,SAR70,5,"06-02-2025
27-05-2025
28-11-2025
18-07-2026","3.6
3.5
3.5
2.1","3.8
3.6
3.5
3.1","3.7
3.6
3.4
2.5","
74
75
75","
75
75
76","
75
76
77",2.1,3.1,2.5,2.1,46221,2.1,44197,3.Marginal,30,61.04,70,0.07372214941,0.04298418972,46028.2,47337.68966,42461,0,NA,46281,40,0,104.6896552,0.03073795969,8.96,43.64965517
,b6ed4f07-a413-420b-8cf7-5162da17bff1,751,RMPP,RMHS (Daybin),K9C1,A,380,650,SAR70,5,"05-02-2025
22-08-2025
20-01-2026
14-04-2026","3.9
3.8
3.6
3.2","3.5
3.3
3.3
3.1","3.6
3.4
3.4
3.2","69
76
78","69
75
79","70
75
77",3.2,3.1,3.2,3.1,46126,3.1,46281,4.Non-Critical,36,61.04,0.5333333333,0.07372214941,0.07372214941,48112.2,48112.2,42461,0,47196.6,NA,-35.46666667,0,61.04,0,-60.50666667,-9.95E-14
,97eaabd8-b162-43d3-bb5a-d5e37b4df185,752,RMPP,RMHS (Daybin),IJ0010,A,16,650,SAR70,5,"19-02-2025
26-05-2025
22-08-2025
20-01-2026
25-03-2026","2.6
2.4
2.3
2.1
1.2","2.8
2.5
2.2
2.0
1.9","2.8
2.3
2.3
2.2
2","76
77","74
75","76
76",1.2,1.9,2,1.2,46106,1.2,46144,4.Non-Critical,3,15.56,5.1,0.2892030848,0.2892030848,46610.8,46610.8,42461,0,46377.4,NA,2.1,0,15.56,0,-10.46,9.59E-14
,a5d3b15d-a3d1-4650-8b8c-8cbeb44d3727,753,RMPP,RMHS (Daybin),IJ0016,A,18,650,SAR70,5,"19-02-2025
22-08-2025
20-01-2026","4.9
4.1
4.0","5.1
4.5
4.3","4.9
4.1
4.0","76
80","76
76","75
79",4,4.3,4,4,46042,4,46233,4.Non-Critical,24,21.11,2.133333333,0.2131691142,0.2131691142,46866.3,46866.3,42461,0,46549.65,NA,-21.86666667,0,21.11,0,-18.97666667,9.59E-14
,5a57ac73-d944-4678-902c-1d1d436f4161,754,RMPP,RMHS (Daybin),IJ1046,A,63,650,SAR70,5,"2/5/2025
8/22/2025
02-02-2026
10-08-2026","4.2
3.7
3.6
3.2","3.7
3.5
3.5
3.0","3.7
3.6
3.6
3.1","70
72
73","71
74
76","72
73
75",3.2,3,3.1,3,46244,3,46281,4.Non-Critical,30,57.49,0.5333333333,0.07827448252,0.07827448252,48005.7,48005.7,42461,0,47143.35,NA,-29.46666667,0,57.49,0,-56.95666667,-9.95E-14
,0bd94cf6-b450-44f4-a3ac-98878119c573,755,RMPP,RMHS (Daybin),JJ1046,A,60,650,SAR70,5,"05-02-2025
22-08-2025
20-01-2026
10-08-2026","3.7
3.5
3.2
3.2","3.8
3.6
3.5
2.9","3.8
3.7
3.5
3.5","69
69
70","70
71
71","70
71
71",3.2,2.9,3.5,2.9,46244,2.9,45141,3.Marginal,36,28.12,38.53333333,0.1600284495,0.05711695376,45984.6,47504.57143,42461,0,NA,46304,2.533333333,0,78.78571429,0.1029114957,10.41333333,50.66571429
,1dc2d117-f743-4962-b1f5-48cc70222e60,756,RMPP,RMHS (COAL),BC1(COAL),A,57,1200,SAR70,5,"17-07-2024
25-12-2024
10-10-2025
23-06-2026","4
3.3
2.7
4.5","4.5
3
2.6
4.7","4.2
2.8
0
4.6",79,78,79,4.5,4.7,4.6,4.5,46196,4.5,45989,4.Non-Critical,9,12.68,10.26666667,0.3548895899,0.07246376812,46369.4,47852,42461,0,NA,46376,1.266666667,0,62.1,0.2824258218,-2.413333333,49.42
,3c76db1c-af5f-4609-9f1a-f8855028b0da,757,RMPP,RMHS (COAL),BC2(COAL),A,315,1200,SAR70,5,"5/21/2025
04-08-2025
10-10-2025
03-04-2026","4.2
4.2
4
3.2","4
4.2
3.8
3.6","4.1
4.1
3.8
3.6","68
70

75","68
69

75","68
69

74",3.2,3.6,3.6,3.2,46115,3.2,45753,4.Non-Critical,18,24.77,18.13333333,0.1816713767,0.1491712707,46496.1,46658,42461,0,NA,46295,0.1333333333,0,30.16666667,0.03250010595,-6.636666667,5.396666667
,af1461bc-42e8-4c40-8be5-2adb0a708466,758,RMPP,RMHS (COAL),BC4(COAL),B,36,800,SAR70,5,"17-07-2024
01-08-2024
25-12-2024
21-05-2025
10-10-2025
17-01-2026
06-04-2026
19-05-2026
01-06-2026
04-07-2026","3.8
3.0
4.2
3.8
3.3
0.7
4.5
4.5
4.0
3.9","3.9
3.2
4.1
3.7
3.2
2.6
4.3
4.1
3.8
3.6","3.8
3.1
4.2
4.0
3.4
1.8
4.1
4.0
3.9
3.8","
70

70
70

74
75
75","
68

70
70

73
75
75","
70

70
70

73
74
75",3.9,3.6,3.8,3.6,46238,3.6,46070,4.Non-Critical,6,11.91,7.566666667,0.3778337531,0.25,46427.3,46610,42461,0,NA,46328,1.566666667,0,18,0.1278337531,-4.343333333,6.09
,fa911b35-8b4b-4888-b970-acfa0663ae76,759,RMPP,RMHS (COAL),BC5(COAL),B,435,1600,SAR70,5,"30-08-2024
25-12-2024
21-05-2025
7/15/2025
04-08-2025
10-10-2025
11-11-2025
10-01-2026
02-02-2026
03-04-2026
05-06-2026
26-07-2026
04-08-2026","4.2
3.7
3.6
3.6
3.5
3.5
3.4
3.4
3.4
3.2
2.6
2.5
2.4","4.4
3.8
3.6
3.3
2.8
2.5
2.3
2.2
2.2
1.9
1.6
1.6
1.6","4.5
3.7
3.1
2.8
2.7
2.6
2.6
2.5
2.4
2.2
2.1
2.1
2.0","
73
74
75
74
75
75
76
77
77
77","
74
74
75
75
75
76
77
78
78
78","
75
75
76
76
77
77
78
79
79
79",2.4,1.6,2,1.6,46238,1.6,46260,4.Non-Critical,18,33.71,1.233333333,0.1334915455,0.1334915455,47271.3,47271.3,42461,0,46765.65,NA,-16.76666667,0,33.71,0,-32.47666667,9.95E-14
,67c1a594-fd5d-49c9-92ae-0f203245de7e,760,RMPP,RMHS (COAL),BC6(COAL),A,440,1000,SAR70,6,"17-07-2024
29-08-2024
25-12-2024
28-02-2025
28-03-2025
04-08-2025
12-11-2025
17-01-2026
13-03-2026
05-06-2026
01-08-2026","1
1.6
4.4
4.2
4.2
4.1
3.9
3.2
3.1
1.0
0.5","3.2
3
5.1
4.9
4.8
4.8
4.7
4.5
4.4
3.5
3.4","1
1.2
4
3.7
4.3
4.2
3.5
3.1
2.8
1.3
0.7","75
75
75
78
79
78
81
84","75
77
75
77
77
78
80
83","75
76
75
78
78
78
80
82",0.5,3.4,0.7,0.5,46235,0.5,46261,4.Non-Critical,18,14.37,1.2,0.3827418232,0.3827418232,46692.1,46692.1,42461,0,46476.55,NA,-16.8,0,14.37,0,-13.17,-4.80E-14
,a68c9094-9d64-4e92-ab35-31b0906bfe3c,761,RMPP,RMHS (COAL),BC7(COAL),B,250,1000,SAR70,8,"01-08-2024
25-12-2024
21-05-2025
7/15/2025
10-01-2026
26-07-2026","6.4
6.4
5.8
5.3
4.9
4.8","6.5
6
5.7
5.4
5
4.9","6.6
6
5.5
5.1
5.0
4.8","
78
77
78
78","
76
77
78
78","
76
77
77
78",4.8,4.9,4.8,4.8,46229,4.8,45362,4.Non-Critical,18,34.84,31.16666667,0.2152698048,0.1107266436,46407.2,47394.03125,42461,0,NA,46409,13.16666667,0,67.734375,0.1045431612,-3.673333333,32.894375
,82aa5118-bb2d-46ff-83d7-752ae93a8c7d,762,RMPP,RMHS (COAL),BC8(COAL),B,50,1200,SAR70,5,"01-08-2024
07-02-2025
22-05-2025
10-01-2026
01-06-2026
26-07-2026","4.1
3.8
3.7
2.1
2.0
1.9","3.9
3.3
3.2
2.2
2.3
2.0","4
3.3
3.1
2.6
2.4
2.2","
76
77
77
79","
76
76
77
78","
75
77
78
79",1.9,2,2.2,1.9,46174,1.9,45362,3.Marginal,6,12.86,31.16666667,0.3499222395,0.1145320197,45747.8,46540.70968,42461,0,NA,46204,25.16666667,0,39.29032258,0.2353902198,18.30666667,26.43032258
,a82a5d7a-0af8-400f-bb1d-5ff4f31fcf1d,763,RMPP,RMHS (COAL),BC9(COAL),B,16,800,SAR70,5,"28-02-2025
22-05-2025
26-11-2025
28-02-2026
03-04-2026
05-06-2026","3.9
3.8
0
2.4
1.1
0.8","3.7
3.6
0
2.3
2.2
2.1","3.5
0
0
2.3
1.5
1.0","73
74

75
80
83","74
75

75
79
82","74
75

76
81
84",0.8,2.1,1,0.8,46178,0.8,45989,2.Semi-Critical,3,6.64,10.26666667,0.6777108434,0.6666666667,46188.2,46191.5,42461,0,NA,46208,7.266666667,0,6.75,0.01104417671,3.626666667,0.11
,a0f63320-5b7b-454f-bf3b-5c03f05f9f68,764,RMPP,RMHS (COAL),BC10(COAL),B,16,800,SAR70,5,"01-11-2024
10-10-2025
04-08-2026","
2.1
1.4","0
0
3.0","
0
2.2",80,79,80,1.4,3,2.2,1.4,46238,1.4,45989,2.Semi-Critical,3,11.15,10.26666667,0.4035874439,0.4337349398,46323.5,46300.25,42461,0,NA,46268,7.266666667,0,10.375,-0.03014749581,-0.8833333333,-0.775
,d7a852b7-c9e8-4405-ae3d-61e200dc4d02,765,RMPP,RMHS (COAL),BC11(COAL),A,50,900,SAR70,5,"29-08-2024
25-12-2024
28-02-2025
07-05-2025
17-01-2026
01-03-2026
03-04-2026
19-05-2026","0
0
0
4.1
2.6
2.3
1
0","3.1
2.6
1.2
4
2.4
2.0
1.7
0.3","0
0
0
3.8
3.3
2.2
1.8
1.6","70
77","70
73","70
75",0,0.3,1.6,0,46161,0,46178,4.Non-Critical,6,14.11,3.966666667,0.3189227498,0.3189227498,46601.3,46601.3,42461,0,46389.65,NA,-2.033333333,0,14.11,0,-10.14333333,9.77E-14
,98bd1430-0172-4e45-9111-7ca0b3ae363f,766,RMPP,RMHS (COAL),BC13(COAL),B,18,800,SAR70,5,"30-08-2024
24-01-2025
28-02-2025
21-05-2025
04-08-2025
03-04-2026
01-06-2026
26-07-2026","3.5
1.4
1.1
0
0 
3.0
2.8
2.7","1.75
1.6
1.5
1.3
0
2.8
2.5
2.5","0
0
0
0
0
2.3
2.2
2.1","78
79

83
83
84
84","75
77

80
83
84
84","PLY 
78

82
85
85
85",2.7,2.5,2.1,2.1,46229,2.1,45940,3.Marginal,3,12.89,11.9,0.3491078355,0.3010380623,46326.7,46388.44828,42461,0,NA,46289,8.9,0,14.94827586,0.04806977325,-0.99,2.058275862
,1f9d4ba9-4be7-434e-859b-309cdf7f4a64,767,RMPP,RMHS (COAL),BC14(COAL),B,18,800,SAR70,5,"30-08-2024
24-01-2025
21-05-2025
04-08-2025
28-02-2026
03-04-2026
01-06-2026
26-07-2026","2.7
3.3
1.6
0
3.4
2.6
1.9
1.8","3.6
2.2
2.1
0
3.6
3.2
2.8
2.2","2.7
2.9
1.5
0
2.6
1.6
1.0
0","75
75
77
78
78
79
79","73
76
78
78
78
80
80","76
77
79
79
80
80
80",1.8,2.2,0,0,46229,0,45940,1.Critical,3,8.4,11.9,0.5357142857,0.5190311419,46192,46200.1,42461,0,NA,Critical,8.9,0,8.67,0.01668314385,3.5,0.27
,41bde545-0f45-4b93-8dcc-bdf3894c940b,768,RMPP,RMHS (COAL),BC15(COAL),B,35,1000,SAR70,6,"30-08-2024
24-01-2025
21-05-2025
04-08-2025
11-11-2025
10-01-2026
02-02-2026
01-03-2026
03-04-2026
19-05-2026","0
4.4
3.9
3.8
0.3
0.2
0.2
0.1
0
0","0
4.4
3.7
3.5
1.8
1.7
1.7
1.3
0.8
0.7","0
4.3
3.8
3.1
2.1
1.8
1.7
1.4
0.5
0.4","86
72
73
73
73
73
73","79
71
72
71
71
72
72","
71
73
71
71
71
74",0,0.7,0.4,0,46161,0,45638,1.Critical,6,12.02,21.96666667,0.4575707155,0.34416826,45998.6,46117.41667,42461,0,NA,Critical,15.96666667,0,15.98055556,0.1134024554,9.946666667,3.960555556
,9d7832b1-580d-4fcd-8d3b-adc3b6179851,769,RMPP,RMHS (COAL),BC16(COAL),B,35,1000,SAR70,6,"5/16/2025
7/15/2025
11-11-2025
02-02-2026
03-04-2026
19-05-2026","3.6
3.4
2.5
1.6
0.5
0","3.8
3.6
3.4
2.6
2.1
2","3.7
3.5
3.4
2.5
0.8
0.5","70
71
76
78","69
72
75
77","70
72
76
77",0,2,0.5,0,46161,0,46178,4.Non-Critical,6,8.07,3.966666667,0.6815365551,0.6815365551,46420.1,46420.1,42461,0,46299.05,NA,-2.033333333,0,8.07,0,-4.103333333,-4.80E-14
,e0edb5df-8e18-4318-869b-348b842574ad,770,RMPP,RMHS (COAL),FTH11AC1,A,230,1000,SAR70,6,"25-12-2024
21-05-2025
10/10/25
03-04-2026
05-06-2026
01-08-2026
28-08-2026","4.5
4.2
3.9
3.8
3.7
3.7
3.5","3.6
3.5
3.3
2.2
2.0
1.8
1.7","3.5
4.2
3.6
3.5
3.5
3.4
3","77
78

78
79","76
77

77
78","75
77

78
78",3.5,1.7,3,1.7,46262,1.7,45155,3.Marginal,18,29.57,38.06666667,0.1859993236,0.1165311653,46042.1,46570.93023,42461,0,NA,46292,20.06666667,0,47.19767442,0.06946815833,8.496666667,17.62767442
,9a08910f-7bb2-485d-80d6-083767df9254,771,RMPP,RMHS (COAL),FTH12C1,A,160,1000,SAR70,6,"25-12-2024
28-03-2025
10/10/25
03-04-2026","4.6
4.3
4
3.7","4.5
4.1
3.9
3.6","5
4.7
4.3
4","76
75

81","74
75

81","76
76

82",3.7,3.6,4,3.6,46115,3.6,45362,4.Non-Critical,18,33.89,31.16666667,0.162289761,0.09561752988,46378.7,47087.625,42461,0,NA,46295,13.16666667,0,57.52083333,0.06667223111,-2.723333333,23.63083333
,4ffa5473-dc9e-4d5a-adaf-8b85379f831a,772,RMPP,RMHS (COAL),FTH13C1,A,235,1000,SAR70,6,"25-12-2024
28-03-2025
10/10/25
03-04-2026
05-06-2026
28-08-2026","4
3.8
3.5
2.8
2.6
2.6","4.5
4.2
4
3.7
3.4
3.3","4
3.5
3
3
2.9
2.7","75
75
82
84","75
76
81
83","75
75
81
84",2.6,3.3,2.7,2.6,46262,2.6,45298,3.Marginal,18,41.25,33.3,0.1333333333,0.1058091286,46535.5,46857.41176,42461,0,NA,46322,15.3,0,51.98039216,0.0275242047,-7.95,10.73039216
,9933e3a1-92c8-4383-aa6e-699136310ccf,773,RMPP,RMHS (COAL),BC5AC1,B,16,1200,SAR70,5,"01-08-2024
24-01-2025
28-07-2025","3.1
3.1
1","2.9
2.7
0","4.1
3.8
1",76,75,75,1,0,1,0,45866,0,46293,4.Non-Critical,3,5.66,0.1333333333,0.7950530035,0.7950530035,46462.8,46462.8,42461,0,NA,NA,-2.866666667,0,5.66,0,-5.526666667,9.68E-14
,b991bcab-8463-4610-8979-7d5e7fc8181d,774,RMPP,RMHS (COAL),BC5AC2,B,21,1200,SAR70,5,"28-03-2025
21-05-2025
04-08-2025
03-04-2026","4.6
0
0
0","4.7
3.0
2.5
4.5","4.3
0
0
0","73
82
85","75
77
78","75
81
82",0,4.5,0,0,46115,0,45940,1.Critical,3,13.45,11.9,0.3345724907,0.8571428571,46343.5,46097.5,42461,0,NA,Critical,8.9,0,5.25,-0.5225703664,-1.55,-8.2
,6addc470-6396-48a8-8c4e-1884a4bbcedb,775,RMPP,RMHS (COAL),FCSBRSC1,A,55,1000,SAR70,6,"25-12-2024
10-10-2025
03-04-2026","0
5.4
5.0","0
5.2
4.9","0
5.3
4.8","80

76","80

75","80

76",5,4.9,4.8,4.8,46115,4.8,45695,4.Non-Critical,9,28.37,20.06666667,0.1938667607,0.08571428571,46546.1,47620,42461,0,NA,46295,11.06666667,0,64.16666667,0.1081524749,-8.303333333,35.79666667
,16835253-fcc8-46b2-942a-19e6b4343758,776,RMPP,RMHS (COAL),RMPP-FCSBC1,A,46,1000,SAR70,6,"25-12-2024
28-02-2025
10/10/25","3.5
3.3
2.2","2.5
1.9
0","1.2
1
0","78
77","79
80","77
79",2.2,0,0,0,45940,0,45989,4.Non-Critical,6,20.37,10.26666667,0.2700049092,0.2700049092,46600.1,46600.1,42461,0,46294.55,NA,4.266666667,0,20.37,0,-10.10333333,-4.97E-14
,5464039a-96f4-46f6-af92-3188a5016ac8,777,RMPP,RMHS (COAL),RMPP-FCSBC2,A,19,1000,SAR70,6,"03-04-2026
01-08-2026","2.9
2.5","2.9
2.6","2.8
2.2","72
74","72
75","74
77",2.5,2.6,2.2,2.2,46235,2.2,45940,3.Marginal,3,11.97,11.9,0.4594820384,0.386440678,46299.1,46366.97368,42461,0,NA,46295,8.9,0,14.23245614,0.07304136046,-0.07,2.26245614
,e6e5fce8-ce9d-45f6-bec1-a8321bce5baa,778,RMPP,RMHS (COAL),FCSBRSC2,A,55,1000,SAR70,6,"25-12-2024
28-02-2025
10-10-2025
22-01-2026","2.5
2.3
3.5
2.8","2.2
1.5
4.2
3.9","4.7
4
4.1
4.0","80
70
71","73
70
71","74
70
70",2.8,3.9,4,2.8,46044,2.8,46102,4.Non-Critical,9,24.05,6.5,0.2286902287,0.2286902287,46823.5,46823.5,42461,0,46462.75,NA,-2.5,0,24.05,0,-17.55,0
,d98ad675-4b2f-4038-9568-d4aa461fd452,779,RMPP,RMHS (COAL),BC6(DIS),C,28,1000,SAR70,6,"05-05-2025
01-08-2026","4.2
3.5","3.4
3.3","4.2
3.2","71
74","70
72","71
74",3.5,3.3,3.2,3.2,46235,3.2,44562,4.Non-Critical,3,49.05,57.83333333,0.1121304791,0.05020920502,46033.5,47848.25,42461,0,NA,46415,54.83333333,0,109.5416667,0.06192127408,8.783333333,60.49166667
,dc94e9df-1a09-4bd8-94ee-d450a8218140,780,RMPP,RMHS WASHERY,CW1C1,A,370,1200,SAR70,5,"03-10-2024
20-12-2024
18-02-2025
10-09-2025
02-03-2026
13-08-2026
24-09-2026","3
2.9
2.6
4.2
3.6
1.83
1.75","2.9
2.2
2
4.4
3.5
2.38
2.21","3.2
2.5
2.2
4.2
3.7
3.28
2.34","78
79

62
72
75
76","75
76

62
72
73
75","79
79

64
73
74
75",1.75,2.21,2.34,1.75,46289,1.75,45771,3.Marginal,18,24.18,17.53333333,0.1861042184,0.1882239382,46496.4,46488.23077,42461,0,NA,46319,-0.4666666667,0,23.90769231,-0.002119719862,-6.646666667,-0.2723076923
,ff7772ff-4775-4865-82be-8bc7ca313460,781,RMPP,RMHS WASHERY,BC1(WASHERY),A,130,1000,SAR70,6,"03-10-2024
20-12-2024
18-02-2025
23-05-2025
13-06-2025
05-08-2025
10/28/2025
02-12-2025
03-01-2026
02-03-2026
14-05-2026","2.7
2.6
2.4
2.4
2.3
1.2
0.8
0.1
0
0
0","3.4
3
2.7
2.6
2.6
2.5
2.4
2.2
2
1.9
0.9","4
3.2
2.3
1.7
1.7
0
0
0
0
0
0","76
80
79

81
86
86
86
86","75
79
78

78
78
79
80
81","77
80
79

79
79
80
81
85",0,0.9,0,0,46156,0,44197,1.Critical,9,61.04,70,0.09010484928,0.09188361409,46028.2,45992.75,42461,0,NA,Critical,61,0,59.85833333,-0.00177876481,8.96,-1.181666667
,c9bd8c73-5e73-4153-905e-e952bb220176,782,RMPP,RMHS WASHERY,BC2(WASHERY),A,30,1000,SAR70,5,"03-10-2024
20-12-2024
18-02-2025
18-04-2025
23-05-2025
13-06-2025
05-08-2025
02-12-2025
14-05-2026","0
0
0
0
0
0
0
4.4
3.7","2.9
2.2
1.1
0.8
0.6
0.6
0.5
4.6
4.0","3
1.6
1.2
0.5
0
0
0
4.6
0","79
79
80


83
85
75
81","72
71
72


72
73
73
81","71
80
80


82
86
75
84",3.7,4,0,0,46156,0,45910,1.Critical,3,27.71,12.9,0.1623962468,0.6097560976,46741.3,46131.4,42461,0,NA,Critical,9.9,0,7.38,-0.4473598507,-14.81,-20.33
,4645a114-969d-4c3d-a7bf-8b5e05582e81,783,RMPP,RMHS WASHERY,BC3(WASHERY),A,160,1000,SAR70,6,"03-10-2024
20-12-2024
18-02-2025
23-05-2025
13-06-2025
05-08-2025
10-09-2025","0
0
0
0
0
0
0","2.4
1.9
1.4
1.3
1.3
1.2
1.0","0
0
0
0
0
0
0","
83
84

84
88","
78
82

82
82","
83
85

85
89",0,1,0,0,45910,0,45972,4.Non-Critical,18,33.49,10.83333333,0.1642281278,0.1642281278,46976.7,46976.7,42461,0,46474.35,NA,-7.166666667,0,33.49,0,-22.65666667,-9.95E-14
,d2e2e7e0-bca5-4fe6-9f12-e10978518b1d,784,RMPP,RMHS WASHERY,BC17(WASHERY),A,250,800,SAR70,5,"03-10-2024
20-12-2024
18-02-2025
23-05-2025
13-06-2025
05-08-2025
9/10/2025
10/28/2025
02-12-2025
03-01-2026","2.6
1.4
1.1
1
1.0
1.0
0
0
0
0","3.5
2.9
2
1.8
1.7
1.6
1.6
1.5
1.5
1.2","3.6
1.7
1.3
0
0
0
0
0
0
0","70
75
76

76
78
91","74
72
75

75
75
76","72
74
75

84
91
91",0,1.2,0,0,46025,0,46168,4.Non-Critical,18,31.01,4.3,0.1451144792,0.1451144792,47098.3,47098.3,42461,0,46633.15,NA,-13.7,0,31.01,0,-26.71,9.59E-14
,00f791fe-cfc7-45f3-92a0-9e48fb5765dc,785,RMPP,RMHS WASHERY,BC18(WASHERY),A,25,800,SAR70,6,"20-12-2024
18-02-2025
09/10/2025
02-12-2025
12-01-2026
24-09-2026","1.6
0
0
0
0
0","4
3.3
5.4
5.2
0
4.18","2.2
0
4.4
2.6
1.3
0","70
86
87
70","67
70
85
69","64
65
86
65",0,4.18,0,0,46289,0,46050,1.Critical,3,15.82,8.233333333,0.3476611884,0.7531380753,46524.6,46269.08333,42461,0,NA,Critical,5.233333333,0,7.302777778,-0.4054768869,-7.586666667,-8.52E+00
,e549c774-7242-4764-a366-fb8760d02a47,786,RMPP,RMHS WASHERY,BC19(WASHERY),A,70,800,SAR70,8,"20-12-2024
23-05-2025
05-08-2025
9/10/2025
02-12-2025
14-05-2026","5.7
5.7
5.6
5.6
5.6
5.5","5.7
5.4
5.3
5.2
5.2
5.1","5.8
5.7
5.7
5.6
5.6
5.6","71
72
72
73
77","70
71
72
72
78","69
70
73
73
77",5.5,5.1,5.6,5.1,46156,5.1,45349,4.Non-Critical,9,27.63,31.6,0.2714440825,0.1078066914,46177.9,47436.06897,42461,0,NA,46336,22.6,0,69.56896552,0.1636373911,3.97,41.93896552
,3e3f2893-26a7-48a2-a393-ab5e0e0d7b89,787,RMPP,RMHS WASHERY,BC20(WASHERY),A,40,800,SAR70,5,"10-09-2024
20-12-2024
18-03-2025
10-09-2025
02-03-2026
26-05-2026
23-07-2026
13-08-2026","3.9
4.0
3.9
3.7
3.7
3.5
3.4
3.25","0
4.4
4.3
4.2
4.1
4.0
3.7
3.57","4.2
3.7
3.5
3.4
3.3
3.3
3.2
3.15","74
74
74
75
75
75","PLY
73
74
74
75
75","74
76
75
75
76
76",3.25,3.57,3.15,3.15,46247,3.15,45551,4.Non-Critical,6,28.61,24.86666667,0.1572876617,0.07974137931,46409.3,47243.97297,42461,0,NA,46427,18.86666667,0,56.43243243,0.07754628235,-3.743333333,27.82243243
,75ab773f-af03-425a-b0fe-9491375dd34d,788,RMPP,RMHS WASHERY,BC22(WASHERY),A,200,650,SAR70,5,"20-12-2024
18-03-2025
09/10/2025
10/28/2025
02-12-2025
14-05-2026","3.5
3.2
1.8
1.7
1.6
0","4.5
4.5
4.4
3.8
3.7
3.6","3.5
3.4
3.3
3.2
3.0
0.5","80
80
82
85","81
81
81
84","81
81
83
84",0,3.6,0.5,0,46156,0,45197,1.Critical,18,29.4,36.66666667,0.1530612245,0.1564129301,46079,46060.1,42461,0,NA,Critical,18.66666667,0,28.77,-0.003351705646,7.266666667,-0.63
,31821472-57a2-44f5-b6ad-c395e3b114c4,789,RMPP,RMHS WASHERY,SH2C1,B,520,800,SAR70,5,"24-10-2024
20-12-2024
18-02-2025
23-05-2025
24-09-2026","2.8
2.8
2.5
2.3
4.67","2.9
2.2
2
1.9
4.71","2.9
3.1
2.8
2.5
4.70","72
71
85
71","71
70
86
70","73
73
85
69",4.67,4.71,4.7,4.67,46289,4.67,45869,4.Non-Critical,18,26.86,14.26666667,0.1675353686,0.02357142857,46674.8,51596.27273,42461,0,NA,46469,-3.733333333,0,190.9090909,0.14396394,-12.59333333,1.64E+02
,3eb6d8c4-dffc-4a50-bae2-40b9a49600bd,790,RMPP,RMHS PPF ,FTH14C1,B,108,1000,SAR70,6,"20-10-2024
06-03-2025
05-08-2025","4.1
3.8
3.7","3.9
3.2
3.0","4.1
3.6
3.5","71
70
70","73
73
73","71
71
71",3.7,3,3.5,3,45874,3,44197,3.Marginal,9,61.04,70,0.09010484928,0.05366726297,46028.2,47271.5,42461,0,NA,46054,61,0,102.4833333,0.03643758631,8.96,41.44333333
,1c26cde8-afa7-4b51-81b3-8096a48fcbad,791,RMPP,RMHS PPF ,FTH14C2,B,152,1000,SAR70,6,"20-10-2024
13-11-2024
27-12-2025","2.4
2.1
0","2.9
2.8
3.7","0X2
0X2
1.2","84
84
84","86
86
74","87
87
75",0,3.7,1.2,0,46018,0,45632,1.Critical,18,18.33,22.16666667,0.3000545554,0.4663212435,46181.9,45985.83333,42461,0,NA,Critical,4.166666667,0,11.79444444,-0.1662666881,3.836666667,-6.535555556
,64f3c589-5341-4f0c-8e33-4c2d59f61664,792,RMPP,RMHS PPF ,FTH14AC1,B,124,1000,SAR70,6,"1/14/2025
14-11-2025
05-01-2026
03-02-2026
13-03-2026
09-04-2026
18-05-2026
06-06-2026
01-08-2026","3.8
3.8
3.7
3.5
2.9
2.9
2.8
2.5
2.4","3.8
2.2
2.1
2.0
2.0
1.9
1.7
1.4
1.4","3.9
3.2
2.9
2.8
2.8
2.7
2.5
2.5
2.5","73
73
73
77
78
79
79","72
74
75
80
80
80
81","73
74
74
81
81
81
82",2.4,1.4,2.5,1.4,46235,1.4,44197,2.Semi-Critical,9,61.04,70,0.09010484928,0.06771344455,46028.2,46633.73913,42461,0,NA,46265,61,0,81.22463768,0.02239140473,8.96,20.18463768
,3fc2e1fa-221f-4717-bc11-24b7941ceab1,793,RMPP,RMHS PPF ,FTH15AC1,B,106,1000,SAR70,6,"20-10-2024
27-12-2025
23-07-2026","0
3.6
3.4","2.4
4.2
4.0","1.3
3.9
3.7","75
74
75","71
71
73","71
72
76",3.4,4,3.7,3.4,46226,3.4,45664,4.Non-Critical,9,35.5,21.1,0.1549295775,0.1387900356,46729,46852.84615,42461,0,NA,46406,12.1,0,39.62820513,0.01613954188,-14.4,4.128205128
,a4e95324-4db0-4053-b973-b526351bad7d,794,RMPP,RMHS PPF ,FTH16AC1,B,52,1000,SAR70,6,"14-01-2025
23-05-2025
05-08-2025
14-11-2025
05-01-2026
01-03-2026
09-04-2026
10-07-2026","2.0
1.9
1.9
1.8
1.8
1.7
1.7
1.6","2.5
2.5
2.5
2.4
2.1
2.0
2.0
0.7","3.0
2.9
2.7
2.5
2.5
2.4
2.4
2.3","74
75
77
79
80
81","75
77
78
80
81
82","77
78
80
82
83
84",1.6,0.7,2.3,0.7,46213,0.7,44245,2.Semi-Critical,9,59.46,68.4,0.0924991591,0.08079268293,46028.8,46287.26415,42461,0,NA,46243,59.4,0,68.0754717,0.01170647617,8.94,8.615471698
,ce8ff88b-3790-43ac-a71f-1ce355714ba1,795,RMPP,RMHS PPF ,FTH17AC1,B,24,1000,SAR70,6,"14-01-2025
23-05-2025
05-08-2025
14-11-2025
18-05-2026
10-07-2026","3.1
3.1
3.0
2.9
2.8
2.8","3.9
3.8
3.7
3.7
3.6
3.6","4.0
3.9
3.8
3.7
3.6
3.5","78
80
82
84
85","78
79
81
83
84","83
84
84
85
85",2.8,3.6,3.5,2.8,46213,2.8,44460,3.Marginal,3,52.4,61.23333333,0.1049618321,0.05476326298,46032,47472.96875,42461,0,NA,46273,58.23333333,0,100.4322917,0.05019856908,8.833333333,48.03229167
,edd01e7f-28dc-4e56-b687-682dfda8f51b,796,RMPP,RMHS PPF ,BF01,B,12.5,1200,SAR70,5,"1/14/2025
05-08-2025
14-11-2025
12-12-2025
05-01-2026
03-02-2026
09-04-2026
18-05-2026","2.2
2.1
2
2.0
1.8
1.7
1.6
0","3
1.9
1.2
1.0
0.8
0.7
0.6
0.1","0
0
0
0
0
0
0
0","81
85
85
85
86
91","81
84
86
86
86
90","78
85
86
88
89
89",0,0.1,0,0,46160,0,46235,4.Non-Critical,1,54.73,2.066666667,0.08222181619,0.08222181619,47876.9,47876.9,42461,0,47055.95,NA,1.066666667,0,54.73,0,-52.66333333,0
,3f5b5201-1c7b-473a-8020-6c7d985c819e,797,RMPP,RMHS PPF ,AJ1C1,A,1400,1000,SAR70,5,"19-10-2024
11-02-2025
05-08-2025
07-11-2025
03-02-2026
09-04-2026
02-06-2026
17-07-2026
20-08-2026","2.4
2.1
2.1
2
1.9
1.8
1.7
1.7
1.65","2.9
2.6
2.5
2.4
2.3
2.1
1.8
1.7
1.60","2.4
2.2
2.2
2
1.9
1.7
1.6
1.59
1.51","80
81
81
84
85
85
85","81
81
81
84
85
85
85","80
80
80
83
84
85
85",1.65,1.6,1.51,1.51,46254,1.51,44197,3.Marginal,18,61.04,70,0.07372214941,0.05089936801,46028.2,46849.29226,42461,0,NA,46284,52,0,88.40974212,0.0228227814,8.96,27.36974212
,757cf407-3138-4ac4-897a-d1b0b39d5432,798,RMPP,RMHS PPF ,AJ2C1,A,154,1000,SAR70,6,"19-10-2024
11-02-2025
05-08-2025
07-11-2025
03-02-2026
13-03-2026
09-04-2026","1.74
1.3
1.1
1.1
1.1
1.1
1.0","2.8
2.4
2.1
1.5
1.5
1.1
1.0","1.47
1.1
0
0
0
0
0","76
77
77
78
80","75
76
76
78
79","76
76
77
80
81",1,1,0,0,46121,0,44197,1.Critical,18,61.04,70,0.09010484928,0.09355509356,46028.2,45960.66667,42461,0,NA,Critical,52,0,58.78888889,-0.003450244276,8.96,-2.251111111
,1fc786cc-1d7e-4a97-a9eb-add7a806267b,799,RMPP,RMHS PPF ,AJ3C1,A,1400,1000,SAR70,5,"19-10-2024
11-02-2025
05-08-2025
03-02-2026
09-04-2026
02-06-2026
20-08-2026","3.4
3.2
3.1
3.0
2.9
2.8
2.7","3.14
3.1
3.0
3.0
2.9
2.9
2.72","3.39
3.3
3.3
3.1
2.9
2.8
2.85","78
81
81
82
82
83","80
82
83
83
83
84","78
81
83
83
84
84",2.7,2.72,2.85,2.7,46254,2.7,44400,3.Marginal,18,54.37,63.23333333,0.08276623138,0.03721682848,46031.1,48027.3913,42461,0,NA,46314,45.23333333,0,120.9130435,0.0455494029,8.863333333,66.54304348
,a561c3e7-beac-4abe-aab1-0ee6f5269fcd,800,RMPP,RMHS PPF ,AJ4C1,A,1200,1000,SAR70,5,"19-10-2024
11-02-2025
14-07-2025
11-08-2025
07-11-2025
16-01-2026
13-03-2026
25-05-2026
02-06-2026
17-07-2026
28-08-2026","3.3
3.2
3.1
2.8
2.6
2.4
1.7
1.6
1.6
1.5
1.5","3.6
3.5
3.4
3.0
2.7
2.5
2.0
1.8
1.7
1.6
1.5","3.7
3.7
3.6
2.9
2.7
2.6
1.9
1.8
1.7
1.7
1.6","
81
82
82
85
85
88
89
89
89","
81
82
84
88
89
89
89
89
89","
82
83
84
86
86
87
88
88
89",1.5,1.5,1.6,1.5,46262,1.5,44197,2.Semi-Critical,18,61.04,70,0.07372214941,0.05084745763,46028.2,46852,42461,0,NA,46292,52,0,88.5,0.02287469178,8.96,27.46
,61e43410-8bfb-4359-9ffa-50442cffcad5,801,RMPP,RMHS PPF ,AJ5C1,A,120,1000,SAR70,6,"19-10-2024
11-02-2025
8/11/2025
16-01-2026
03-02-2026
13-03-2026
09-04-2026
25-05-2026","2.7
2.3
1.9
1.4
0.5
0.4
0.3
0.2","3.8
2.8
2.4
2.2
2.1
2.1
1.9
1.9","3.8
2.8
2.3
2
1.5
1.5
1.4
1.2","71
80
81
82
83
83","70
75
76
77
82
82","71
78
79
79
82
82",0.2,1.9,1.2,0.2,46167,0.2,44197,1.Critical,9,61.04,70,0.09010484928,0.0883248731,46028.2,46065.10345,42461,0,NA,Critical,61,0,62.27011494,0.001779976183,8.96,1.230114943
,2e6ed339-2872-403d-9b5b-18b3c4c86447,802,RMPP,RMHS PPF ,AJ6C1,A,492,1000,SAR70,6,"19-10-2024
11-02-2025
8/11/2025
07-11-2025
16-01-2026
13-03-2026
25-05-2026
02-06-2026
17-07-2026
28-08-2026","3.4
3.2
3
2.9
2.3
2.0
1.9
1.5
1.5
1.4","3.6
3.3
3.3
3.1
2.9
2.7
2.7
2.7
2.5
2.3","3.6
3.3
3.1
2.8
2.3
2.2
2.2
2.1
2.0
2","80
83
84
85
87
88
88","81
85
86
86
87
88
88","80
83
83
85
88
88
88",1.4,2.3,2,1.4,46262,1.4,44197,2.Semi-Critical,18,61.04,70,0.09010484928,0.06682808717,46028.2,46666.02174,42461,0,NA,46292,52,0,82.30072464,0.02327676211,8.96,21.26072464
,37bd2ef9-fa8e-421f-b41f-f7f629f9d9bf,803,RMPP,RMHS PPF ,AJ7C1,A,220,1000,SAR70,6,"19-10-2024
11-02-2025
11-08-2025
03-02-2026
02-06-2026","3.5
3.5
3.4
3.4
3.2","4.1
4.0
3.9
3.9
3.7","3.8
3.7
3.6
3.6
3.4","75
77
80
83","75
76
78
83","76
77
79
83",3.2,3.7,3.4,3.2,46175,3.2,44709,4.Non-Critical,18,44.22,52.93333333,0.1243781095,0.05729877217,46035.6,47588.64286,42461,0,NA,46355,34.93333333,0,95.98809524,0.06707933728,8.713333333,51.76809524
,422b64df-cecc-438e-a93f-614799082712,804,RMPP,RMHS PPF ,AJ7C2,A,226,1000,SAR70,6,"19-08-2024
16-10-2024
11-02-2025
11-08-2025
07-11-2025
17-07-2026","4.2
4.2
4.1
3.9
3.6
2.5","4.4
4.3
4.2
4
3.9
2.7","4.2
4.2
4.1
3.9
3.8
3.7","83
82
82
82
83","85
82
83
82
83","84
83
82
83
83",2.5,2.7,3.7,2.5,46220,2.5,45602,3.Marginal,18,38.68,23.16666667,0.1421923475,0.1699029126,46762.4,46573.14286,42461,0,NA,46280,5.166666667,0,32.37142857,-0.02771056515,-15.51333333,-6.308571429
,8e651ee6-14ee-472d-9149-83fc72804282,805,RMPP,RMHS PPF ,AJ8C1,A,250,1000,SAR70,6,"19-10-2024
11-02-2025
8/11/2025
16-01-2026
13-03-2026
02-06-2026
28-08-2026","3.2
3
2.9
2.6
2.1
2.0
1.8","3.5
3.2
3.1
3
2.7
2.7
2.6","3.5
3.3
3.2
2.9
2.9
2.7
2.5","80
81
82
82
85","80
81
82
82
83","80
81
81
82
85",1.8,2.6,2.5,1.8,46262,1.8,44197,3.Marginal,18,61.04,70,0.09010484928,0.06101694915,46028.2,46901.16667,42461,0,NA,46292,52,0,90.13888889,0.02908790013,8.96,29.09888889
,12f72f60-90dc-467d-a817-b86e179cb072,806,RMPP,RMHS PPF ,AJ8C2,A,240,1000,SAR70,6,"16-10-2024
11-02-2025
16-06-2025","2.7
2.5
0","4.3
3.8
0","4.1
3.5
0",82,80,79,0,0,0,0,45824,0,45859,4.Non-Critical,18,33.11,14.6,0.1661129568,0.1661129568,46852.3,46852.3,42461,0,46355.65,NA,-3.4,0,33.11,0,-18.51,9.95E-14
,c56bf3c8-4034-4325-a731-5948cf89ed14,807,RMPP,RMHS PPF ,2J18C3,B,136,1000,SAR70,6,"20-10-2024
27-12-2025
22-01-2026
11-02-2026
21-09-2026","2.9
2.3
1.98
1.91
1.89","2.7
1.7
1.6
1.5
1.27","1.7
1.4
1.2
1.2
1.03","75
78
80
81","76
77
79
80","77
79
80
81",1.89,1.27,1.03,1.03,46286,1.03,44197,2.Semi-Critical,9,61.04,70,0.09010484928,0.07137386309,46028.2,46508.77062,42461,0,NA,46316,61,0,77.05902079,0.01873098619,8.96,16.01902079
,0f7da080-bbcc-4189-83ad-e13b9f1d658f,808,RMPP,RMHS PPF ,2J18C4,B,106,1000,SAR70,6,"4/28/2025
11/19/2025
27-12-2025
12-02-2026
24-03-2026","1.5
0.7
0.4
0
0","2.8
2.7
2.6
2.3
0","1.3
0
0
0
0","80
82
84","83
85
85","81
85
85",0,0,0,0,46105,0,46226,4.Non-Critical,9,61.04,2.366666667,0.09010484928,0.09010484928,48057.2,48057.2,42461,0,47141.6,NA,-6.633333333,0,61.04,0,-58.67333333,-9.95E-14
,0bec37a5-fa68-4424-aa25-fc26574f8bf6,809,RMPP,RMHS PPF ,RPPC1,B,13,1000,SAR70,6,"04-09-2025
26-09-2026","4.9
3.68","4.8
2.74","5.2
2.74","74
75","73
74","74
74",3.68,2.74,2.74,2.74,46291,2.74,46142,3.Marginal,1,10.12,5.166666667,0.5434782609,0.6563758389,46445.6,46393.38037,42461,0,NA,46351,4.166666667,0,8.379345603,-0.1128975781,-4.953333333,-1.74E+00
,852d4494-e13b-4c67-b705-bf4f0f152279,810,RMPP,RMHS PPF ,RPPC2,B,12,1000,SAR70,6,"30-01-2025
17-04-2025
13-04-2025
21-11-2025","3.8
2.3
1.8
0","3.9
3.6
3.0
0","3.8
2.1
1.1
0","
74
76
82","
73
74
78","
73
77
83",0,0,0,0,45982,0,46184,4.Non-Critical,1,25.2,3.766666667,0.2182539683,0.2182539683,46940,46940,42461,0,46562,NA,2.766666667,0,25.2,0,-21.43333333,0
,0a74b284-e15e-4708-a46c-0e6c6e0afa79,811,RMPP,RMHS PPF ,RPPC3,B,12,1000,SAR70,6,"18-12-2024
30-01-2025
20-01-2025","3.4
3.2
1.0","3.4
3.3
0.5","3.8
3.6
0","73
81","72
81","74
85",1,0.5,0,0,46042,0,46202,4.Non-Critical,1,27.87,3.166666667,0.1973448152,0.1973448152,47038.1,47038.1,42461,0,46620.05,NA,2.166666667,0,27.87,0,-24.70333333,-4.97E-14
,eb95c225-38fe-4876-8a3e-10734f23a396,812,RMPP,RMHS PPF ,2J19C1,B,130,1000,SAR70,6,"20-08-2024
01-03-2025
17-12-2025
03-03-2026
08-09-2026","3.8
3.5
1.8
1.4
1.4","3.9
3.8
2.3
2.2
1.8","3.9
3.8
3.71
3.63
3.53","71
72

72
73","72
72

73
75","73
73

73
74",1.4,1.8,3.53,1.4,46273,1.4,46284,4.Non-Critical,9,36.68,0.4333333333,0.1499454744,0.1499454744,47384.4,47384.4,42461,0,46834.2,NA,-8.566666667,0,36.68,0,-36.24666667,0
,491f8930-0c37-422f-8356-45879dc9ede4,813,RMPP,RMHS PPF ,2J19C2,B,142,1000,SAR70,6,"4/28/2025
11/19/2025
27-12-2025
23-07-2026","3.6
2.7
2.6
2.4","4
3.8
3.8
3.1","4.2
2.7
2.5
2.2","72
75
75","72
75
75","73
74
75",2.4,3.1,2.2,2.2,46226,2.2,45481,3.Marginal,9,34.23,27.2,0.160677768,0.1530201342,46507.9,46559.28947,42461,0,NA,46286,18.2,0,35.94298246,0.007657633812,-7.03,1.712982456
,113e8e51-c53b-409a-afb7-42ea5f6d1892,814,RMPP,RMHS PPF ,2J19C3,B,12,1000,SAR70,6,"22-05-2026
23-07-2026","5.2
1.4","1.9
1.5","3.7
1.7","76
80","75
83","76
82",1.4,1.5,1.7,1.4,46226,1.4,46080,2.Semi-Critical,1,27.87,7.233333333,0.1973448152,0.9452054795,46916.1,46254.56522,42461,0,NA,46256,6.233333333,0,5.81884058,-0.7478606642,-20.63666667,-22.05115942
,943eb6ee-4f13-43ff-9945-e75b570e98db,815,RMPP,RMHS PPF ,2J19C4,B,10.5,1000,SAR70,6,45980,0,0,0,81,85,83,0,0,0,0,45980,0,46018,4.Non-Critical,1,19,9.3,0.2894736842,0.2894736842,46588,46588,42461,0,46303,NA,8.3,0,19,0,-9.7,0
,bb945c79-65a5-48e9-83e3-d5a5b3ee0413,816,RMPP,RMHS PPF ,JPP4C1,B,126,1000,SAR70,8,"11/27/2024
04-09-2025
30-01-2026
23-07-2026
26-09-2026","6.3
5.5
5.3
5.2
5.1","5.8
5.2
5.2
5.1
5.0","6
5.9
5.6
5.6
5.4","74
76
77
79","71
74
75
77","71
76
77
78",5.1,5,5.4,5,46291,5,44197,4.Non-Critical,9,61.04,70,0.122870249,0.04297994269,46028.2,49432,42461,0,NA,46471,61,0,174.5,0.07989030632,8.96,113.46
,7286e5b2-103c-4a8c-a70a-a365f0e7cfb5,817,RMPP,RMHS PPF ,JPP4C2,B,134,1000,SAR70,6,"20-08-2024
30-01-2025
17-04-2025
02-06-2025
21-11-2025
27-01-2026
13-04-2026
11-06-2026","3.9
3.8
3.7
3.7
3.6
3.6
3.4
3.0","3.8
3.7
3.7
3.6
3.5
3.4
3.2
2.9","3.8
3.2
3.1
2.9
2.9
2.8
2.6
2.3","74
74
74
75
77
81","71
72
73
74
78
82","71
73
74
75
76
82",3,2.9,2.3,2.3,46184,2.3,46273,4.Non-Critical,9,46.19,0.8,0.1190733925,0.1190733925,47658.7,47658.7,42461,0,46965.85,NA,-8.2,0,46.19,0,-45.39,-9.24E-14
,070fb664-8170-44f6-8fde-8492e40a3208,818,RMPP,RMHS PPF ,JPP5C1,B,700,1000,SAR70,6,"9/4/2025
19-12-2025
30-01-2026
23-07-2026
26-09-2026","5.3
5
5
4.4
4.40","5.5
5.2
5.1
4.5
4.48","5.3
5
5
4.2
4.09","70
72
73
74
75","70
72
72
72
74","70
71
71
72
74",4.4,4.48,4.09,4.09,46291,4.09,45755,4.Non-Critical,18,33.79,18.06666667,0.1627700503,0.1069029851,46768.7,47298.4555,42461,0,NA,46471,0.06666666667,0,51.44851658,0.05586706524,-15.72333333,17.65851658
,9f8b45ce-6d60-448f-b0b3-18ff25cc8aa4,819,RMPP,RMHS PPF ,JPP5C2,B,712,1000,SAR70,6,"18-09-2024
30-01-2025
17-04-2025
13-06-2025
27-09-2025
21-11-2025
27-01-2026
01-03-2026
13-04-2026
11-06-2026
08-09-2026","3.9
3.9
3.7
3.7
3.6
3.6
3.5
3.5
3.4
3.3
3.2
2.89","4.0
4.0
4.0
3.9
3.9
3.8
3.67
3.61
3.5
3.5
3.3
2.91","4.3
4.1
4.0
3.9
3.9
3.8
3.7
3.7
3.6
3.67
3.61
2.71","
71
72
73
74
74
74
75
75
76
78","
68
69
69
69
70
70
70
72
75
75","
75
75
76
76
76
77
77
77
78
78",2.89,2.91,2.71,2.71,46273,2.71,44197,3.Marginal,18,61.04,70,0.09010484928,0.0475433526,46028.2,47667.51672,42461,0,NA,46333,52,0,115.6838906,0.04256149668,8.96,54.64389058
,4a821f39-13a3-440f-a575-904966c2bbc4,820,RMPP,RMHS PPF ,2J18C2,B,210,1000,SAR70,6,"18-12-2024
28-04-2025
17-12-2025
19-02-2026
23-07-2026
07-09-2026","2.8
2.7
2.5
1.4
1.1
1.0","3.2
3.1
2.9
2.8
2.7
2.10","2.8
2.7
2.3
2.2
2.1
1.38","75
76
76
76
76","74
74
75
75
76","72
73
74
74
75",1,2.1,1.38,1,46272,1,44197,2.Semi-Critical,18,61.04,70,0.09010484928,0.07228915663,46028.2,46479.5,42461,0,NA,46302,52,0,76.08333333,0.01781569265,8.96,15.04333333
,bf2fd593-1fa9-4b58-b8e0-b19497081e3e,821,RMPP,RMHS PPF ,JPP2C1,B,350,1000,SAR70,8,"14-09-2024
30-01-2025
02-06-2025
28-11-2025
24-02-2026
31-03-2026
26-05-2026
06-08-2026","3.9
3.2
2.3
1.4
1.3
1.2
1.1
1.0","3.9
2.7
2.2
2.0
1.8
1.8
1.7
1.1","3.5
2.6
2.0
1.7
1.6
1.6
1.5
1.2","73

74
76
77
78","73

74
74
75
77","72

74
74
75
76",1,1.1,1.2,1,46240,1,44197,2.Semi-Critical,18,61.04,70,0.122870249,0.1027900147,46028.2,46385.92857,42461,0,NA,46270,52,0,72.96428571,0.02008023433,8.96,11.92428571
,4144e449-f548-4a4a-baad-604d26b82a8f,822,RMPP,RMHS PPF ,JPP2C2,B,358,1000,SAR70,8,"05-12-2024
23-05-2025
19-01-2026
13-05-2026
09-06-2026","2.0
1.8
1.7
1.7
1.5","2.5
2.4
1.5
1.5
1.3","3.0
2.9
1.3
1.3
1.2","75
80
81
82
82","76
80
82
82
82","75
76
82
83
83",1.5,1.3,1.2,1.2,46182,1.2,46221,4.Non-Critical,18,61.04,2.533333333,0.122870249,0.122870249,48052.2,48052.2,42461,0,47136.6,NA,-15.46666667,0,61.04,0,-58.50666667,-9.95E-14
,a4aa7c7b-b257-4426-9551-4e77ed7f654c,823,RMPP,RMHS PPF ,JPP3C1,B,626,1000,SAR70,8,"13-11-2024
30-01-2025
04-09-2025
30-01-2026
23-07-2026
26-09-2026","3.8
3.7
3.6
3.5
3.5
2.88","3.9
3.9
3.7
3.6
3.5
2.45","4.0
3.9
3.8
3.7
3.6
1.84","71

75
76
76","70

71
74
75","72

74
75
75",2.88,2.45,1.84,1.84,46291,1.84,44197,3.Marginal,18,61.04,70,0.122870249,0.088252149,46028.2,46746.51299,42461,0,NA,46321,52,0,84.98376623,0.03461810002,8.96,23.94376623
,2291d521-e4db-4aed-93a3-2cee57ef6c25,824,RMPP,RMHS PPF ,JPP3C2,B,640,1000,SAR70,8,"20-08-2024
30-01-2025
17-04-2025
13-06-2025
21-11-2025
27-01-2026
01-03-2026
13-04-2026
11-06-2026
08-09-2026","3.8
2.8
2.7
2.7
2.6
2.57
2.51
2.48
2.43
2.22","4.2
2.9
2.9
2.78
2.72
2.69
2.61
2.59
2.54
2.48","4
3.7
3.6
3.6
3.5
3.4
3.3
2.8
2.69
2.64","
72
72
72
73
74
74
74
75","
74
74
75
75
75
76
76
77","
74
74
74
75
76
77
77
78",2.22,2.48,2.64,2.22,46273,2.22,44197,3.Marginal,18,61.04,70,0.122870249,0.08352601156,46028.2,46890.77163,42461,0,NA,46333,52,0,89.79238754,0.03934423746,8.96,28.75238754
,416c9cab-e099-4534-9273-d5f8a45ffdb9,825,RMPP,RMHS PPF ,JPP6C1,B,180,1000,SAR70,6,"9/4/2025
19-12-2025
30-01-2026
23-07-2026
21-08-2026
26-09-2026","5.1
4.9
4.8
4.6
2.23
1.86","5.2
4.7
4.6
3.9
3.71
2.26","5.1
5.0
4.8
4.7
3.92
2.65","70
74
74
74
74
76","70
71
72
73
74
75","68
70
71
72
73
74",1.86,2.26,2.65,1.86,46291,1.86,45755,3.Marginal,18,27.92,18.06666667,0.196991404,0.2317164179,46592.6,46467.07729,42461,0,NA,46321,0.06666666667,0,23.73590982,-0.0347250139,-9.853333333,-4.184090177
,7f711ee3-bd69-4724-a31d-393fde07aab6,826,RMPP,RMHS PPF ,JPP6C2,B,184,1000,SAR70,5,"9/27/2025
21-11-2025
27-01-2026
13-04-2026
11-06-2026
08-09-2026","4.4
4.1
3.2
3
2.9
2.62","4.4
4
3.6
3.3
3.0
2.72","4.4
3.9
3.8
3.6
3.5
2.39","73
73
74
74
75","72
73
73
73
74","73
73
74
74
75",2.62,2.72,2.39,2.39,46273,2.39,45870,3.Marginal,18,30.52,14.23333333,0.1474442988,0.194292804,46785.6,46564.82759,42461,0,NA,46333,-3.766666667,0,23.16091954,-0.04684850515,-16.28666667,-7.35908046
,ca13e83b-1ac5-4e8a-96a4-3f794d230d3e,827,RMPP,RMHS PPF ,JPP1C1,B,540,1000,SAR70,8,"12/18/2024
24-07-2025
20-01-2026
27-05-2026
07-07-2026
01-09-2026","3.9
3.7
3.6
2.9
2.7
2.44","3.7
3.1
3.1
2.6
2.2
1.68","3.6
3.5
3.4
2.9
2.8
2.56","76
76
77
78
78
79","72
75
76
76
77
78","74
75
76
76
77
77",2.44,1.68,2.56,1.68,46266,1.68,44197,3.Marginal,18,61.04,70,0.122870249,0.09163847269,46028.2,46652.30063,42461,0,NA,46296,52,0,81.84335443,0.03123177632,8.96,20.80335443
,bf696e5e-6839-4f92-90d1-65568b32cd2e,828,RMPP,RMHS PPF ,PPC1,C,172,1000,Not Existing,6,0,0,0,0,0,0,0,0,0,0,0,0,0,44197,4.Non-Critical,18,61.04,70,0.09010484928,0.09010484928,46028.2,46028.2,42461,Not Running,45112.6,NA,52,0,61.04,0,8.96,-9.95E-14
,87b5cbfd-43af-4ebf-a682-70dc07a61d10,829,RMPP,RMHS PPF ,PPC2,B,320,1000,SAR70,8,"29-01-2025
02-06-2025
28-11-2025
26-05-2026
18-08-2026","3.5
3.0
2.3
1.9
1.05","4.0
3.9
3.7
3.4
3.18","3.8
3.7
3.6
3.4
3.02","75
76
77
77
78","76
76
77
78
78","75
76
77
78
79",1.05,3.18,3.02,1.05,46252,1.05,44429,2.Semi-Critical,18,53.42,62.26666667,0.1403968551,0.1143719144,46031.6,46396.26619,42461,0,NA,46282,44.26666667,0,65.57553957,0.02602494068,8.846666667,12.15553957
,624c02b7-12b6-4533-948c-b67919f4f509,830,RMPP,RMHS PPF ,PPC3,B,320,1000,SAR70,8,"12-02-2025
23-05-2025
19-01-2026
13-05-2026
09-06-2026
17-07-2026","4
3.9
3.6
2.2
2.2
2.1","4.0
3.9
3.9
3.8
3.7
3.6","2.8
2.7
2.3
1.5
1.4
1.3","75
75
76
82
82
8.3","72
73
76
82
82
82","73
74
75
82
83
83",2.1,3.6,1.3,1.3,46220,1.3,44966,2.Semi-Critical,18,30.7,44.36666667,0.2442996743,0.1602870813,45887,46369.73134,42461,0,NA,46250,26.36666667,0,46.79104478,0.08401259293,13.66666667,16.09104478
,8c90e7bb-3e98-4537-bb87-b2497c612bea,831,RMPP,RMHS PPF ,PPC5,B,200,1000,SAR70,8,"25-01-2025
23-05-2025
28-11-2025
13-05-2026
09-06-2026
17-07-2026","3.9
3.9
3.9
3.2
3.1
3.0","4
3.6
3.4
3.2
2.8
2.5","4.1
4.1
4.0
3.9
3.8
3.7","80
80
81
83
85
85","78
79
80
81
81
82","79
80
81
82
83
84",3,2.5,3.7,2.5,46220,2.5,45120,3.Marginal,18,29.29,39.23333333,0.2560600888,0.15,45998.7,46620,42461,0,NA,46280,21.23333333,0,50,0.1060600888,9.943333333,20.71
,62e822ed-02e8-4ec3-aa79-30a8fb4f47bd,832,RMPP,RMHS PPF ,JPP3C3,B,384,1000,SAR70,8,"18-12-2024
30-01-2025
14-10-2025
20-01-2026
09-03-2026
27-05-2026","4.2
4.1
4.0
3.5
3.4
1.5","4.4
4.3
1.3
0.7
0.6
0.1","4.2
4.2
4.1
4.0
3.7
3.7","66
76
79
80
83","65
78
78
80
82","67
78
79
80
83",1.5,0.1,3.7,0.1,46169,0.1,45067,1.Critical,18,40.19,41,0.1866135855,0.2150635209,46272.7,46113.20253,42461,0,NA,Critical,23,0,34.87341772,-0.0284499354,0.81,-5.316582278
,09380ffa-b4e7-4fdb-a655-210de95ddad3,833,RMPP,RMHS PPF ,J9C1,B,666,800,SAR70,5,"12/18/2024
07/24/2025
29-12-2025
13-03-2026
02-06-2026
07-09-2026","3.6
3.4
3.1
3.0
2.98
2.95","3.5
3.1
2.7
2.6
2.6
2.36","3.3
3
2.8
2.7
2.1
1.94","70
70
71
72","73
74
74
75","70
71
72
73",2.95,2.36,1.94,1.94,46272,1.94,44451,3.Marginal,18,52.69,61.53333333,0.08540520023,0.05041186161,46031.7,47128.94118,42461,0,NA,46302,43.53333333,0,89.26470588,0.03499333861,8.843333333,36.57470588
,46701016-cb45-419e-91b3-bd1d3fc8d797,834,RMPP,RMHS PPF ,J9BC1,B,286,800,SAR70,5,"12/18/2024
07/24/2025
29-12-2025
13-02-2026
28-03-2026
02-06-2026","2.2
1.9
1.7
1.5
1.5
0.2","3.8
3.3
3.0
2.9
2.8
2.6","3.2
2.8
2.5
2.2
2
1.8","75
77

78
81","74
76

78
81","75
77

78
79",0.2,2.6,1.8,0.2,46175,0.2,45296,1.Critical,18,24.93,33.36666667,0.1805054152,0.1638225256,46043.9,46120.0625,42461,0,NA,Critical,15.36666667,0,27.46875,0.01668288957,8.436666667,2.53875
,a327cbf0-6f9a-45e5-8c2b-c8129e764f12,835,RMPP,RMHS PPF ,J9AC1,B,924,800,SAR70,5,"18-12-2024
24-07-2025
29-12-2025
20-01-2026
07-07-2026","4.2
4.1
4.1
4.0
3.9","4.1
4.1
4.0
3.9
3.7","3.9
3.8
3.7
3.6
3.5","71
73
74
75","70
71
74
75","71
73
74
75",3.9,3.7,3.5,3.5,46210,3.5,44977,4.Non-Critical,18,26.41,44,0.1703900038,0.03649635036,45769.3,48676,42461,0,NA,46390,26,0,123.3,0.1338936534,17.59,96.89
,76ec03ca-ec91-4218-bf81-61bdf98e291e,836,RMPP,RMHS PPF ,JPPC1,B,468,800,SAR70,5,"12/18/2024
07/24/2025
14-10-2025
20-01-2026
07-03-2026
27-05-2026","3.2
1.9
1.9
1.0
0.5
0.1","3.6
3
2.5
2.2
1.8
1.1","3.5
3.2
3.1
3.1
1.7
1.3","71
75
75
75
77
88","74
75
76
76
76
81","72
75
75
75
75
84",0.1,1.1,1.3,0.1,46169,0.1,46275,4.Non-Critical,18,50.59,0.7333333333,0.08895038545,0.08895038545,47792.7,47792.7,42461,0,47033.85,NA,-17.26666667,0,50.59,0,-49.85666667,-9.95E-14
,ed4842a8-9f6a-4e4e-b259-5e2a56057e7d,837,RMPP,RMHS PPF ,JPPC3,B,10,800,SAR70,8,"7/24/2025
14-10-2025
20-01-2026
27-05-2025","2.1
2.1
1.0
0.2","3
2.5
2.4
0.9","2.2
1.6
1.4
0.1","72
74
74
84","72
73
73
79","72
73
74
83",0.2,0.9,0.1,0.1,46169,0.1,46203,4.Non-Critical,1,12.88,3.133333333,0.5822981366,0.5822981366,46589.4,46589.4,42461,0,46396.2,NA,2.133333333,0,12.88,0,-9.746666667,4.80E-14
,c1ba5ab3-421d-4629-9b87-0dd6d224be67,838,RMPP,RMHS PPF ,2J18AC1,B,344,800,SAR70,5,"20-08-2024
01-03-2025
20-05-2025
06-10-2025
17-11-2025
05-12-2025
19-01-2026
06-02-2026
30-03-2026
11-06-2026","3.5
3.1
2.7
1.7
1.6
1.5
1.1
0.9
0.5
0.3","4.2
2.7
2.0
1.9
1.9
1.9
1.0
0.8
0.7
0.6","4
3.0
2.9
2.8
2.8
2.7
2.6
2.5
2.3
1.9","70
73
74
75
75
75
76
77
81","73
76
76
76
76
77
77
77
83","72
73
74
74
75
75
76
77
83",0.3,0.6,1.9,0.3,46184,0.3,45124,1.Critical,18,32.85,32.23,0.1369863014,0.1330188679,46109.5,46138.89362,42461,0,NA,Critical,14.23,0,33.82978723,0.003967433445,-0.62,0.979787234
,de7db79b-08e1-4fc1-b432-37b711c6ca7c,839,RMPP,RMHS PPF ,2J18BC1,B,44,1000,SAR70,6,"20-08-2024
01-03-2025
20-05-2025
06-10-2025
17-11-2025","3.2
3.0
2.0
1.3
1.1","4.1
3.5
0
0
0","3.8
3.5
2.0
0.46
0.4","72
74
87
87
87","71
73
88
88
88","73
74
86
87
87",1.1,0,0.4,0,45978,0,46080,4.Non-Critical,6,20.24,7.233333333,0.2717391304,0.2717391304,46687.2,46687.2,42461,0,46383.6,NA,1.233333333,0,20.24,0,-13.00666667,-9.59E-14
,4b0651aa-bea6-4010-b9c3-325e41f159ac,840,RMPP,RMHS PPF ,2J18C1,B,21,1000,SAR70,6,"20-08-2024
01-03-2025
20-05-2025
06-10-2025
17-11-2025
11-06-2026","4.2
3.5
1.4
1.1
1.1
0.2","3.5
3.2
2.4
0
0
0","4
3.2
1.8
0.82
0.4
0","77
76
78
78
80
88","73
76
80
82
85
86","72
75
76
77
80
87",0.2,0,0,0,46184,0,46195,4.Non-Critical,3,28.84,3.4,0.1907073509,0.1907073509,47060.2,47060.2,42461,0,46627.6,NA,0.4,0,28.84,0,-25.44,-9.59E-14
,a9a12146-166d-4335-9f9f-21f4e5641a7c,841,RMPP,RMHS PPF ,AJ10C1,A,13,1000,SAR70,8,"1/3/2025
8/11/2025
07-11-2025
16-01-2026
03-02-2026","3.8

0
0
0","0
3.6
2.4
0.7
0.4","3.9

0
0
0","76
84
85","73
87
87","75
85
86",0,0.4,0,0,46056,0,46268,4.Non-Critical,1,18.96,0.9666666667,0.3955696203,0.3955696203,46836.8,46836.8,42461,0,46552.4,NA,-0.03333333333,0,18.96,0,-17.99333333,9.59E-14
,84595b24-eb2b-49c2-9004-c2364fdd8308,842,RMPP,RMHS (Daybin),J11AC1,C,35,800,SARG,5,"25-09-2025
14-01-2026
08-07-2026","2.9
2.0
1.7","3.3
2.4
1.8","3.3
2.5
1.9","70
73
75","70
73
76","69
74
76",1.7,1.8,1.9,1.7,46211,1.7,45824,3.Marginal,6,4.66,15.76666667,0.9656652361,0.2558139535,45963.8,46351.72727,42461,0,NA,NA,9.766666667,0,17.59090909,0.7098512826,11.10666667,12.93090909
,99a2804d-ffd5-4b97-a40f-e81453b3d6b5,843,BF#2,Stock house,SFC5,A,98,800,SAR70,6,"03-09-2024
25-03-2025
21-07-2025
08-01-2026
06-08-2026","5.9
5.8
5.8
5.8
5.7","5.8
5.8
5.7
5.6
5.6","5.9
5.9
5.9
5.8
5.7","67
70
70
70
70","68
70
71
71
71","68
71
71
71
71",5.7,5.6,5.7,5.6,46240,5.6,44566,4.Non-Critical,12,60,57.7,0.09166666667,0.007168458781,46366,67583.5,42461,0,NA,46420,45.7,0,767.25,0.08449820789,-2.3,707.25
,eae6fe03-ba86-4584-a937-3c5d2097a046,844,RMPP,Charocal Route,J16C1,B,52,800,SAR70,5,46281,1.29,2.91,3.99,75,72,75,1.29,2.9,3.99,1.29,46281,1.29,46107,2.Semi-Critical,9,6.55,6.333333333,0.6870229008,0.6396551724,46303.5,46318.05121,42462,0,NA,46311,-2.666666667,0,7.035040431,0.04736772835,-0.2166666667,0.4850404313
,86d88843-5c9a-4193-a975-da10382bc3ce,845,RMPP,Charocal Route,J16AC1,B,415,800,SAR70,5,"12/19/2024
23-07-2025
14-10-2025
16-09-2026","3.4
2.2
2.1
0.43","3.4
1
0.2
0","3.5
2.7
2.6
1.67","75
77
77
79","72
76
77
79","73
73
75
78",0.43,0,1.67,0,46281,0,44197,1.Critical,9,61.04,70,0.07372214941,0.07197696737,46028.2,46072.6,42462,0,NA,Critical,61,0,62.52,0.00174518204,8.96,1.48
,6c4aa0ab-cbc7-4a18-88eb-b8222e326732,846,RMPP,Charocal Route,CTH1C1,B,350,800,SAR70,5,"19-12-2024
09-05-2025
23-07-2025
14-10-2025
16-09-2026","3.3
2.3
1.7
1.0
0.08","3.5
1.3
0.8
0.3
0","3.4
3.3
2.3
2.3
0.45","73
73
75
75
78","72
75
75
76
78","73
72
73
73
77",0.08,0,0.45,0,46281,0,44197,1.Critical,9,61.04,70,0.07372214941,0.07197696737,46028.2,46072.6,42462,0,NA,Critical,61,0,62.52,0.00174518204,8.96,1.48
,ffd08a73-b4b4-455e-a3c6-4c07bb539573,847,RMPP,Charocal Route,J16C2,B,60,800,SAR70,5,46281,1.56,2.04,1.5,69,70,70,1.56,2.04,1.5,1.5,46281,1.5,46107,2.Semi-Critical,9,11.17,6.333333333,0.4028648165,0.6034482759,46442.1,46330.71429,42462,0,NA,46311,-2.666666667,0,7.457142857,-0.2005834594,-4.836666667,-3.71E+00
,26b22b28-ad5b-4251-a45a-20e0f0e660fa,848,RMHS,RMHS IRON & FLUX,J24C1,A,1700,1400,STEELCORD,9,"01-02-2025
08-09-2025
30-01-2026
25-04-2026","

3.3
1.9","2
3.5
3.0
1.3","

3.4
1.9",63,64,64,1.9,1.3,1.9,1.3,46137,1.3,46139,4.Non-Critical,9,22.04,5.266666667,0.3856624319,0.3856624319,46800.2,46800.2,42463,0,46469.6,NA,-3.733333333,0,22.04,0,-16.77333333,-9.59E-14
,fe856505-3ae6-4882-9fda-45cbf8f36d8f,849,RMHS,RMHS IRON & FLUX,J23C1,A,1800,1400,SAR70,8,"11/8/2025
28-01-2026
14-03-2026
24-04-2026
22-07-2026
18-09-2026","7.5
7.4
7.3
6.8
6.6
6.5","6.8
6.7
6.5
6.1
4.8
3.5","6.5
6.5
6.4
6.3
5.3
4.4","67
67
67

68
70","65
66
67

67
71","66
67
68

68
69",6.5,3.5,4.4,3.5,46283,3.5,45912,4.Non-Critical,9,9.92,12.83333333,0.7560483871,0.3638814016,46209.6,46530.33333,42464,0,NA,46373,3.833333333,0,20.61111111,0.3921669855,2.913333333,10.69111111
,0e9a29b9-80af-4bcb-a08c-cc34ada2b1c4,850,RMHS,RMHS J5,J22C1,A,1750,1600,STEELCORD,6,"06-03-2025
07-04-2025
07-05-2025
07-07-2025
21-10-2025
29-01-2026
24-02-2026","6
4.9
4.8
3.2
6
4.6
3.4","5.4
4.4
4.0
3.0
5.6
3.1
1.5","5.5
5.1
4.8
3.2
6
4.5
3.6","


70

70
71","


73

69
70","


71

70
71",3.4,1.5,3.6,1.5,46077,1.5,46137,4.Non-Critical,9,12.22,5.333333333,0.4500818331,0.4500818331,46503.6,46503.6,42465,0,46320.3,NA,-3.666666667,0,12.22,0,-6.886666667,-4.97E-14
,75e6a4bf-f08f-4edb-a50e-d8b1f8e8b1ba,851,RMHS,RMHS COAL COKE,CJ6AC1,B,1700,1600,STEELCORD,8,"3/12/2025
9/10/2025
14-11-2025
22-08-2026","6.8
6.7
6.7
6.5","6.9
6.7
6.6
6.4","6.9
6.8
6.7
6.5","72

76","73

75","70

75",6.5,6.4,6.5,6.4,46256,6.4,44562,4.Non-Critical,18,49.05,57.83333333,0.1529051988,0.02833530106,46033.5,52502.625,42466,0,NA,46436,39.83333333,0,264.6875,0.1245698977,8.783333333,215.6375
,aac5ccb5-5186-4f78-b3b5-50dd83463029,852,RMHS,RMHS J5,JNT4C1,A,1200,1600,STEELCORD,8,"2/2/2026
07-05-2026
13-07-2026
02-09-2026","4.1
4.1
4.0
3.6","3.2
2.8
2.6
2.4","4.0
3.9
3.8
3.5","77
79
79","79
80
80","76
77
79",3.6,2.4,3.5,2.4,46267,2.4,45412,3.Marginal,9,21.12,29.5,0.3551136364,0.1964912281,46045.6,46557.08929,42467,0,NA,46327,20.5,0,38.16964286,0.1586224083,8.38,17.04964286
,8ea1ad56-bb9b-4c6e-914b-852fc0f034b6,853,RMHS,RMHS (Wagon tippler),CJ2C2,B,165,1600,SAR70,8,"03-10-2024
26-04-2025
8/27/2025
14-11-2025
15-01-2026
14-03-2026
09-04-2026
20-05-2026
16-07-2026
14-08-2026
10-09-2026","
3.5
3.4
3.3
3.1
2.8
2.9
2.8
2.8
2.7
2.6","0
3.8
3.5
3.4
3.4
2.9
2.6
2.5
2.5
2.4
2.2","
3.5
2.6
2.5
2.3
2.2
2.2
2.1
2.1
1.8
1.7","
68
74
74
74
75
75
76
77
78","68
72
74
74
75
75
75
76
79","
68
70
72
73
73
73
74
76
77",2.6,2.2,1.7,1.7,46275,1.7,45611,3.Marginal,18,25.85,22.86666667,0.2901353965,0.2846385542,46386.5,46401.47619,42466,0,NA,46305,4.866666667,0,26.34920635,0.005496842302,-2.983333333,0.4992063492
,05b6bae6-8cde-4aa0-87b0-e38729b04d5d,854,RMHS,RMHS (Wagon tippler),CJ3C1,A,160,1600,FR,8,"11-11-2024
17-03-2025
18-07-2025
10-11-2025
14-05-2026
13-07-2026","6.6
6.4
6.4
6.1
6.0
5.9","5.5
5.5
5.4
5.3
5.3
5.2","5.3
5.4
5.3
5.3
4.8
4.6","64
72
72
75
81
82","62
70
71
72
80
80","63
71
70
75
81
81",5.9,5.2,4.6,4.6,46216,4.6,45372,4.Non-Critical,18,21.16,30.83333333,0.354442344,0.1208530806,46006.8,47233.76471,42466,0,NA,46396,12.83333333,0,62.05882353,0.2335892635,9.673333333,40.89882353
,b9eb38e7-50cc-4146-82e5-33da647ed757,855,RMPP,RMHS WASHERY,RMPP-SH1C3,A,70,1000,SAR,6,"20-12-2024
23-05-2025
05-08-2025
12-02-2026
02-03-2026
13-08-2026
24-09-2026","5.3
4
3.3
1.7
1.6
3.81
3.47","5.2
4.3
4.2
3.7
3.5
5.98
5.95","5.2
4
2.9
0
0
4.52
4.4","71
75
76
77
76","70
74
76
76
73","73
74
74
75
74",3.47,5.95,4.4,3.47,46289,3.47,46092,4.Non-Critical,18,11.48,6.833333333,0.4790940767,0.3852791878,46436.4,46520.26087,42467,0,NA,46379,-11.16666667,0,14.27536232,0.09381488884,-4.646666667,2.795362319
,309e3930-8066-4c25-8857-5da40227cf10,856,SMS#2,Convertor,FACS1-BC1D,B,38,650,SAR70,5,"5/12/2025
04-11-2025
09-07-2026","3.9
3.6
2.3","4.5
4.5
4.2","4.7
4.4
4.0","76
76
77","75
75
76","77
77
78",2.3,4.2,4,2.3,46212,2.3,44522,3.Marginal,6,50.36,59.16666667,0.08935663225,0.04792899408,46032.8,47338.66667,42461,0,NA,46272,53.16666667,0,93.88888889,0.04142763816,8.806666667,43.52888889
,addaba58-e7c7-43ac-ab87-27040879cbc1,857,SMS#2,Convertor,FACS1-BC2D,B,30,650,SAR70,5,"5/12/2025
04-11-2025
09-07-2026","4.5
4.3
4.2","4.4
4.1
4.0","3.7
3.6
3.0","71
71
72","71
72
72","71
72
74",4.2,4,3,3,46212,3,45457,3.Marginal,6,16.51,28,0.2725620836,0.07947019868,45952.3,47155.75,42461,0,NA,46392,22,0,56.625,0.1930918849,11.49,40.115
,bf44e4f2-e575-4087-a19a-e251e4b01d29,858,SMS#2,Convertor,FACS1-BC3D,B,11,650,SAR70,5,"12-05-2025
09-07-2026","4.6
4.4","4.4
4.0","4.5
4.3","83
84","82
83","80
82",4.4,4,4.3,4,46212,4,44381,4.Non-Critical,3,54.99,63.86666667,0.08183306056,0.01638448935,46030.7,52620.5,42461,0,NA,46392,60.86666667,0,274.65,0.06544857121,8.876666667,219.66
,e9ff0033-4542-4783-9341-04f07a4e42fe,859,SMS#2,Convertor,FACS2-BC1D,B,38,650,SAR70,5,17-03-2026,2.8,4.2,2.7,75,76,77,2.8,4.2,2.7,2.7,46098,2.7,45328,3.Marginal,6,23.88,32.3,0.1884422111,0.08961038961,46044.4,46834.52174,42461,0,NA,46158,26.3,0,50.2173913,0.09883182144,8.42,26.3373913
,ac50b254-8c02-424f-b334-5a2f7e3e9e3e,860,SMS#2,Convertor,FACS2-BC2D,B,30,650,SAR70,5,"11/2/2024
17-03-2026",4.6,"1
4.5","0
4.5",76,76,77,4.6,4.5,4.5,4.5,46098,4.5,45600,4.Non-Critical,6,20.71,23.23333333,0.2172863351,0.03012048193,46221.3,50082,42461,0,NA,46278,17.23333333,0,149.4,0.1871658532,2.523333333,128.69
,902d6ff6-24a8-47b5-bf06-1fe02b89026b,861,SMS#2,Convertor,FACS2-BC3D,B,11,650,SAR70,5,0,0,0,0,0,0,0,0,0,0,0,0,0,44927,4.Non-Critical,6,37.06,45.66666667,0.1214247167,0.1214247167,46038.8,46038.8,42462,0,45482.9,NA,39.66666667,0,37.06,0,8.606666667,9.24E-14
,c9f3a269-05e7-476a-a63c-967d60b1b9ad,862,CO#1,Coke,CDQ1-BC01A,A,270,1200,HRT3,8,"2/6/2025
08-09-2025
20-03-2026
23-07-2026","6.8
6.7
6.1
5.9","7.9
7.6
6.5
4.9","7.9
7.8
7.4
4.8","68
68
69","70
70
71","69
69
70",5.9,4.9,4.8,4.8,46226,4.8,45323,4.Non-Critical,18,24.05,32.46666667,0.3118503119,0.1063122924,46044.5,47439.40625,42463,0,NA,46406,14.46666667,0,70.546875,0.2055380195,8.416666667,46.496875
,79c39715-c083-4e84-90d3-de3b152870db,863,CO#1,Coke,CDQ1-BC01B,A,270,1200,HRT3,8,"2/10/2025
08-09-2025
10-03-2026
10-09-2026","7.4
7.3
7.3
7.22","7.2
7.2
7.1
6.69","7.5
7.4
7.3
7.01","69
70
70","68
70
70","68
69
71",7.22,6.69,7.01,6.69,46275,6.69,45323,4.Non-Critical,18,24.05,32.46666667,0.3118503119,0.04128151261,46044.5,50773.38168,42464,0,NA,46455,14.46666667,0,181.6793893,0.2705687992,8.416666667,157.6293893
,7b5da1a4-d67d-45b1-9e76-1c875193b43a,864,CO#1,Coke,CDQ1-BC02A,A,105,1200,HRT3,8,"1/9/2025
26-08-2025
03-11-2025
14-01-2026
28-07-2026
10-09-2026","6.0
5.9
5.7
5.6
2.29
2.24","5.9
5.7
5.5
5.4
4.9
4.58","6.1
5.7
5.61
5.5
5.4
5.3","70
70
71
71
72
72","69
70
70
71
71
71","68
68
69
70
70
71",2.24,4.58,5.3,2.24,46275,2.24,45323,3.Marginal,18,24.05,32.46666667,0.3118503119,0.181512605,46044.5,46562.58333,42465,0,NA,46335,14.46666667,0,41.31944444,0.1303377068,8.416666667,17.26944444
,ab1752f0-adc6-45ea-b2b0-d65283347a13,865,CO#1,Coke,CDQ1-BC02B,A,105,1200,HRT3,8,"2/10/2025
26-08-2025 
17-02-2026
23-07-2026","6.9
6.9
6.8
6.4","6
5.8
5.5
5.1","6.1
5.8
5.3
5.1","70
70
71","72
73
74","71
71
72",6.4,5.1,5.1,5.1,46226,5.1,45323,4.Non-Critical,18,24.05,32.46666667,0.3118503119,0.09634551495,46044.5,47658.34483,42466,0,NA,46406,14.46666667,0,77.84482759,0.2155047969,8.416666667,53.79482759
,735189ac-84aa-40df-a935-8d1019209617,866,CO#1,Coke,CDQ1-BC03,A,400,1200,HRT3,8,"1/9/2025
26-08-2025
20-02-2026
20-08-2026","5.9
5.9
5.3
4.3","5.5
5.3
4.9
4.4","6.8
6.6
6.2
6.0","65
74","68
73","65
73",4.3,4.4,6,4.3,46254,4.3,45323,4.Non-Critical,18,24.05,32.46666667,0.3118503119,0.119226638,46044.5,47210.16216,42467,0,NA,46434,14.46666667,0,62.90540541,0.1926236738,8.416666667,38.85540541
,6d3c11f5-a2b1-4ab8-b97d-abb23edfeeb0,867,CO#1,Coke,CDQ1-BC04,A,65,1200,HRT3,8,"2/6/2025
03-11-2025
06-07-2026","6.9
6.8
6.6","6.7
6.6
6.5","6.7
6.6
6.5","69
72","70
73","69
73",6.6,6.5,6.5,6.5,46209,6.5,45323,4.Non-Critical,12,24.05,32.46666667,0.3118503119,0.05079006772,46044.5,49753,42468,0,NA,46389,20.46666667,0,147.6666667,0.2610602441,8.416666667,123.6166667
,2545b735-7ece-41bb-a85b-32f842f69b7d,868,SP#1,BRIQETTING,A104,B,54,650,M24,5,"26-12-2024
16-04-2025
9/26/2025
08-04-2026","4
3.8
3.5
3.4","4.2
4
3.8
3.7","4.2
4
3.8
3.7","74
75","76
75","76
75",3.4,3.7,3.7,3.4,46120,3.4,45444,4.Non-Critical,6,20.07,28.43333333,0.2242152466,0.07100591716,46046.1,47345.25,42469,0,NA,46300,22.43333333,0,63.375,0.1532093295,8.363333333,43.305
,bab7bd54-6b8a-4b19-9988-d32e2040cf7f,869,SP#1,BRIQETTING,A107,B,12,650,HR-T1,5,"26-12-2024
16-04-2025
9/26/2025
08-04-2026","3.6
3.4
3.4
3.2","3.8
3.6
3.4
3.3","3.9
3.6
3.6
3.5","73
75","75
76","74
76",3.2,3.3,3.5,3.2,46120,3.2,45444,4.Non-Critical,6,20.07,28.43333333,0.2242152466,0.0798816568,46046.1,47134,42470,0,NA,46300,22.43333333,0,56.33333333,0.1443335898,8.363333333,36.26333333
,1faaf2fc-f6db-401f-a134-f086cf3d8d58,870,SP#1,BRIQETTING,A108,B,22,650,HR-T1,5,"26-12-2024
16-04-2025
07-06-2025
08-12-2025","4.1
4.0
3.9
3.6","3.9
3.8
3.7
3.7","4.0
3.9
3.8
3.7","72
73
73
78","74
74
74
78","71
72
72
78",3.6,3.7,3.7,3.6,45999,3.6,45444,4.Non-Critical,6,20.07,28.43333333,0.2242152466,0.07567567568,46046.1,47227.92857,42471,0,NA,46179,22.43333333,0,59.46428571,0.148539571,8.363333333,39.39428571
,bc6e0f98-42c4-4164-837f-45f233a39cc0,871,SP#1,BRIQETTING,A109,B,51,400,BUCKET CON,4,45936,2.8,2.8,2.9,72,73,72,2.8,2.8,2.9,2.8,45936,2.8,45444,3.Marginal,6,20.07,28.43333333,0.1743896363,0.07317073171,46046.1,46879,42472,0,NA,45996,22.43333333,0,47.83333333,0.1012189046,8.363333333,27.76333333
,f306b9c7-0973-4d79-a7f9-3a69b4a01bc6,872,SP#1,BRIQETTING,F102,B,35,650,M24,5,"03-01-2025
12-05-2025
07-06-2025
9/26/2025
06-10-2025
01-11-2025
08-12-2025
04-02-2026","4.7
4.6
4.6
4.6
4.5
4.4
4.3
4.2","4.8
4.8
4.7
4.5
4.5
4.4
4.3
4.3","4.9
4.7
4.5
4.4
4.3
4.2
4.2
4.1","70
76
76
77
76
76","72
77
77
77
77
77","70
75
76
76
77
77",4.2,4.3,4.1,4.1,46057,4.1,45444,4.Non-Critical,6,20.07,28.43333333,0.2242152466,0.044045677,46046.1,48509,42473,0,NA,46237,22.43333333,0,102.1666667,0.1801695696,8.363333333,82.09666667
,832152cd-d35d-4d4b-9b7c-ae52d220c608,873,SP#1,BRIQETTING,F103,B,24,650,HR-T1,5,"26-12-2024
16-04-2025
12-05-2025
01-11-2025
08-04-2026","4.31
4.2
4.1
4.0
3.9","4.4
4.4
4.3
4.3
4.1","4.28
4.1
4.1
4.0
3.9","72
74
76
75","72
73
75
75","71
73
77
78",3.9,4.1,3.9,3.9,46120,3.9,45444,4.Non-Critical,6,20.07,28.43333333,0.2242152466,0.04881656805,46046.1,48209.45455,42474,0,NA,46300,22.43333333,0,92.18181818,0.1753986786,8.363333333,72.11181818
,9b8e1935-7c6c-4749-8494-c50d990ac239,874,SP#1,BRIQETTING,B102,B,15,650,M24,5,"26-12-2024
16-04-2025
28-07-2025
09/06/2025
01-11-2025
08-12-2025
08-04-2026","3.5
3
2.8
2.4
2.3
2.0
2","3.5
3
2.8
2.5
2.5
2.2
2.1","3.7
3.1
2.7 
2.6
2.5
2.1
2","85
84
85
85
86","87
86
87
87
88","87
86
87
87
88",2,2.1,2,2,46120,2,45444,3.Marginal,6,20.07,28.43333333,0.2242152466,0.1331360947,46046.1,46458,42475,0,NA,46180,22.43333333,0,33.8,0.09107915196,8.363333333,13.73
,12863f95-c294-41e0-acb2-7e938aea8d2e,875,SP#1,BRIQETTING,B104,B,52,650,M24,5,"26-12-2024
16-04-2025
9/26/2025
08-04-2026","3.8
3.2
3
2.4","4
3.4
3.1
2.8","3.8
3.3
3
2.6","75
75
77","78
77
78","76
77
78",2.4,2.8,2.6,2.4,46120,2.4,45444,3.Marginal,6,20.07,28.43333333,0.2242152466,0.1153846154,46046.1,46614,42476,0,NA,46180,22.43333333,0,39,0.1088306313,8.363333333,18.93
,06083eef-6eef-4374-b946-ce55c7a8a20b,876,SP#1,BRIQETTING,B107,B,11,650,HR-T1,5,"26-12-2024
16-04-2025
9/26/2025
01-11-2025","3.5
3.3
3.1
3.0","3.6
3.5
3.5
3.4","3.6
3.5
3.4
3.3","79
80
80","81
82
82","80
80
83",3,3.4,3.3,3,45962,3,45444,3.Marginal,6,20.07,28.43333333,0.2242152466,0.1158301158,46046.1,46609.5,42477,0,NA,46142,22.43333333,0,38.85,0.1083851308,8.363333333,18.78
,404ba574-cdea-46a6-a247-34d44dae0958,877,SP#1,BRIQETTING,B108,B,72,650,HR-T1,5,"26-12-2024
16-04-2025
9/26/2025
10-03-2026","3.9
3.4
3.1
3.0","3.8
3.4
3.2
2.9","3.9
3.4
3.2
2.9","78
80
80","80
80
83","77
80
82",3,2.9,2.9,2.9,46091,2.9,45444,3.Marginal,6,20.07,28.43333333,0.2242152466,0.09737248841,46046.1,46830.42857,42478,0,NA,46151,22.43333333,0,46.21428571,0.1268427582,8.363333333,26.14428571
,71b51ae7-0284-4a04-8db2-7a0324edabbe,878,SP#1,BRIQETTING,B109,B,51,400,BUCKET CON,5,45936,3.4,3.8,3.4,73,72,73,3.4,3.8,3.4,3.4,45936,3.4,45444,4.Non-Critical,6,20.07,28.43333333,0.2242152466,0.09756097561,46046.1,46827.75,42479,0,NA,46116,22.43333333,0,46.125,0.126654271,8.363333333,26.055
,2b1767f3-1643-49f1-af49-40fb10dc0394,879,SP#1,BRIQETTING,A114,B,9,800,M24,4,"26-12-2024
11-02-2025
07-06-2025
28-07-2025
9/26/2025
01-11-2025
08-12-2025
04-02-2026
08-04-2026","4.3
4.1
3.9
3.8
3.8
3.7
3.5
2.2
2.1","2.9
2.9
2.8
2.5
2.5
2.4
2.2
2.1
2.1","3.0
2.9
2.9
2.3
2.1
2.0
2.0
1.9
1.9","
71
72
73
73
74
75","
72
72
73
73
75
75","
71
72
72
73
74
74",2.1,2.1,1.9,1.9,46120,1.9,45444,3.Marginal,6,20.07,28.43333333,0.1743896363,0.09319526627,46046.1,46570.66667,42480,0,NA,46150,22.43333333,0,37.55555556,0.08119437,8.363333333,17.48555556
,d1cd1022-29e8-4028-849f-c719f515dbeb,880,SP#1,BRIQETTING,B114,B,9,800,M24,4,"26-12-2024
11-02-2025
12-05-2025
28-07-2025
06-10-2025
01-11-2025
08-12-2025
13-02-2026
10-03-2026
08-04-2026","2.4
2.3
2.3
2.2
2.1
2.0
2.0
1.4
1.3
1.2","2.5
2.4
2.4
2.1
1.8
1.7
1.5
1.4
1.1
1","2.5
2.4
2.4
2.0
1.9
1.7
1.5
1.4
1.2
1.2","
67
68
71
72
72
78
79","
68
69
71
73
75
79
80","
66
67
69
73
72
79
80",1.2,1,1.2,1,46120,1,45444,2.Semi-Critical,6,20.07,28.43333333,0.1743896363,0.1331360947,46046.1,46232.66667,42481,0,NA,46150,22.43333333,0,26.28888889,0.0412535416,8.363333333,6.218888889
,1a349ccc-7dd3-44d8-886e-bb54ce93a9dd,881,SP#1,BRIQETTING,C114,C,9,800,M24,4,"26-12-2024
11-02-2025
12-05-2025
28-07-2025
9/26/2025
06-10-2025
01-11-2025
08-12-2025
04-02-2026
08-04-2026","2.64
2.5
2.4
2.3
2.1
2.0
2.0
2.0
2.0
2","2.65
2.5
2.4
2.4
2.3
2.2
2.2
2.1
2.1
2.1","2.64
2.5
2.4
2.2
2.2
2.2
2.2
2.2
2.1
2","
68
69
72
73
72
73
72","
69
70
72
73
73
74
75","
69
70
73
73
74
74
75",2,2.1,2,2,46120,2,45444,3.Marginal,6,20.07,28.43333333,0.1743896363,0.08875739645,46046.1,46627,42482,0,NA,46180,22.43333333,0,39.43333333,0.08563223982,8.363333333,19.36333333
,bf8b8a88-69bb-4e06-9287-90fe42aca0cf,882,SP#1,BRIQETTING,D114,C,9,800,M24,4,"26-12-2024
11-02-2025
12-05-2025
28-07-2025
9/26/2025
01-11-2025
08-12-2025
04-02-2026
08-04-2026","2.9
2.82
2.79
2.4
2
2.0
2.0
2.0
2","3.0
2.9
2.79
2.6
2.2
2.2
2.0
2.0
2","2.9
2.80
2.5
2.1
2.1
2.1
2.1
2.0
2","
65
66
68
70
73
73","
68
69
69
71
72
74","
69
68
69
70
73
74",2,2,2,2,46120,2,45444,3.Marginal,6,20.07,28.43333333,0.1743896363,0.08875739645,46046.1,46627,42483,0,NA,46180,22.43333333,0,39.43333333,0.08563223982,8.363333333,19.36333333
,d87c9071-6316-40ce-8056-ad222fab5c2f,883,SP#1,BRIQETTING,F302,B,32,500,M24,5,"26-12-2024
11-02-2025
07-06-2025
08-12-2025
13-02-2026
08-04-2026","2.9
2.9
2.9
2.6
2.5
2.4","3.2
3.2
3.1
2.8
2.7
2.6","3.3
3.2
3.2
2.9
2.7
2.5","
71
72
73","
73
73
74","
73
73
73",2.4,2.6,2.5,2.4,46120,2.4,45444,3.Marginal,6,20.07,28.43333333,0.2242152466,0.1153846154,46046.1,46614,42484,0,NA,46180,22.43333333,0,39,0.1088306313,8.363333333,18.93
,581e8d76-97cd-4627-ac7e-b0e70508d851,884,SP#1,BRIQETTING,S114,B,52,800,M24,5,"26-12-2024
07-06-2025
08-12-2025","3.9
3.7
3.6","4
3.7
3.6","4.0
3.9
3.9","74
74
75","74
74
74","73
73
74",3.6,3.6,3.9,3.6,45999,3.6,45444,4.Non-Critical,6,20.07,28.43333333,0.2242152466,0.07567567568,46046.1,47227.92857,42485,0,NA,46179,22.43333333,0,59.46428571,0.148539571,8.363333333,39.39428571
,f72f1104-ac4d-4007-b020-87d343a9e590,885,SP#1,BRIQETTING,S115,B,40,800,M24,5,"26-12-2024
07-06-2025
9/26/2025
10-03-2026","3.8
3.7
3.4
2.9","3.8
3.6
3.4
3.2","3.9
3.4
3.1
2.8","72
74
76","71
75
75","72
74
75",2.9,3.2,2.8,2.8,46091,2.8,45444,3.Marginal,6,20.07,28.43333333,0.2242152466,0.1020092736,46046.1,46767.40909,42486,0,NA,46151,22.43333333,0,44.11363636,0.1222059731,8.363333333,24.04363636
,a78cb4c0-51b2-41e6-8f19-cbacbe3f394a,886,SP#1,BRIQETTING,S116,B,28,400,BUCKET CON,8,"1/3/2025
6/23/2025
9/26/2025","6
4.3
3.2","6
4.2
3.1","6.1
4.2
3.4","72
72","73
73","72
72",3.2,3.1,3.4,3.1,45926,3.1,45444,4.Non-Critical,6,20.07,28.43333333,0.3736920777,0.3049792531,46046.1,46181.7551,42487,0,NA,46016,22.43333333,0,24.59183673,0.06871282462,8.363333333,4.521836735
,f9786f22-b5dc-44d4-affa-a070357cda8f,887,SP#1,BRIQETTING,S125,B,24,300,BUCKET CON,8,"1/3/2025
6/23/2025
9/26/2025","5.8
4.6
4.1","5.8
4.5
3.9","5.8
4.3
4","73
73","72
72","72
73",4.1,3.9,4,3.9,45926,3.9,45444,4.Non-Critical,6,20.07,28.43333333,0.3736920777,0.255186722,46046.1,46325.70732,42488,0,NA,46016,22.43333333,0,29.3902439,0.1185053557,8.363333333,9.320243902
,7fb6e620-150e-405b-9a62-9a4051d6ca6c,888,SP#1,BRIQETTING,S126,B,60,800,M24,5,"26-12-2024
07-06-2025
08-12-2025","4
3.9
3.9","4.0
3.9
3.8","4.2
4.1
4.0","70
70
73","71
71
72","72
72
73",3.9,3.8,4,3.8,45999,3.8,45444,4.Non-Critical,6,20.07,28.43333333,0.2242152466,0.06486486486,46046.1,47525.25,42489,0,NA,46179,22.43333333,0,69.375,0.1593503818,8.363333333,49.305
,3e890ab6-072f-4ccf-a360-f0b793f95d89,889,SP#1,BRIQETTING,S127,B,25,800,M24,5,"26-12-2024
07-06-2025
08-12-2025
13-02-2026
08-04-2026","4.1
3.7
2.8
2.5
2.4","4
3.5
2.8
2.5
2.4","4
3.5
3.3
3
2.8","70
71
72","70
71
74","70
69
72",2.4,2.4,2.8,2.4,46120,2.4,45444,3.Marginal,6,20.07,28.43333333,0.2242152466,0.1153846154,46046.1,46614,42490,0,NA,46180,22.43333333,0,39,0.1088306313,8.363333333,18.93
,96ee2e89-b052-4351-b94e-3783603fc030,890,SP#1,BRIQETTING,S128,B,16,800,M24,5,"26-12-2024
07-06-2025
08-12-2025","4
3.8
3.5","4
3.8
3.5","4
3.7
3.6","70
70
72","71
71
73","72
72
72",3.5,3.5,3.6,3.5,45999,3.5,45444,4.Non-Critical,6,20.07,28.43333333,0.2242152466,0.08108108108,46046.1,47109,42491,0,NA,46179,22.43333333,0,55.5,0.1431341656,8.363333333,35.43
,1a3f6e6a-67e2-44ba-b59d-a996c4111564,891,SP#1,BRIQETTING,S130/1,B,22,500,M24,5,"26-12-2024
07-06-2025
08-12-2025","4.5
4.4
4.3","4.6
4.5
3.5","4.5
4.5
4.4","74
75
78","75
75
78","76
76
78",4.3,3.5,4.4,3.5,45999,3.5,45444,4.Non-Critical,6,20.07,28.43333333,0.2242152466,0.08108108108,46046.1,47109,42492,0,NA,46179,22.43333333,0,55.5,0.1431341656,8.363333333,35.43
,2c95ce69-4fb8-4d3b-8d88-b8e09cb3388e,892,SP#1,BRIQETTING,S132,B,19,800,M24,5,"26-12-2024
12-05-2025
01-11-2025
08-04-2026","4.3
4.20
4.2
4","4.3
4.27
4.0
3.9","4.2
4.2
4.2
4","65
66
69","65
65
70","65
66
70",4,3.9,4,3.9,46120,3.9,45444,4.Non-Critical,6,20.07,28.43333333,0.2242152466,0.04881656805,46046.1,48209.45455,42493,0,NA,46300,22.43333333,0,92.18181818,0.1753986786,8.363333333,72.11181818
,e79a90a3-4a73-49ff-858e-03d428d6a6ee,893,SP#1,BRIQETTING,S133,B,32,800,M24,5,"2/1/2025
01-11-2025
08-04-2026","4.2
3.7
3.7","4.3
4.3
4.2","4.3
4.2
4",68,70,70,3.7,4.2,4,3.7,46120,3.7,45444,4.Non-Critical,6,20.07,28.43333333,0.2242152466,0.05769230769,46046.1,47784,42494,0,NA,46300,22.43333333,0,78,0.1665229389,8.363333333,57.93
,0a2c8674-9a49-4460-b217-939ef5d7d2a4,894,SP#1,BRIQETTING,S113,C,25,800,M24,5,"12/26/2024
09/26/2025","4.2
3.9","4.2
3.6","4.2
3.8",71,70,71,3.9,3.6,3.8,3.6,45926,3.6,45444,4.Non-Critical,6,20.07,28.43333333,0.2242152466,0.08713692946,46046.1,46993.28571,42494,0,NA,46106,22.43333333,0,51.64285714,0.1370783172,8.363333333,31.57285714
,b9987834-9172-498c-a117-a6c86baeb1df,895,SP#1,BRIQETTING,F101,B,25,650,M24,5,"12/26/2024
08-04-2026","4.8
4.8","4.9
4.4","4.9
4.7",76,77,75,4.8,4.4,4.7,4.4,46120,4.4,45444,4.Non-Critical,6,20.07,28.43333333,0.2242152466,0.02662721893,46046.1,50514,42473,0,NA,46300,22.43333333,0,169,0.1975880277,8.363333333,148.93
,f097637a-6142-4425-938b-5d6a3ddf8e0f,896,RMPP,RMHS WASHERY,BF20,B,22,0,SAR70,5,"3/31/2025
09/10/2025
23-03-2026
08-05-2026
13-08-2026","3.7
3.4
3.3
3.1
3.17","3.8
3.7
3.7
3.6
3.62","3.2
3.2
2.9
2.9
2.81","70
72","70
73","68
70",3.17,3.62,2.81,2.81,46247,2.81,44927,3.Marginal,9,37.06,45.66666667,0.1214247167,0.04977272727,46038.8,47639.32877,42462,0,NA,46307,36.66666667,0,90.4109589,0.0716519894,8.606666667,53.3509589
,42bd9afc-9468-49fe-834b-5d5c5f0c7fd7,897,RMPP,RMHS WASHERY,BF21,B,22,0,SAR70,5,"3/31/2025
09/10/2025
02-12-2025
08-05-2026
13-08-2026","3.9
3.8
3.5
3.4
3.28","3.9
3.8
3.7
3.7
3.49","3.9
3.8
3.8
3
2.81","67
70
72","70
71
74","65
71
74",3.28,3.49,2.81,2.81,46247,2.81,44927,3.Marginal,9,37.06,45.66666667,0.1214247167,0.04977272727,46038.8,47639.32877,42463,0,NA,46307,36.66666667,0,90.4109589,0.0716519894,8.606666667,53.3509589
,bba25421-5e96-494c-b88d-fcd3df846ca0,898,RMPP,RMHS WASHERY,BF22,C,22,0,SAR70,5,"3/31/2025
09/10/2025
23-03-2026","4.7
4.1
3.9","3.8
3.5
3.4","4.6
4
3.9","80
82","83
84","82
82",3.9,3.4,3.9,3.4,46104,3.4,44927,4.Non-Critical,9,37.06,45.66666667,0.1214247167,0.04078164826,46038.8,48237.3125,42464,0,NA,46284,36.66666667,0,110.34375,0.08064306842,8.606666667,73.28375
,5a561d85-def7-4f03-89d9-7d21aa4fb1b0,899,CO#1,Coke,CTC Conveyor,C,300,1000,Not Existing,5,0,0,0,0,0,0,0,0,0,0,0,45778,0,45748,1.Critical,9,9.1,18.3,0.4945054945,5,46021,45775,42465,Not running,NA,Critical,9.3,0,0.9,-4.505494505,9.2,-8.2
,7546a0b5-05c4-4d18-a8ee-85c02f8a4fe9,900,CO#1,Coke,Swivel Conveyor,C,55,1000,Not Existing,5,0,0,0,0,0,0,0,0,0,0,0,45778,0,45748,1.Critical,9,10.09,18.3,0.4459861249,5,46050.7,45775,42466,Not running,NA,Critical,9.3,0,0.9,-4.554013875,8.21,-9.19
,3ee544e1-48d0-420e-abd6-d70e95721384,901,CO#2,Coal,02BC05,A,330,1600,SAR70,8,"11-02-2023
24-09-2024
08-05-2025
26-11-2025
14-01-2026
08-07-2026
22-08-2026","6.7
6.5
6.4
6.4
6.2
6.1
5.3","6.9
6.7
6.5
6.3
6.2
6.0
4.8","7.2
7.3
6.9
6.7
6.5
6.3
5.1","80
76
78
80
80
80
83","78
73
78
79
80
80
83","79
74
78
79
79
79
83",5.3,4.8,5.1,4.8,46256,4.8,44523,4.Non-Critical,18,50.33,59.13333333,0.1490164912,0.05539526832,46032.9,48584.71875,42461,0,NA,46436,41.13333333,0,135.390625,0.09362122284,8.803333333,85.060625
,03f320b2-a973-47a8-931b-59238134aec0,902,RMPP,RMHS PPF ,PPC4,B,200,1000,SAR70,8,"24-05-2024
13-11-2024
02-06-2025
28-11-2025
26-05-2026
18-08-2026","3.4
3.3
3.2
2.7
2.4
1.77","3.68
3.2
3.1
3.0
2.8
2.75","3.8
3.5
3.1
2.4
2.1
2.09","78
78
78
80
82
82","78
79
79
80
81
81","79
79
79
81
81
81",1.77,2.75,2.09,1.77,46252,1.77,44197,3.Marginal,18,61.04,70,0.122870249,0.09094890511,46028.2,46670.91653,42461,0,NA,46282,52,0,82.46388443,0.03192134391,8.96,21.42388443
,474f16a3-8c6f-44b4-ba8d-e95492b4f265,903,BF#2,Slag Route,SCB2,B,140,1000,HRT3,6,"24-05-2024
13-11-2024
20-06-2025
12-03-2026
08-08-2026","
","4.15
2
1.3
4.1
3.5","
",70,69,67,0,3.5,0,3.5,46242,3.5,45859,4.Non-Critical,9,13.18,14.6,0.4172989378,0.1958224543,46254.4,46701.6,42461,0,NA,46422,5.6,0,28.08666667,0.2214764835,1.42,14.90666667
,7009c1e7-4d9c-47e2-95bd-768725d6d4f3,904,RMPP,RMHS (Daybin),J12C4,B,17,800,SAR70,5,"15-05-2025
10-12-2025
05-02-2026","2.4
0
0","2.2
0
0","2.8
0
0",65,65,65,0,0,0,0,46058,0,46200,4.Non-Critical,3,2.94,3.233333333,1.530612245,1.530612245,46288.2,46288.2,42461,0,NA,NA,0.2333333333,0,2.94,0,0.2933333333,-9.68E-14
,90ec5a81-674d-48dd-8654-46711fb3cf9b,905,RMHS,RMHS (WAGON TIPPLER),J3BC3,B,60,1200,SAR70,5,46280,2.6,3,3.4,75,74,75,2.6,3,3.4,2.6,46280,2.6,45918,3.Marginal,12,24.52,12.63333333,0.1835236542,0.1988950276,46653.6,46596.75,42462,0,NA,46340,0.6333333333,0,22.625,-0.01537137346,-11.88666667,-1.90E+00
,6c37c61c-9ce3-4a3f-b97c-1f187f229e08,906,RMHS,RMHS (WAGON TIPPLER),CJ5C2,B,36,1000,SAR70,5,0,0,0,0,0,0,0,0,0,0,0,0,0,46039,4.Non-Critical,12,0.53,8.6,8.490566038,8.490566038,46054.9,46054.9,42463,0,NA,NA,-3.4,0,0.53,0,8.07,4.85E-14
,4bf35fab-3b36-4e7f-a64d-52adfac41156,907,RMPP,RMHS (COAL),BC3(COAL),B,320,800,SAR70,5,"01-08-2024
25-12-2024
21-05-2025
04-08-2025
10/10/25
03-04-2026
19-05-2026
26-07-2026","3.4
3.3
3.3
3.2
3.2
3.1
3.1
2.4","3.5
3.5
3.4
3.2
3.1
2.9
2.7
2.2","3.5
3.4
3.4
3.3
3.3
3
2.8
2.5","
71
71
72
73
75","
70
70
71
72
74","
70
71
72
74
75",2.4,2.2,2.5,2.2,46229,2.2,45298,3.Marginal,18,24.87,33.3,0.1809408926,0.09022556391,46044.1,46794.25,42461,0,NA,46289,15.3,0,49.875,0.09071532873,8.43,25.005
,ef28e3bf-968e-4fe7-b871-02d38ec055b1,908,DRI,PSB1&2,JH1DRIC1,A,20,650,SAR70,5,46260,3,3.1,3.3,74,75,75,3,3.1,3.3,3,46260,3,44197,3.Marginal,18,18,70,0.25,0.02908385846,44737,48838.75,42462,0,NA,46440,52,0,154.725,0.2209161415,52,136.725
,d4f8c7f1-a8db-475a-b5f2-4df7835b0738,909,DRI,PSB3&4,JH2DRIC1,A,20,650,SAR70,5,0,0,0,0,0,0,0,0,0,0,0,0,0,46179,4.Non-Critical,18,18,3.933333333,0.25,0.25,46719,46719,42463,0,46449,NA,-14.06666667,0,18,0,-14.06666667,0
,db640229-60e8-4c32-8f90-6a6de7b00edf,910,DRI,PSB5,JH3DRIC1,A,20,650,SAR70,5,46239,3.6,4.6,3.9,82,83,82,3.6,4.6,3.9,3.6,46239,3.6,44197,4.Non-Critical,18,18,70,0.25,0.02056807052,44737,50760.57143,42464,0,NA,46419,52,0,218.7857143,0.2294319295,52,200.7857143
,8a6cab68-0f15-41ce-a679-ce2d8d5242f4,911,BF#2,PCI,Inclined belt,C,20,800,SAR70,5,0,0,0,0,0,0,0,0,0,0,0,46142,0,46244,4.Non-Critical,18,36,1.766666667,0.125,0.125,47324,47324,42465,0,46784,NA,-16.23333333,0,36,0,-34.23333333,0