@odata.etag,ItemInternalId,DEPT,Section,Conveyor,CATEGORY,belt Length,Belt Width,Belt Cover Grade,TOP,Last Belt Replacement,Re-joint/Piece addition date,Reference date,Override,Total Joint,Hot,Cold/MLT/FASTNER,Patching count since last replacement,Joint Status,Frequency (days),Center Thickness,Last Thickness Date,Thickness Status,Comments,ACTION TO BE TAKEN,Column1
,b31089c9-b2e3-4185-bd70-07e62952e990,RMBB,Coke Route,CCBC2,B,25,650,SAR70,5,44462,,44462,,1,0,1,0,Ok,,0,46059,1.Critical,,,
,7e107d6a-82c3-4c67-a92f-e2be354ba936,RMBB,Coke Route,CCBC3,B,25,650,SAR70,5,45199,,45199,,1,0,1,0,Ok,,3.9,46213,4.Non-Critical,,,
,5df137ea-6804-4ec9-b32f-c9aa178d0079,RMBB,Sinter Return,J78C1,B,700,800,FR,8,43729,46245,46245,,4,1,3,4,Alert,10,3.2,46241,4.Non-Critical,STEP CRACK IN JOINT AREA (Both the joints have been corrected 1st joint on 30-04-2025 & 2nd joint on 19-05-2025),,
,460d89ea-230c-49d9-95a9-7d1632b3e22e,RMBB,Sinter Return,J80C1,B,438,800,FR,8,44572,46245,46245,,3,0,3,0,Ok,,4,46275,4.Non-Critical,,,
,bb3e15f0-9aa1-488c-92df-c0b50e9e549a,RMBB,Sinter Return,J81C1,B,729,800,FR,8,44048,46094,46094,,5,1,4,0,Ok,,3,46294,3.Marginal,,,
,e1d69346-ba56-432b-9c16-ab290613e1c7,RMBB,Sinter Return,J82C1,B,185,800,FR,8,43959,46135,46135,,2,0,2,1,Marginal,,0.7,46275,2.Semi-Critical,,,
,2c4050ca-08e5-476e-9072-fbba623e77a0,RMBB,Sinter Return,J83C1,B,192,800,FR,8,44027,46128,46128,,2,0,2,0,Ok,,5.2,46294,4.Non-Critical,,,
,5d73e55d-5722-43cd-992b-328182913d79,RMBB,Sinter Return,J84C1,B,240,800,FR,8,45083,46154,46154,,2,0,2,1,Marginal,,6.1,46294,4.Non-Critical,,,
,5a795d4b-77a6-41d0-abd5-d9f7ae352126,RMBB,Sinter Return,J84C2,B,41,800,FR,8,45102,45777,45777,,1,0,1,0,Ok,,4.3,46294,4.Non-Critical,,,
,fb45cc44-6000-4d95-9074-c1234cfb50e7,RMBB,Sinter Return,J62C1,B,247,800,SAR70,8,43939,,43939,,2,0,2,1,Marginal,,4.03,46259,4.Non-Critical,,,
,b5ca7d72-1c1f-4495-8c05-8a4b93803533,RMBB,Sinter Return,J62C2,B,123,800,SAR70,8,45330,46136,46136,,2,2,0,0,Ok,,3.87,46259,4.Non-Critical,,,
,9eb110a2-1591-4e26-9a87-f217931b8eb8,RMBB,Flux Route,J52C1,B,809,800,SAR70,8,44650,45806,45806,,4,4,0,2,Marginal,24,4.1,46192,4.Non-Critical,,,
,b6200696-29a5-4a6a-a2c1-8212522ba965,RMBB,Coke Route,J52C2,B,126,800,SAR70,8,46223,,46223,,1,1,0,0,Ok,,3.4,46050,4.Non-Critical,,,
,1287b3e1-0468-4b4f-80da-2420d3bf72f7,RMBB,Coke Route,CCBC4,B,46,800,FR,5,45907,,45907,,1,0,1,0,Ok,,6.8,46295,4.Non-Critical,,,
,c12db6e0-5556-4b9b-b44b-77cc96f5d361,RMBB,Flux Route,J53C1,B,238,800,FR,5,43621,,43621,,1,1,0,0,Ok,,4,46200,4.Non-Critical,,,
,9037047e-f20d-45e4-9f61-32c17dce47e9,RMBB,Pile making,MSRC1,B,15,1000,SAR70,6,46295,,46295,,1,0,1,0,Ok,,0,45876,4.Non-Critical,,,
,b95c85fa-8819-47ec-82bc-c85c95490cc6,RMBB,Pile making,MSRC2,B,15,1000,SAR70,6,46141,,46141,,1,0,1,0,Ok,,1.5,46136,4.Non-Critical,,,
,5cab2a94-5109-4cd8-94ea-0d56204f828d,RMBB,Pile making,MSRC3,B,15,1000,SAR70,6,45629,,45629,,1,0,1,0,Ok,,3,46259,3.Marginal,,,
,c4df416a-a93e-4460-a27b-50978f1d9486,RMBB,Flux Route,JHBC1,A,369,1000,SAR70,8,43621,45806,45806,,1,1,0,0,Ok,,4.9,46227,4.Non-Critical,,,
,aa8f6bba-28e2-492b-996c-61dc895d0cb4,RMBB,Sinter Return,J58C1,B,411,1000,FR,8,43143,,43143,,2,2,0,0,Ok,,5,46217,4.Non-Critical,,,12
,729ad1d4-061d-4fb4-9c92-9c9be5db6ff9,RMBB,Sinter Return,J59C1,B,66,1000,FR,8,45238,46033,46033,,2,0,2,0,Ok,,6.4,46217,4.Non-Critical,,,
,db8e8f4e-9dd2-4e3f-9174-370a348e1ad6,RMBB,Sinter Return,J59C2,B,121,1000,FR,8,46033,,46033,,1,1,0,0,Ok,,7.5,46050,4.Non-Critical,,,
,d91412a1-cb12-492a-99ff-82a2e376ce33,RMBB,Sinter Return,J60C1,B,413,1000,SAR70,8,43531,45806,45806,,3,2,1,1,Marginal,,6.1,46277,4.Non-Critical,,,
,d8d3a81b-04c3-4799-b28d-116f3bb248cd,RMBB,Sinter Return,J61C1,B,62,1000,SAR70,8,44187,,44187,,1,0,1,0,Ok,,4,46277,4.Non-Critical,,,
,03d94e31-c00c-40da-acc0-cd8a9fa56bec,RMBB,Sinter Return,J61C2,B,122,1000,SAR70,6,44922,45806,45806,,2,0,2,1,Marginal,,4.5,46277,4.Non-Critical,,,
,204790a4-c6f7-4261-bd98-1b007670f458,RMBB,Flux Route,FCBC1,B,45,1000,SAR70,6,46129,,46129,,1,0,1,0,Ok,,5.8,46295,4.Non-Critical,,,
,2288cc4f-8075-41a2-a546-ac563397c646,RMBB,Flux Route,FCBC2,B,45,1000,SAR70,6,45652,,45652,,1,0,1,1,Marginal,,4.4,46223,4.Non-Critical,,,
,c898f25d-735d-4191-a623-1f832da05bd6,RMBB,Flux Route,RMBB-FCSBC1,B,53,1000,SAR70,6,45945,,45945,,1,0,1,0,Ok,,7,46295,4.Non-Critical,,,
,5fb6a7f1-0935-4e5e-beba-ffa7e729f3c9,RMBB,Flux Route,RMBB-FCSBC2,B,53,1000,SAR70,6,46129,,46129,,1,0,1,0,Ok,,2.8,46116,4.Non-Critical,,,
,db946ff6-e2a6-4155-bc0f-543cc0f6119d,RMBB,Coke Route,CCBC1,B,52,1000,FR,8,44637,,44637,,1,0,1,0,Ok,,2.7,46295,3.Marginal,,,
,b3591efe-75f3-4179-ae5a-f9d8368ef678,RMBB,Coke Route,CCBC4A,B,84,1000,FR,8,45287,,45287,,1,0,1,2,Marginal,609,2.5,46295,3.Marginal,,,
,2046adaa-33fa-43bb-ac9b-048d951efc41,RMBB,Coke Route,CCBC5,B,37,1000,FR,8,44201,,44201,,1,0,1,1,Marginal,,2.6,46272,3.Marginal,,,
,37b9b58d-03a0-4ad2-aaae-ce84e57d22d9,RMBB,Pile making,J51C1,B,808,1000,FR,8,43755,,43755,,3,3,0,0,Ok,,4.8,46227,4.Non-Critical,,,
,b080b1fb-d607-4d42-bb29-3415176c7e2c,RMBB,Coke Route,CBBC2,B,65,1000,FR,8,45364,,45364,,1,0,1,2,Marginal,102,6.4,46213,4.Non-Critical,,,
,90ead685-26f5-4607-ba2d-264a3a0667d5,RMBB,Sinter Return,J75HAC1,B,54,1000,BUCKET CON,8,45974,,45974,,1,1,0,0,Ok,,0,0,4.Non-Critical,,,
,0eebcbd4-1dfa-43e1-a625-4be850c66207,RMBB,Pile making,J59RSC1,B,18,1200,FR,8,45553,,45553,,1,0,1,0,Ok,,4,46217,4.Non-Critical,,,
,e936a089-0a0e-41d4-90ba-2625bb0b84cc,RMBB,Coke Route,CRSC1,B,31,1200,FR,8,46147,,46147,,1,0,1,0,Ok,,2.5,46059,4.Non-Critical,,,
,32b11647-2a7f-422a-971a-79fb435938cb,RMBB,Flux Route,J61RSC1,B,18,1200,SAR70,8,45945,,45945,,1,0,1,0,Ok,,5.8,46277,4.Non-Critical,,,
,682761c6-9c4a-41d5-9bfd-f38d21597f7a,RMBB,Flux Route,FRSC1,B,31,1200,SAR70,8,45404,,45404,,1,0,1,0,Ok,,3.3,46223,4.Non-Critical,,,
,8c4b0792-d265-4082-9459-e36e062d3e46,RMBB,Flux Route,J30FC6,B,17,1200,SAR70,5,46220,,46220,,1,0,1,0,Ok,,2.3,46116,4.Non-Critical,,,
,65eeab1c-774a-4cac-998b-bdc6a71a2820,RMBB,Flux Route,J30FC7,B,17,1200,SAR70,5,46253,,46253,,1,0,1,0,Ok,,0,46223,4.Non-Critical,,,
,efb6702f-477a-4289-87c2-d9a46f8affa1,RMBB,Flux Route,J30FC8,B,23,1200,FR,8,45281,,45281,,1,0,1,0,Ok,,0.6,46272,2.Semi-Critical,,,
,f56a36c0-d27c-44fa-8ba5-34f890ac8dfc,RMBB,Flux Route,J30FC9,B,23,1200,FR,8,45922,,45922,,1,0,1,0,Ok,,4.4,46272,4.Non-Critical,,,
,fbc3ec80-1ec8-424a-8eaf-b28d70f05589,RMBB,Coke Route,RMBB-CBBC1,B,186,1200,FR,5,45238,,45238,,1,0,1,1,Marginal,,2.7,46295,3.Marginal,,,
,335ebad0-611b-426c-86bb-8daac85a9ecc,RMBB,Coke Route,CCBRC1,B,17,1200,FR,8,45018,,45018,,1,0,1,0,Ok,,2.4,46272,3.Marginal,,,
,94a162fa-b9ff-42a3-aa4b-3652cce88fac,RMBB,Coke Route,CCBRC2,B,17,1200,FR,8,44637,,44637,,1,0,1,0,Ok,,4.4,46272,4.Non-Critical,,,
,3ff3f6c4-6d4a-4753-a048-d987df8b7211,RMBB,Coke Route,CCBRC3,B,25,1200,FR,8,44188,,44188,,1,0,1,0,Ok,,4.7,46272,4.Non-Critical,,,
,bd74aec5-786f-4c94-b607-5efe2d07d3db,RMBB,Coke Route,RMBB-CBBRSC1,B,38,1200,FR,8,46033,,46033,,1,0,1,0,Ok,,0,46087,1.Critical,,,
,b061dc1e-9b0d-4f2e-985e-5fc4e95d91f8,RMBB,Coke Route,CCBRSC1,B,34,1200,FR,8,45907,,45907,,1,0,1,0,Ok,,4.9,46295,4.Non-Critical,,,
,76a6ef49-b4a2-48dd-af64-c8dea75d9c47,RMBB,Flux Route,FCSBHAC1,B,85,1200,BUCKET CON,8,46224,,46224,,2,2,0,0,Ok,,0,0,4.Non-Critical,MLT JOINT,,
,957421f1-801d-43ab-a24a-192e179a7c58,RMBB,Flux Route,FCSBHAC2,B,110,1200,BUCKET CON,8,45432,,45432,,1,1,0,0,Ok,,0,0,4.Non-Critical,,,
,6fbd9970-6e3d-4457-bf07-af2ff4e24217,RMBB,Flux Route,FCSBHAC3,B,80,1200,BUCKET CON,8,45404,,45404,,1,1,0,0,Ok,,0,0,4.Non-Critical,,,
,476a8b79-3be8-4fbd-b964-a4e72d60cda2,RMBB,Flux Route,FCSBHAC4,B,44,1200,BUCKET CON,8,45432,46116,46116,,2,2,0,0,Ok,,0,0,4.Non-Critical,,,
,c4dc793a-f0dd-407f-9216-43232630e3dc,RMBB,Coke Route,CCBHAC1,B,114,1200,BUCKET CON,8,45794,46099,46099,,2,2,0,2,Marginal,53,0,0,4.Non-Critical,,,
,3ed47175-f9f8-4390-8799-3c79d7da2ab6,RMBB,Coke Route,CCBHAC2,B,57,1200,BUCKET CON,8,45903,,45903,,1,1,0,0,Ok,,0,0,4.Non-Critical,,,
,a140443a-53d2-4257-8005-05a6975f46d9,RMBB,Pile Making,J65C1,B,14,1400,SAR70,8,46294,,46294,,1,0,1,0,Ok,,1.44,46265,4.Non-Critical,,,
,8117b3ff-e467-4791-af6e-9c538776505d,RMBB,Pile Making,J65C2,B,870,1400,STEELCORD,8,44065,46242,46242,,5,5,0,0,Ok,,0,46113,1.Critical,,,
,0d241b43-3e2e-4389-99c0-32125161eb22,RMBB,Pile dispatch,J66C1,B,914,1400,STEELCORD,8,43816,,43816,,4,4,0,0,Ok,,3.7,46289,4.Non-Critical,,,
,0ef0865d-9b7f-4ffa-9a0d-56b615dae2ae,RMBB,Pile dispatch,J67C1,B,914,1400,STEELCORD,8,43850,45971,45971,,3,3,0,0,Ok,,1.4,45876,2.Semi-Critical,,,
,dcc9ca35-5afe-4e4d-832e-6f6f5bf68fdf,RMBB,Pile Making,J63C1,B,273,1400,SAR70,8,46015,46033,46033,,1,1,0,0,Ok,,2.59,46265,3.Marginal,,,
,33f31c55-ced5-4b72-9593-d52721188eb5,RMBB,Pile Making,J64C1,B,247,1400,SAR70,8,45946,,45946,,1,1,0,0,Ok,,3.1,46211,4.Non-Critical,,,
,ec625b2c-e10c-44a5-b5f5-c0aa028e547b,RMBB,Pile dispatch,J68C1,B,416,1400,SAR70,8,45679,46132,46132,,1,1,0,0,Ok,,4.7,46183,4.Non-Critical,,,
,9560e665-9c39-431e-aa86-8e0c12897468,RMBB,Pile dispatch,J68C2,B,411,1400,SAR70,8,44348,45594,45594,,2,1,1,3,Alert,142,4.3,46127,4.Non-Critical,"1. Minor step crack observed in the 1st step at carrying side.
2. Putty filling done & till now its normal.",,
,13b4a4a3-5400-44d7-bf1b-0c295adc70f6,RMBB,Pile dispatch,J69AC1,B,833,1400,SAR70,8,46136,,46136,,3,3,0,0,Ok,,0,45869,4.Non-Critical,Thickness has reduced & ply is visible,Belt Replacement,
,81949f65-9e9e-45d0-b200-a660ae5ede5d,RMBB,Pile dispatch,J69AC2,B,788,1400,SAR70,8,44698,45806,45806,,2,2,0,0,Ok,,5.9,46227,4.Non-Critical,,,
,7b6f78a0-61b9-44b4-901f-aa3271bcbc54,RMBB,Pile dispatch,J69C1,B,271,1400,SAR70,8,45915,,45915,,1,0,1,0,Ok,,7.4,46136,4.Non-Critical,,,
,8a70be03-49e2-4807-8df4-bc868b2a2816,RMBB,Pile dispatch,J69C2,B,268,1400,SAR70,8,45691,46245,46245,,1,1,0,0,Ok,,5.8,46227,4.Non-Critical,,,
,d74fe8f6-a371-4551-af7f-185c0fb66c10,RMBB,Pile dispatch,JHAC1,A,295,1400,SAR70,8,46135,,46135,,1,1,0,0,Ok,,6.7,46275,4.Non-Critical,,,
,21ee4812-ea68-436e-8569-c8db940f57ab,RMBB,Pile Making,TBS BOOM1,B,70,1400,SAR70,8,46030,,46030,,1,0,1,0,Ok,,5.2,46223,4.Non-Critical,,,
,2bd5feed-69e9-4473-924d-f968588bc746,RMBB,Pile Making,TBS BOOM2,B,70,1400,SAR70,8,46242,,46242,,1,0,1,0,Ok,,2.4,46223,4.Non-Critical,,,
,0a226514-0453-48d9-8cb2-6fcea56fdc83,RMBB,Pile Dispatch,BARREL BRIDGE,B,80,1400,SAR70,8,46285,,46285,,1,0,1,0,Ok,,3.25,46258,4.Non-Critical,,,
,151998bd-ffc3-4920-bf3c-888fc457e177,RMBB,Pile Making,IORSC1,B,59,1600,SAR70,8,46294,,46294,,1,0,1,0,Ok,,3.52,46265,4.Non-Critical,,,
,8ce6347f-223f-4f06-ba51-8c151fb0087d,RMBB,Pile dispatch,JHARC1,A,20,1600,SAR70,8,46294,,46294,,1,0,1,0,Ok,,2.4,46284,4.Non-Critical,,,
,5cd15bc7-ae24-48bb-97f4-37115266e0bf,BF#1,Slag Route,BF1-S0,A+,173,1200,SAR70,6,46175,,46175,,1,1,0,0,Ok,,5.4,46138,4.Non-Critical,,,
,332c9121-dd81-4bf0-8117-fdf2739fe755,BF#1,Slag Route,BF1-S1,B,122,1200,SAR70,6,46175,,46175,,1,1,0,0,Ok,,1.7,46138,4.Non-Critical,,,
,11f1f874-fbaf-4c3e-956b-fcd6901563dc,BF#1,Slag Route,BF1-S2,B,322,1200,SAR70,6,44898,45666,45666,,2,2,0,1,Marginal,,1.4,46301,2.Semi-Critical,,,
,fdffb202-d281-4f35-a7da-364fdfdd9ada,BF#1,Slag Route,BF1-S3,B,62,1200,SAR70,6,45967,,45967,,1,1,0,1,Marginal,,4,46239,4.Non-Critical,,,
,e96f7c57-948a-49cc-a2da-a9f1c2ab30ad,BF#1,Slag Route,BF1-S4,B,40,1200,SAR70,6,46213,,46213,,1,0,1,0,Ok,,5.2,46138,4.Non-Critical,,,
,416e415b-f569-44bb-aded-76f5bb07343e,BF#1,Stock House,FSC1,A,125,800,SAR70,5,45089,,45089,,1,1,0,0,Ok,,0.48,46252,1.Critical,,,
,11ef6875-6b6d-4661-8d21-1d2f2490a765,BF#1,Stock House,FOC1,A,162,800,SAR70,5,45299,,45299,,1,1,0,1,Marginal,,2.34,46268,3.Marginal,,,
,a0c27c77-b941-4393-b90a-a36974453419,BF#1,Stock House,FCC1,A,162,800,SAR70,5,45090,,45090,,1,1,0,1,Marginal,,2.56,46268,3.Marginal,,,
,8ab227e5-7577-4145-999f-73f9746df74d,BF#1,Stock House,FOC2,A,165,800,SAR70,5,45089,45880,45880,,2,2,0,0,Ok,,1.1,46301,2.Semi-Critical,,,
,7e8cc95a-af31-4f57-b518-4cc9a25131bf,BF#1,Stock House,FSC2,A,172,800,SAR70,5,46268,,46268,,1,1,0,0,Ok,,0,46252,4.Non-Critical,,,
,e2a68eac-689d-4ae1-a2b0-dc0749b1e598,BF#1,Stock House,FCC2,A,165,800,SAR70,5,44060,,44060,,1,1,0,0,Ok,,1.27,46301,2.Semi-Critical,,,
,ca1de19e-2b14-4612-949d-6220e2d80d83,BF#1,Stock House,FOC3,A,142,800,SAR70,5,43943,45825,45825,,1,1,0,0,Ok,,0.5,46104,4.Non-Critical,,,
,89165c6c-f0f4-4817-a411-1a30a4449764,BF#1,Stock House,FSC3,A,132,800,SAR70,5,45512,46268,46268,,1,1,0,0,Ok,,1.29,46301,2.Semi-Critical,,,
,46c28dec-7e2f-4899-b38a-dc31a46db24e,BF#1,Stock House,FCC3,A,140,800,SAR70,8,44708,45749,45749,,1,1,0,1,Marginal,,3.5,46151,4.Non-Critical,,,
,4a928511-1953-41f9-81a5-4b023bfb7780,BF#1,Stock House,RFTH1C1,A,70,650,SAR70,5,46268,,46268,,1,1,0,0,Ok,,0.63,46252,4.Non-Critical,,,
,8fac890b-2002-465e-b6e3-5bec39f058ec,BF#1,Stock House,RFTH2C1,A,200,650,SAR70,5,43835,46268,46268,,2,0,2,0,Ok,,1.3,46301,2.Semi-Critical,,,
,226620fe-fa1d-4104-841e-a4d189a1ea9a,BF#1,Stock House,RFTH3C1,A,70,650,SAR70,5,46175,,46175,,1,0,1,0,Ok,,0,46151,4.Non-Critical,,,
,568b0b41-7928-4ff3-b6f6-c47f599f683f,BF#1,Stock House,BF1-RSC1,A+,90,1200,SAR70,6,46268,,46268,,1,1,0,0,Ok,,0.67,46252,4.Non-Critical,,,
,ca5bf1bc-a46e-4a6e-9328-359503cf9c7b,BF#1,Stock House,BF1-C1,A+,475,1600,SAR70,5,45512,45749,45749,,2,2,0,2,Marginal,47,5.08,46252,4.Non-Critical,,,
,df17b25b-c1e8-47dc-a34c-97af7b0e9615,BF#1,Stock House,BF1-C2,A+,480,1600,SAR70,5,44986,46175,46175,,3,3,0,0,Ok,,2.78,46268,3.Marginal,Bottom side channel open approx 500 mm in width & pocket formed 80 mm,Belt Re-joint,
,e0cf5a29-a388-46b4-971e-9ae15825fe27,BF#1,Stock House,BF1-C3,A+,750,1600,STEELCORD,6,44707,,44707,,3,3,0,1,Marginal,,3.2,46252,4.Non-Critical,,,
,1ed9da54-7156-4266-9c8e-2d5baf4cf5fb,BF#1,Filter press,FPC1,B,40,1000,SAR70,5,44224,,44224,,1,0,1,0,Ok,,3.01,46260,4.Non-Critical,,,
,5a6d1d5e-cae6-4cee-8dc1-74bc29e10d4c,BF#1,Filter press,FPC2,B,40,1000,SAR70,5,44224,,44224,,1,0,1,0,Ok,,0.31,46260,1.Critical,,,
,03353914-7284-4bc3-83f1-0fb51392df3b,BF#2,Slag Route,SCA2,B,245,1000,HRT3,6,45106,45896,45896,,1,1,0,0,Ok,,5.5,46242,4.Non-Critical,,,
,4424c1db-640c-4c82-939f-ade817e3d986,BF#2,Slag Route,SCA3,B,36,1200,HRT3,6,46232,,46232,,1,1,0,0,Ok,,5.5,46275,4.Non-Critical,,,
,8bba9e05-d77f-426c-bf74-28262e735a55,BF#2,Slag Route,SCB2,B,140,1000,HRT3,6,45494,,45494,,1,1,0,2,Marginal,11,3.5,46242,4.Non-Critical,,,
,9bc8684d-f5b4-432d-8cbb-0c429dbb4878,BF#2,Slag Route,SCB3,B,36,1200,HRT3,6,46031,,46031,,1,1,0,0,Ok,,5.5,46138,4.Non-Critical,,,
,cf39ae40-1d77-47e8-9983-d1dd37da7d22,BF#2,Stock house,SFC1,A,63,800,SAR70,6,44953,,44953,,1,1,0,0,Ok,,2.5,46275,3.Marginal,,,
,766049ba-450f-4c1e-815f-5b67a865f511,BF#2,Stock house,SFC2,A,65,800,SAR70,6,46135,,46135,,1,1,0,0,Ok,,0,46128,4.Non-Critical,,,
,76f61639-b4bd-498c-afee-1c93f2408a71,BF#2,Stock house,SFC3,A,42,800,SAR70,6,46245,,46245,,1,0,1,0,Ok,,0,46016,4.Non-Critical,,,
,6c11510a-c857-4ead-ab4e-c99d9b73279e,BF#2,Stock house,SFC4,A,270,800,SAR70,6,45083,,45083,,1,1,0,0,Ok,,3.8,46239,4.Non-Critical,,,
,a88bbf3f-f473-48b9-9e68-8a1e7ea8fad0,BF#2,Stock house,OAC2,A+,80,1400,SAR70,6,45876,,45876,,1,0,1,0,Ok,,3.3,46294,4.Non-Critical,,,
,d3342a4e-3649-4141-9b14-1965b5f9e930,BF#2,Stock house,OAC3,A,25,1400,SAR70,6,46294,,46294,,1,0,1,0,Ok,,6,46221,4.Non-Critical,,,
,4e0e0465-886d-4618-b35d-dc46674e0bf7,BF#2,Stock house,OAC4,A,68,1400,SAR70,6,46294,,46294,,1,0,1,0,Ok,,2,46246,4.Non-Critical,,,
,94f7b681-6e8c-43ec-b384-bc466c8f54f0,BF#2,Stock house,OAC5,A,68,1400,SAR70,6,46135,,46135,,1,0,1,0,Ok,,1.2,46098,4.Non-Critical,,,
,e47571a3-5ba8-4cb1-98e3-99f56913bcb5,BF#2,Stock house,OFC3,A,42,800,SAR70,6,45330,,45330,,1,0,1,0,Ok,,3.8,46239,4.Non-Critical,,,
,e9f0c886-95d2-4eaf-b534-f71c0ed3b9b7,BF#2,Stock house,MB1,A+,389,2000,STEELCORD,12,45104,,45104,,1,1,0,0,Ok,,7.6,46270,4.Non-Critical,,,
,fd937eea-c257-4346-a2f0-bfdb1a26bdaa,BF#2,Stock house,MB2,A+,934,2000,STEELCORD,12,44953,,44953,,3,3,0,0,Ok,,9.4,46270,4.Non-Critical,,,
,defbd576-1cdf-4dfe-afd3-55eb3ddc24e3,BF#2,Slag Route,SCA1,A+,190,1000,HRT3,6,46138,,46138,,1,1,0,0,Ok,,4.5,46275,4.Non-Critical,,,
,c0c15cfe-8d55-4af1-a0ac-617cda17d3f9,BF#2,Slag Route,SCB1,A+,190,1000,HRT3,6,45796,46245,46245,,2,0,2,0,Ok,,3.5,46275,4.Non-Critical,,,
,b7e4a7bb-7527-42d8-98de-fbaed13182c5,BF#2,Stock house,SC2,A+,82,1400,SAR70,6,45859,,45859,,1,1,0,0,Ok,,3,46294,3.Marginal,,,
,19955235-409b-4303-8fd5-fe1e1a4332fb,BF#2,Stock house,SC3,A,25,1400,SAR70,6,46245,,46245,,1,0,1,0,Ok,,4.1,46221,4.Non-Critical,,,
,3bef3851-a6c8-4cfe-b227-e6136c82406d,BF#2,Stock house,SC4,A,68,1400,SAR70,6,43941,,43941,,1,0,1,0,Ok,,3.2,46240,4.Non-Critical,,,
,3bb95c3a-d35e-42e9-ad36-da6289ba8fa8,BF#2,Stock house,SC5,A,68,1400,SAR70,6,43941,,43941,,1,0,1,0,Ok,,4.2,46294,4.Non-Critical,,,
,842707a8-f0cc-44b7-936b-fa1c9530f3c3,BF#2,Stock house,OFC1,A,42,800,SAR70,6,45740,,45740,,1,0,1,0,Ok,,4.6,46217,4.Non-Critical,,,
,3961bf82-40df-4f09-b429-d00e44c8788f,BF#2,Stock house,OFC2,A,42,800,SAR70,6,44869,,44869,,1,0,1,0,Ok,,2.7,46275,3.Marginal,,,
,e47ae67a-e721-4f93-8eb6-3f6fa8cb6096,BF#2,Stock house,OFC4,A,182,800,SAR70,6,45028,45945,45945,,1,1,0,0,Ok,,4.1,46239,4.Non-Critical,,,
,8cd09d30-9d6d-4234-857a-9084ccaf5a78,BF#2,Stock house,CC2,A+,20,1400,SAR70,6,46294,,46294,,1,0,1,0,Ok,,5.8,46223,4.Non-Critical,,,
,5b80bcab-4cfc-4a86-92af-a46d4fa61a93,BF#2,Stock house,CFC1,A,65,800,SAR70,6,45339,,45339,,1,0,1,1,Marginal,,3.5,46294,4.Non-Critical,,,
,bf0c2df3-ea74-44f0-a71a-410d868da721,BF#2,Stock house,CFC2,A,72,800,SAR70,6,46245,,46245,,1,1,0,0,Ok,,0,46176,4.Non-Critical,,,
,347aceb6-24a0-41ff-addb-d4a23adc689f,BF#2,Stock house,CFC3,A,30,1000,SAR70,6,46245,,46245,,1,0,1,0,Ok,,2.9,46217,4.Non-Critical,,,
,81c2e251-aae0-4a64-8afe-568fbc901039,BF#2,Stock house,CFC4,A,200,1000,SAR70,6,44202,,44202,,1,1,0,0,Ok,,3.8,46217,4.Non-Critical,,,
,fddb1a50-b020-4c00-b190-3cc5de3c5df7,BF#2,Stock house,CFC5,A,20,1000,SAR70,6,46098,,46098,,1,0,1,0,Ok,,3.9,46275,4.Non-Critical,,,
,deb980df-23ef-4b38-a43a-7d8c1e0e1b2a,BF#2,Stock house,CFC6,A,290,1000,SAR70,6,44187,46098,46098,,3,0,3,0,Ok,,3.8,46217,4.Non-Critical,,,
,d836f73b-5b86-4961-9560-3fd0fe42b6ac,BF#2,Stock house,CFC7,A,95,800,SAR70,8,45209,,45209,,1,1,0,1,Marginal,,4.6,46217,4.Non-Critical,,,
,e9bd6f0f-8b92-4b59-b5af-78e2afa8a526,BF#2,Stock house,CFC8,A,30,800,SAR70,6,46133,,46133,,1,0,1,0,Ok,,5.6,46217,4.Non-Critical,,,
,bd1b92ba-5bf8-4f5a-96bb-75ece979c885,BF#2,Stock house,CFC9,C,35,800,SAR70,6,44398,,44398,,1,0,1,0,Ok,,0,0,4.Non-Critical,,,
,5f7f1baa-a9b5-4e6e-8cbc-f154894571cf,BF#2,Stock house,CRC,A+,25,1400,SAR70,6,46245,,46245,,1,0,1,0,Ok,,2.8,46223,4.Non-Critical,,,
,8bfdb6a7-abcd-47a6-b211-0f5040f8d416,DRI,In Plant,PSB4-BC21,A,16,500,HR,6,46203,,46203,,1,0,1,0,Ok,,3.5,46179,4.Non-Critical,"1. During 1st patch only side edge from bottom was opened.
2. During 2nd patch carrying channel got opened due to rubbing from return side.
3. After that every time old patch piece got opened & the same was either re-patched or new strip pasted.",Belt Replacement,
,9402d00f-f6ce-470c-8908-2eb92e0426c4,BF#2,Slag Route,D3,B,560,1600,SAR70,6,45859,,45859,,2,2,0,0,Ok,,4.5,46138,4.Non-Critical,,,
,fc9ae0b1-ebe3-4a53-8c72-d7a97c6ac59d,BF#2,Slag Route,D4,B,840,1600,SAR70,6,44393,46232,46232,,5,5,0,0,Ok,,5,46138,4.Non-Critical,,,
,a54c9de4-f772-4880-9afe-adb7173cc03d,BF#2,Slag Route,D5,B,138,1600,SAR70,6,45946,,45946,,1,1,0,0,Ok,,4.7,45929,4.Non-Critical,,,
,f1739482-f1da-441f-abd6-fa18edfa7882,BRIQUETTING,CBI,T30AC1,A,1100,800,SAR70,5,43658,45996,45996,,5,4,1,0,Ok,,3.1,46261,4.Non-Critical,,,
,bbbd08f3-e766-4679-b529-5bee4aeece6d,BRIQUETTING,CBI,T30BC1,A,375,800,SAR70,5,43603,,43603,,2,2,0,1,Marginal,,1.7,46261,3.Marginal,,,
,ece69682-b3d3-4823-a1ff-ad3cb95dc3de,BRIQUETTING,CBI,T30BC2,A,44,1000,HR,6,45298,,45298,,1,0,1,1,Marginal,,4,46261,4.Non-Critical,,,
,9c308e32-ed29-4aab-a01c-12ee72f41f41,BRIQUETTING,CBI,AJ5-BC30B,A,720,800,HRT1,5,43942,,43942,,3,3,0,0,Ok,,3.2,46261,4.Non-Critical,,,
,ce50cda4-6558-4290-8df6-99d9bc71fade,BRIQUETTING,CBI,AJ5-BC30C,A,375,800,HRT1,5,45300,,45300,,2,2,0,1,Marginal,,4.2,46261,4.Non-Critical,,,
,f0ba0250-6685-401e-a94d-0fd2e1271266,BRIQUETTING,CBI,AJ5-BC30D,A,44,1000,HR,5,45298,,45298,,1,0,1,1,Marginal,,2.7,46261,3.Marginal,,,
,d6061938-1c90-4c97-87d6-f5a45c9a7886,BRIQUETTING,CBI,T31C2,A,530,800,SAR70,5,44760,45996,45996,,2,2,0,0,Ok,,3.2,46147,4.Non-Critical,,,
,8e607ff2-fa54-4713-b53a-3c4144c7ec66,BRIQUETTING,CBI,BC1020,A,34,800,HRT1,5,44458,,44458,,1,0,1,1,Marginal,,1.5,46300,2.Semi-Critical,,,
,36c8b954-2e7f-42cb-a6d9-33149f27d263,BRIQUETTING,CBI,BC1030,A,126,800,HRT1,5,44458,45769,45769,,2,0,2,1,Marginal,,3.6,46147,4.Non-Critical,,,
,9411af31-3428-47a0-bd6c-8ab553c974d3,BRIQUETTING,CBI,BC1115,A,24,650,SHR,6,46255,,46255,,1,0,1,0,Ok,,0.4,46206,4.Non-Critical,,,
,b7b231ec-96ee-43ca-863f-8318ba48e3d6,BRIQUETTING,CBI,BC2070,A,22,650,SHR,5,46296,,46296,,1,0,1,0,Ok,,0,46272,4.Non-Critical,,,
,cd12f279-a198-41c0-bd9f-fec4d36c4a93,BRIQUETTING,CBI,BC2090,A,16,650,SHR,6,46043,,46043,,1,0,1,1,Marginal,,3.3,46300,4.Non-Critical,,,
,187d9183-fe32-4f98-af7f-9961031faee5,BRIQUETTING,CBI,BC2075,A,65,650,SHR,5,45298,,45298,,1,0,1,1,Marginal,,4.7,46235,4.Non-Critical,,,
,be5b8950-08d5-49f3-9cf7-426d2cc95256,BRIQUETTING,CBI,BC2080,A,510,650,SAR70,6,44570,,44570,,3,3,0,2,Marginal,56,2.4,46300,3.Marginal,,,
,e7df2d43-530c-41e7-b326-daa5798b3891,BRIQUETTING,CBI,BC3090,A,291,800,HRT1,5,45340,,45340,,1,1,0,0,Ok,,2.1,46300,3.Marginal,,,
,2aee3efb-bb7a-459b-9a6e-8ab5a8fc3bb4,BRIQUETTING,CBI,BC3095,A,24,1000,HR,6,45993,,45993,,1,0,1,1,Marginal,,6.7,46235,4.Non-Critical,,,
,095cae19-6819-41b5-a10c-6f8d44b1868f,BRIQUETTING,CBI,BOOM,A,32,650,SAR70,8,45936,,45936,,1,0,1,0,Ok,,0,46300,1.Critical,,,
,efc70df0-c389-445c-9b5b-c64ed6f47873,BRIQUETTING,CBI,HAC1120,A,73,650,BUCKET CON,8,45708,46102,46102,,1,1,0,3,Alert,74,2.2,45674,4.Non-Critical,,,
,e6559623-6704-4be1-a565-0ec36af90ffc,BRIQUETTING,CBI,HAC2100,A,48,650,BUCKET CON,8,45298,46274,46274,,2,,2,0,Ok,,0,0,4.Non-Critical,,,
,7eff5018-3e08-48b7-907f-aa2f3ee5e9fa,BRIQUETTING,CBI,HAC3100,A,57,1000,BUCKET CON,8,45994,,45994,,1,1,0,2,Marginal,53,0,0,4.Non-Critical,,,
,d9175609-c427-4d29-91a4-914b5f9244eb,CO#1,Coke,J1,A,250,1200,HRT2,5,45953,,45953,,1,1,0,0,Ok,,4.6,46136,4.Non-Critical,,,
,3175100a-b8fd-4783-afe6-87d107d428ce,CO#1,Coke,J2,A,180,1200,HRT2,6,45666,,45666,,1,1,0,0,Ok,,1.9,46268,3.Marginal,,,
,9f679a33-c6bb-4d81-b3ef-5a9b7661023f,CO#1,Coke,J3,A,240,1200,HRT2,5,45947,,45947,,1,1,0,0,Ok,,3,46247,3.Marginal,,,
,4e93519d-5c36-449f-aefb-2983c62d150c,CO#1,Coke,J4,A,270,1200,HRT2,5,45113,,45113,,1,1,0,0,Ok,,0,46164,1.Critical,,,
,712040e9-00ba-40f1-b147-2487aacd0480,CO#1,Coke,J5,A,320,1200,HRT2,5,45584,,45584,,2,2,0,0,Ok,,1.64,46272,3.Marginal,,,
,dd9ca3a9-2698-461e-bf0f-e266a0fda929,CO#1,Coke,J6,A,620,1200,HRT2,5,43141,,43141,,6,0,6,1,Marginal,,1.5,46300,2.Semi-Critical,,,
,80df7b78-405c-4d9f-a06c-c2b1829eded3,CO#1,Coke,J7,A+,25,1200,HRT2,5,46175,,46175,,1,0,1,1,Marginal,,0,46164,4.Non-Critical,,,
,2171eb4a-07de-4091-b23c-65006e84a9c1,CO#1,Coke,J40C1,B,570,1200,SAR70,5,43141,,43141,,2,2,0,1,Marginal,,0.1,46252,1.Critical,,,
,3c7fa69d-3c99-4c75-9002-6c8e13464283,CO#1,Coke,J40AC1,B,120,1200,SAR70,5,44116,,44116,,1,0,1,0,Ok,,0,0,4.Non-Critical,,,
,f839e5cb-147c-461d-98cf-d551f47ee84b,CO#1,Coke,J42RC1,A,120,1200,SAR70,5,45015,,45015,,1,0,1,0,Ok,,1,46300,2.Semi-Critical,,,
,827ded2a-6d04-4da4-883a-adcb919f35b3,CO#1,Coke,J40FC1,A+,20,1200,SAR70,5,46007,,46007,,1,0,1,0,Ok,,1.8,46300,3.Marginal,,,
,7d0c4c8b-6798-4116-bd65-a962166cacec,CO#1,Coke,J44C1,A,960,1200,SAR70,5,43296,,43296,,0,0,0,0,Ok,,0,0,4.Non-Critical,,,
,6a9d6b75-2af2-4a9f-ada0-02874a0ef49a,CO#1,Coke,J45C1,A,860,1200,SAR70,5,43180,,43180,,3,3,0,0,Ok,,2.84,46288,3.Marginal,,,
,2c1df1f0-e831-4f9e-bff6-52e39f8e1f36,CO#1,Coke,COC1,B,370,1000,SAR70,6,45744,,45744,,2,2,0,0,Ok,,3,46202,3.Marginal,,,
,e676dfbe-975e-47ab-88b5-22674203b135,CO#1,Coal,M1,A,240,800,SAR70,5,45236,,45236,,1,1,0,0,Ok,,2.6,46247,3.Marginal,,,
,f3eee6e0-427a-4460-9348-22f56afb9482,CO#1,Coal,M2,A,400,800,SAR70,5,45044,45836,45836,,3,0,3,1,Marginal,,1.53,46286,3.Marginal,,,
,a221d5ff-46cb-43c2-b470-47ee8e1460c5,CO#1,Coal,M3,A,32,800,SAR70,5,46295,,46295,,1,0,1,0,Ok,,1.37,46286,4.Non-Critical,,,
,5d81151f-5ff4-454a-a668-a793fcab6e53,CO#1,Coal,M4,A,55,800,SAR70,5,45813,,45813,,1,0,1,0,Ok,,2,46254,3.Marginal,,,
,4753b7f1-beb2-4dff-a62c-61ab8d93013b,CO#1,Coal,M5,A,55,800,SAR70,5,46182,,46182,,1,0,1,0,Ok,,3.8,46254,4.Non-Critical,,,
,540b78be-6b6c-4b3e-96ee-6d21754af2df,CO#1,Coal,M6,A,380,800,SAR70,5,45413,,45413,,2,2,0,0,Ok,,2.85,46248,3.Marginal,,,
,0b696e9b-a0ac-4cb2-b2ca-3c2995c20bb9,CO#1,Coal,M7,A,380,800,SAR70,5,44714,,44714,,2,2,0,0,Ok,,2.65,46275,3.Marginal,,,
,6853852d-340f-400e-b5ad-86d8568b8b19,CO#1,Coal,M8,A,88,800,SAR70,5,45923,,45923,,1,1,0,0,Ok,,0,45898,4.Non-Critical,,,
,ff95195c-2b71-4e49-b608-d041dad3d5b3,CO#1,Coal,M10,A,360,800,SAR70,5,45120,,45120,,2,2,0,2,Marginal,665,2.7,46288,3.Marginal,,,
,3b53a145-a71b-46bd-97c5-b7f98eb64062,CO#1,Coal,M11,A,290,800,SAR70,5,45112,,45112,,1,0,1,0,Ok,,0.34,46288,1.Critical,,,
,e5f57ec7-8f6a-41aa-b3a2-73d8299bbb4d,CO#1,Coal,CO1-S1,B,290,500,SAR70,5,45433,,45433,,1,0,1,0,Ok,,3,46275,3.Marginal,,,
,b21e0016-b9b3-44bb-ba59-c9c90e437127,CO#1,Coal,CO1-S2,B,380,500,SAR70,5,44568,,44568,,2,2,0,0,Ok,,3.9,46209,4.Non-Critical,,,
,034bb3c9-8a27-4fea-a08b-628bc4c31b9e,CO#1,Coal,CO1-S3,B,40,500,SAR70,5,44830,,44830,,1,0,1,0,Ok,,2.13,46275,3.Marginal,,,
,c8c57d64-77a6-47d7-8aa6-c6be952f3761,CO#2,Coal,02BC01,A,210,1800,SAR70,8,44225,46235,46235,,1,0,1,0,Ok,,5.1,46232,4.Non-Critical,,,
,f311578d-e458-4fd6-b756-43b911fba2c9,CO#2,Coal,02BC02,A,42,1800,SAR70,8,46291,,46291,,1,0,1,0,Ok,,3.8,45799,4.Non-Critical,,,
,02659829-4a2c-4669-aa94-47e74c70bdd4,CO#2,Coal,02BC03,A,18,1800,SAR70,8,44900,,44900,,1,0,1,1,Marginal,,2.9,46258,3.Marginal,,,
,2b397dc3-8b45-46a2-9013-6486b33e26e4,CO#2,Coal,02BC04A,B,51,1800,SAR70,8,45783,,45783,,1,0,1,0,Ok,,7,46184,4.Non-Critical,,,
,e1324276-993e-4b67-a165-e09cbf3984d9,CO#2,Coal,02BC04B,B,51,1800,SAR70,8,44183,,44183,,1,0,1,0,Ok,,4.5,46184,4.Non-Critical,,,
,3bb0015e-be22-4411-8e60-88bef74531c6,CO#2,Coke,25BC91B,B,450,1600,HRT3,8,43692,46198,46198,,3,3,0,3,Alert,20,3.4,46116,4.Non-Critical,,,
,8c628141-8867-4f52-b4d2-784f62c6c992,CO#2,Coke,25BC13,A,256,1600,FR,8,43730,,43730,,1,0,0,0,Ok,,6.4,46281,4.Non-Critical,,,
,85697720-7063-4057-864a-0b5c7455dc46,CO#2,Coke,25BC23,B,36,1000,FR,8,44172,,44172,,1,0,1,0,Ok,,1.2,46281,2.Semi-Critical,,,
,7b2aecfa-0923-4682-88e3-638a62c0201e,CO#2,Coke,25BC22,B,299,1000,FR,8,45785,46294,46294,,1,1,0,0,Ok,,6.8,46281,4.Non-Critical,,,
,c0cd12ff-54c3-4f9f-9d15-1bf56e231961,CO#2,Coke,25BC41,B,166,1000,FR,8,43816,,43816,,1,1,0,0,Ok,,5.8,46294,4.Non-Critical,,,
,8e3db435-2655-445b-9913-fe201b3ec662,CO#2,Coke,25BC33,B,36,1000,FR,8,45624,,45624,,1,0,1,0,Ok,,6,46191,4.Non-Critical,,,
,670793a7-f102-468d-b3e6-801fcfccb27d,CO#2,Coke,25BC03B,A,45,1600,FR,8,44245,,44245,,1,0,1,0,Ok,,7,46281,4.Non-Critical,,,
,5ddcf974-2c25-400d-a3e8-11e3a9e5e937,CO#2,Coal,02DC01A,B,10,1000,FR,8,44357,,44357,,1,0,1,0,Ok,,2,46256,3.Marginal,,,
,a0f709e5-bea3-4d44-bba8-2bd7304f7302,CO#2,Coal,02DC01B,B,10,1000,FR,8,44323,,44323,,1,0,1,0,Ok,,4.5,46184,4.Non-Critical,,,
,30744faf-bb47-473e-bc1d-a1483a50e84c,CO#2,Coke,25BC43,B,125,1200,FR,8,44246,45898,45898,,3,0,3,1,Marginal,,5.6,46294,4.Non-Critical,,,
,4a5dd9ec-e715-44b2-8b24-976c60bda6f6,CO#2,Coke,25BC01A,A+,125,1600,HR,5,46281,,46281,,1,0,1,0,Ok,,0,46181,4.Non-Critical,,,
,54730922-0d0c-432b-b891-ca946255232f,CO#2,Coke,25BC32,B,297,1000,FR,8,45677,,45677,,1,0,1,1,Marginal,,4.7,46118,4.Non-Critical,,,
,de8541be-a9a9-4da2-8905-1a249904598d,CO#2,Coke,25BC31,B,250,1000,FR,8,44236,,44236,,1,1,0,0,Ok,,7,46281,4.Non-Critical,,,
,28648805-e84e-437e-832f-41f1b5fa7316,CO#2,Coke,25BC34,B,30,1000,FR,8,45069,,45069,,1,0,1,0,Ok,,0.4,46294,1.Critical,,,
,485b6858-b35a-445e-bc75-d013573bcb11,CO#2,Coke,25BC21,A,265,1000,FR,5,45740,,45740,,1,0,1,3,Alert,227,4.9,46281,4.Non-Critical,,,
,c5687176-1370-4bb1-837c-e2be240f3bad,CO#2,Coke,25BC91,A,850,1600,UHR,8,44705,46130,46130,,5,5,0,2,Marginal,128,5.2,46191,4.Non-Critical,,,
,d5268cf6-ad55-4853-ac20-f8bfa1398a8e,CO#2,Coke,25BC91A,B,450,1600,HRT3,8,44998,,44998,,4,4,0,1,Marginal,,4.6,46224,4.Non-Critical,,,
,a8d842d2-0c2d-4e57-98f5-65c4538833d7,CO#2,Coke,25BC42,B,165,1200,FR,8,45040,,45040,,1,1,0,1,Marginal,,5.4,46294,4.Non-Critical,,,
,1c6a1922-bc28-47e6-855b-1a120bbb9918,CO#2,Coal,02BC05,A,330,1600,SAR70,8,44523,45785,45785,,2,1,1,0,Ok,,4.8,46256,4.Non-Critical,,,
,e1ad8fd1-609f-4aaf-b1f8-275cd8be6dfd,CO#2,Coal,02RC01,A,20,1600,SAR70,8,45602,,45602,,1,0,1,1,Marginal,,4.3,46258,4.Non-Critical,,,
,164c9ad4-20ce-4470-aecf-e437d6d9f6d9,CO#2,Coal,02BC06A,A,65,1600,SAR70,8,44243,,44243,,1,0,1,1,Marginal,,5.5,46211,4.Non-Critical,,,
,9a674cdf-f6ce-49e8-9379-851cc89131e2,CO#2,Coal,02BC06B,B,65,1600,SAR70,8,44363,,44363,,1,0,1,0,Ok,,5.3,46184,4.Non-Critical,,,
,ce67a158-f58e-418a-94d1-c5caa94a39de,CO#2,Coal,02BC07A,A,15,1600,SAR70,8,45058,,45058,,1,0,1,0,Ok,,3.2,46120,4.Non-Critical,,,
,149eccd8-04dc-445a-8fee-ba0f311ac47d,CO#2,Coal,02BC07B,A,15,1600,FR,8,44337,,44337,,1,0,1,0,Ok,,3,46256,3.Marginal,,,
,0e760de9-96b6-47af-b815-bb1754ecac79,CO#2,Coal,02BC08,A,430,1600,SAR70,8,44166,,44166,,1,0,1,0,Ok,,3.4,46120,4.Non-Critical,,,
,1b67694b-6f19-4f5d-8aba-da8de5f67d15,CO#2,Coal,02BC09A,A,16,1600,SAR70,8,46270,,46270,,1,0,1,0,Ok,,6.8,46184,4.Non-Critical,,,
,90298750-bde5-4092-9869-f2a37a4b25c4,CO#2,Coal,02BC09B,A,126,1600,SAR70,8,45743,,45743,,1,0,1,6,Alert,28,5.6,46211,4.Non-Critical,"1. 1st patch was done after 11 Month of cold joint & only side edge at channel found opened approx 100mm.
2. 2nd time the same side edge was patched after a month.
3. During 3rd occurance the channel got opened from edge to 400 mm. The strip has been applied to protect the channel.
4. After that twice the patch piece got opened & the same was replaced with new rubber strip.",,
,e4cef73d-f002-4cc0-ad45-52d550453338,CO#2,Coal,02BC09,A,145,1600,SAR70,8,45929,,45929,,2,0,2,2,Marginal,18,6.3,46211,4.Non-Critical,,,
,ba4f94b5-c252-4e84-a8f3-fab8a371c902,CO#2,Coke,25BC12,A+,150,1600,FR,8,45994,,45994,,1,1,0,1,Marginal,,0.9,45985,4.Non-Critical,,,
,fedecea5-a504-437e-852a-35a1a8bdeb73,CO#2,Coke,25BC03A,A+,45,1600,FR,10,46281,,46281,,1,0,1,0,Ok,,0,46276,4.Non-Critical,,,
,612c21ef-7c25-4b68-9f71-349e5d09aff2,CO#2,Coal,02FW01A,B,80,1400,BUCKET CON,8,46158,,46158,,1,1,0,0,Ok,,0,0,4.Non-Critical,,,
,88512034-ab3c-40cd-8aaf-43053b1dc867,CO#2,Coal,02FW01B,B,80,1400,BUCKET CON,8,45325,46278,46278,,1,1,0,0,Ok,,3.2,45897,4.Non-Critical,,Belt Replacement,
,2948086b-572d-4fd2-b86e-8d37125ee786,CO#2,Coke,25BC01,A,900,1600,UHR,8,45167,,45167,,2,2,0,1,Marginal,,6.1,46255,4.Non-Critical,,,
,f6272fd9-7189-4f86-bda5-86f0c8678def,CO#2,Coke,25BC11,A+,220,1600,FR,8,45796,46294,46294,,1,1,0,0,Ok,,5.8,46281,4.Non-Critical,"1. Side edge of cold joint got opened due to sway after 10 months.
2. After that same patchine gets opened & re-patched again.",,
,f1606a5f-0a0a-4b9f-874b-4af8747a1b10,CO#2,Coal,05BC01,B,25,1200,FR,8,45420,,45420,,1,0,1,0,Ok,,5.2,46120,4.Non-Critical,,,
,2dcf967b-4eb8-440e-9c52-aaefd60ed268,DRI,In Plant,K1-BC03,B,80,650,SHR,5,45430,,45430,,1,1,0,0,Ok,,4.8,46300,4.Non-Critical,,,
,52cd87b7-af05-4ff0-a743-08b677a1e373,DRI,In Plant,K2-BC03,B,80,650,SHR,6,45448,,45448,,1,1,0,0,Ok,,5.2,46265,4.Non-Critical,,,
,ed8e1cd8-f778-4e93-90a4-ac57fbd497e2,DRI,In Plant,K3-BC03,B,80,650,SHR,5,44823,46015,46015,,1,1,0,1,Marginal,,3.2,46253,4.Non-Critical,,,
,1e03c2ef-ca1b-467f-8b5e-a7f9c2608a6b,DRI,In Plant,K4-BC03,B,80,650,SHR,6,45206,,45206,,1,1,0,0,Ok,,4.2,46296,4.Non-Critical,,,
,51f52f09-2949-470a-80e7-eecad9f98285,DRI,In Plant,K5-BC03,B,80,650,SHR,6,43967,,43967,,1,1,0,0,Ok,,4.5,46188,4.Non-Critical,,,
,15ec0401-6733-44fe-861d-f85ebfa76509,DRI,In Plant,K6-BC03,B,80,650,SHR,5,46115,,46115,,1,1,0,0,Ok,,4.3,46210,4.Non-Critical,,,
,66ac96f1-b6e9-4cd5-b7ad-39919d5c8793,DRI,In Plant,K7-BC03,B,80,650,SHR,6,45427,46214,46214,,2,2,0,0,Ok,,4.5,46254,4.Non-Critical,,,
,302794e7-35d6-4a96-a980-91862ebf0520,DRI,In Plant,K8-BC03,B,80,650,SHR,5,45397,,45397,,1,1,0,2,Marginal,109,4.2,46238,4.Non-Critical,,,
,061c44d4-f682-4fb7-a854-a5d40b4051c1,DRI,In Plant,K9-BC03,B,80,650,SHR,5,46278,,46278,,1,1,0,0,Ok,,3.5,46259,4.Non-Critical,,,
,a800e06f-070f-4d60-a11d-f59d493164cd,DRI,In Plant,K10-BC03,B,80,650,SHR,5,45285,46064,46064,,2,1,1,1,Marginal,,4.3,46276,4.Non-Critical,,,
,40cb11d5-430f-497d-a741-88b646013cbe,DRI,In Plant,PSB1-BC11,A,35,650,SHR,6,45000,,45000,,1,0,1,0,Ok,,4,46279,4.Non-Critical,,,
,7b53e08a-0f7e-4c49-8605-98c138fc9e0d,DRI,In Plant,PSB2-BC11,A,18,650,SHR,6,45088,,45088,,1,0,1,0,Ok,,3.1,45782,4.Non-Critical,,,
,d8de1712-ebd5-4e74-a450-6e86666bacce,DRI,In Plant,PSB3-BC11,A,18,650,SHR,6,45352,,45352,,1,0,1,0,Ok,,3.5,46291,4.Non-Critical,,,
,b5a8edec-03b9-457a-87fd-e3990368e5e3,DRI,In Plant,PSB4-BC11,A,18,650,SHR,6,45427,,45427,,1,0,1,0,Ok,,4.9,46286,4.Non-Critical,,,
,0b03274f-75a1-4528-8394-8e69a907d553,DRI,In Plant,PSB5-BC11,A,18,650,SHR,6,45031,,45031,,1,0,1,0,Ok,,4.2,46277,4.Non-Critical,,,
,5da5554e-fcde-4e76-b285-5822b5a8cafd,DRI,In Plant,K1-BC12,B,14,500,HR,6,46105,,46105,,1,0,1,0,Ok,,3.6,45972,4.Non-Critical,,,
,bf36b55c-6d58-420e-b7f2-68e808890e93,DRI,In Plant,K10-BC12,B,14,500,HR,6,45726,,45726,,1,0,1,0,Ok,,5.5,46234,4.Non-Critical,,,
,b145ae58-908b-4203-bbcb-8af8c235ab80,DRI,In Plant,K2-BC12,B,14,500,HR,6,45526,,45526,,1,0,1,0,Ok,,3.9,46266,4.Non-Critical,,,
,4dc584e5-0ce5-4b1d-88cb-b626775f0277,DRI,In Plant,K3-BC12,B,14,500,HR,6,45526,,45526,,1,0,1,0,Ok,,4.4,46253,4.Non-Critical,,,
,9d699ebb-8384-461b-85e8-0787d7c063ef,DRI,In Plant,K4-BC12,B,14,500,HR,6,44514,,44514,,1,0,1,0,Ok,,4,46296,4.Non-Critical,,,
,9b0db96e-026b-45a7-b549-44d8a5a3ccb6,DRI,In Plant,K5-BC12,B,14,500,HR,6,44391,,44391,,1,0,1,0,Ok,,3.2,46239,4.Non-Critical,,,
,f3422651-32fd-4a86-a236-fd317426641e,DRI,In Plant,K6-BC12,B,14,500,HR,6,44391,,44391,,1,0,1,0,Ok,,4.5,46239,4.Non-Critical,,,
,0a8eaac5-e354-4d49-86a1-0d1c8fd26aad,DRI,In Plant,K7-BC12,B,14,500,HR,6,44520,,44520,,1,0,1,0,Ok,,4.1,46238,4.Non-Critical,,,
,96915a17-04f6-416e-bc7b-68d8925b280a,DRI,In Plant,K8-BC12,B,14,500,HR,6,45458,,45458,,1,0,1,0,Ok,,3.1,46238,4.Non-Critical,,,
,7c593d34-3451-4703-89b6-041af05c0146,DRI,In Plant,K9-BC12,B,14,500,HR,6,44319,,44319,,1,0,1,0,Ok,,0.2,45983,1.Critical,,,
,617c9fcf-8577-47c8-b271-5b163fbc1348,DRI,In Plant,PSB1-BC15,A,240,650,SHR,5,45149,45681,45681,,1,0,1,0,Ok,,3.4,46284,4.Non-Critical,,,
,5bfea031-a7fc-4367-973e-0f9879dbb6e4,DRI,In Plant,PSB2-BC15,A,240,650,SHR,5,45148,46116,46116,,1,1,0,0,Ok,,3.2,46241,4.Non-Critical,,,
,68a3f080-1da8-4639-ba66-7f26b12d12b5,DRI,In Plant,PSB3-BC15,A,240,650,SHR,5,45043,46287,46287,,1,0,1,0,Ok,,2.9,46279,3.Marginal,,,
,b2c92a7d-4254-4f3f-b30a-7487fc48c351,DRI,In Plant,PSB4-BC15,A,240,650,SHR,5,45320,45670,45670,,1,1,0,0,Ok,,5.1,46272,4.Non-Critical,,,
,83aa9c30-926d-473f-a9bb-a452e3664852,DRI,In Plant,PSB5-BC15,A,240,650,SHR,5,46083,,46083,,1,1,0,0,Ok,,3,46057,4.Non-Critical,,,
,63cdcb5c-61d7-47f3-8480-b0507d6dc3de,DRI,In Plant,PSB1-BC21,A,16,500,HR,6,46161,,46161,,1,0,1,0,Ok,,0.6,46141,4.Non-Critical,,,
,b0eaefc2-e46e-4ad2-976f-ddf06ac5cb99,DRI,In Plant,PSB2-BC21,A,16,500,HR,6,45993,,45993,,1,0,1,2,Marginal,49,3.7,46241,4.Non-Critical,,,
,d827a93d-83b7-44ec-a59f-8843e2c42762,DRI,In Plant,PSB3-BC21,A,16,500,HR,6,45113,,45113,,1,0,1,0,Ok,,2,46279,3.Marginal,,,
,380d26a2-019a-42c6-ac60-e61692471837,DRI,In Plant,K8-BC37,B,84,500,HR,6,45396,46192,46192,,1,1,0,0,Ok,,2.7,46238,3.Marginal,Planned for the re-joint in next opportunity,Belt Re-joint,
,cff718f3-9a33-4859-b64f-0c77971689f7,DRI,In Plant,PSB5-BC21,A,16,500,HR,6,45545,,45545,,1,0,1,2,Marginal,195,2.2,46239,3.Marginal,,,
,36d980a5-4593-463a-aaa5-8fbad35f1581,DRI,In Plant,PSB1-BC23,A,70,650,SHR,6,45482,,45482,,1,0,1,1,Marginal,,3.8,46239,4.Non-Critical,,,
,1dd32f6b-51ae-47d1-8169-fc9373443cd9,DRI,In Plant,PSB2-BC23,A,70,650,SHR,6,45995,,45995,,1,0,1,0,Ok,,3.6,46224,4.Non-Critical,,,
,05b53d78-e931-49e1-8ec5-e4cfe189280b,DRI,In Plant,PSB3-BC23,A,70,650,SHR,6,45738,,45738,,1,0,1,0,Ok,,3.3,46279,4.Non-Critical,,,
,d8b7faf5-c535-4802-ad17-5d87620ffe67,DRI,In Plant,PSB4-BC23,A,70,650,SHR,6,45216,,45216,,1,0,1,2,Marginal,99,4.4,46272,4.Non-Critical,,,
,5c7725aa-af5d-4181-bb59-9d64e2b37c7a,DRI,In Plant,PSB5-BC23,A,70,500,HR,6,46284,,46284,,1,0,1,0,Ok,,3,46239,4.Non-Critical,,,
,8ef5542f-9c25-4816-9040-c15734679fc2,DRI,In Plant,PSB1-BC23B,A,50,500,HR,6,46158,,46158,,1,0,1,0,Ok,,0,46141,4.Non-Critical,,,
,02640ebb-0227-4e50-b33b-69eadd776337,DRI,In Plant,PSB2-BC23B,A,50,500,HR,6,45966,,45966,,1,0,1,0,Ok,,3.7,46241,4.Non-Critical,,,
,5a8c40ac-4369-4e45-b63a-334682e760ed,DRI,In Plant,PSB3-BC23B,A,50,500,HR,6,45202,,45202,,1,0,1,0,Ok,,4.7,46221,4.Non-Critical,,,
,64a92add-a44e-4b03-a156-fe9070ba005a,DRI,In Plant,PSB4-BC23B,A,50,500,HR,6,46203,,46203,,1,0,1,0,Ok,,5.4,46210,4.Non-Critical,,Belt Replacement,
,212a961a-8280-4404-9ab6-2e3511ccf1aa,DRI,In Plant,PSB5-BC23B,A,50,500,HR,6,44416,,44416,,1,0,1,0,Ok,,3.7,46188,4.Non-Critical,,,
,3d96ecf4-9040-42d1-adc4-60b136311752,DRI,In Plant,PSB1-BC30,A,140,500,SAR70,6,45867,,45867,,1,0,1,1,Marginal,,1,46284,2.Semi-Critical,Joint is damaged & rubber strip has been pasted,,
,87f472d1-9dad-4a2f-a2f3-4b01ab48b00b,DRI,In Plant,PSB2-BC30,A,140,500,SAR70,6,45846,46070,46070,,1,0,1,3,Alert,32,5.4,46241,4.Non-Critical,,,
,8c33aa93-8111-44aa-8abf-db9dd64bd0bd,DRI,In Plant,PSB3-BC30,A,140,500,SAR70,6,44687,45997,45997,,1,0,1,0,Ok,,3.8,46154,4.Non-Critical,,,
,a38337e6-22ef-46ce-ac0f-2ddb107a2d43,DRI,In Plant,PSB4-BC30,A,140,500,SAR70,6,45962,,45962,,1,1,0,0,Ok,,4.2,46272,4.Non-Critical,,Belt Re-joint,
,521356ed-2892-4a8b-87f8-484d536af30b,DRI,In Plant,PSB5-BC30,A,140,500,SAR70,6,44325,46077,46077,,1,0,1,0,Ok,,3,46188,3.Marginal,,,
,e4dc01f9-1a55-4783-ac49-8273260ae6d0,DRI,In Plant,AJ5-BC30A,A,340,650,SAR70,5,44876,45867,45867,,1,0,1,2,Marginal,47,3.2,46260,4.Non-Critical,,,
,a7673995-8683-4f5e-b80c-5e48bf3b37bc,DRI,In Plant,EJ5-BC30A,A,240,650,SAR70,5,45352,46286,46286,,1,1,0,0,Ok,,3.4,46077,4.Non-Critical,,,
,d90f9837-5b14-479b-a884-5c7d8db827da,DRI,In Plant,K1-BC33,B,240,500,SAR70,5,45429,45982,45982,,3,1,2,1,Marginal,,0.2,46158,1.Critical,,,
,334d87c1-8dfa-40d4-8e54-5c0b158d00da,DRI,In Plant,K2-BC33,B,240,500,SAR70,5,45566,,45566,,1,1,0,0,Ok,,2.4,46265,3.Marginal,,,
,0a50cd65-c6ec-4a66-ac47-9dda1241139e,DRI,In Plant,K3-BC33,B,240,500,SAR70,5,45680,,45680,,1,1,0,0,Ok,,4.2,46253,4.Non-Critical,,,
,eed2e76b-2f18-47e0-8baf-ece0a7178eb6,DRI,In Plant,K4-BC33,B,240,500,SAR70,5,45489,45619,45619,,1,1,0,0,Ok,,2.3,46296,3.Marginal,,,
,7ff5b67a-4ce0-429b-8629-94e684a2aab8,DRI,In Plant,K5-BC33,B,240,500,SAR70,5,45304,45624,45624,,1,0,1,2,Marginal,224,2.2,46288,3.Marginal,,,
,ace1a2e3-07aa-4899-abd2-272afa0ec6a3,DRI,In Plant,K6-BC33,B,240,500,SAR70,5,45791,,45791,,1,1,0,0,Ok,,2.6,46270,3.Marginal,,,
,08dc7cfb-e7a4-414d-80b3-3d47b7ac0a89,DRI,In Plant,K7-BC33,B,240,500,SAR70,5,46127,,46127,,1,1,0,0,Ok,,3.7,46254,4.Non-Critical,,Belt Re-joint,
,2083f1d6-0c1a-45fa-9931-9bfbfed54ab1,DRI,In Plant,K8-BC33,B,240,500,SAR70,5,45229,46192,46192,,1,1,0,0,Ok,,2.3,46238,3.Marginal,,,
,0cc03b5d-45c7-4926-a31a-e9c40dccdd13,DRI,In Plant,K9-BC33,B,240,500,SAR70,5,46173,46272,46272,,1,1,0,0,Ok,,0.1,45987,4.Non-Critical,,,
,ff6c8e56-04fd-468e-8f89-571144b94d90,DRI,In Plant,K10-BC33,B,240,500,SAR70,5,46282,,46282,,1,1,0,0,Ok,,0,46276,4.Non-Critical,,,
,68744cdd-87fd-4f63-a30d-dc06e3bf605a,DRI,In Plant,K1-BC37,B,84,500,HR,6,46198,,46198,,1,1,0,0,Ok,,3.6,46140,4.Non-Critical,,,
,4ba7af5a-d9a5-45a4-b296-a58fad1f85a0,DRI,In Plant,K2-BC37,B,84,500,HR,6,46265,,46265,,1,1,0,0,Ok,,1.9,46158,4.Non-Critical,,,
,ab2bb657-1248-4c0f-99ef-b9f9874abe0f,DRI,In Plant,K3-BC37,B,84,500,HR,6,46010,,46010,,1,1,0,0,Ok,,3.4,46253,4.Non-Critical,,,
,62e975c4-ee49-41ce-82e7-0a21a4911a6b,DRI,In Plant,K4-BC37,B,84,500,HR,6,44884,45939,45939,,1,1,0,1,Marginal,,2.6,46290,3.Marginal,,,
,fb229ade-f5ae-46d9-a1f2-636c149a62c3,DRI,In Plant,K5-BC37,B,84,500,HR,6,45993,,45993,,1,1,0,0,Ok,,5.1,46288,4.Non-Critical,,,
,b099b06a-1953-465b-bac6-4f628a9a7860,DRI,In Plant,K6-BC37,B,84,500,HR,5,46276,,46276,,1,0,1,0,Ok,,3.7,46210,4.Non-Critical,,,
,e2a7b17d-d73f-4ab6-84bc-b72c9e35dfc8,DRI,In Plant,K7-BC37,B,84,500,HR,6,46093,,46093,,1,1,0,1,Marginal,,3,46254,3.Marginal,,,
,320a37cf-4650-466a-912b-ab7910332632,BF#2,Slag Route,D6,B,850,1000,SAR70,6,44393,46183,46183,,5,2,3,0,Ok,,3.3,46138,4.Non-Critical,,,
,c927f8be-cf49-407d-ba6b-85d2fbb2da6a,DRI,In Plant,K9-BC37,B,84,500,HR,6,45770,,45770,,1,1,0,0,Ok,,4.8,46155,4.Non-Critical,"Joint is damaged & Thickness has reduced, also ply is visible",,
,ce9dbcfb-6f44-4e36-b795-fa5fa0deaacf,DRI,In Plant,K10-BC37,B,84,500,HR,6,45285,45925,45925,,2,0,2,1,Marginal,,2.2,46276,3.Marginal,,,
,0f0e1387-3ead-426f-8faf-ae03d31daf78,DRI,In Plant,PSB1-JH1C1,A,34,650,SHR,6,45959,,45959,,1,0,1,0,Ok,,4.7,46158,4.Non-Critical,,,
,1fae5563-deb6-4245-9355-63d04924a439,DRI,In Plant,PSB2-JH3C1,A,34,650,SHR,6,45812,,45812,,1,0,1,1,Marginal,,3.3,46224,4.Non-Critical,,,
,4597d1ae-0673-47f2-8502-e7e4d948743a,DRI,In Plant,PSB3-JH5C1,A,34,650,SHR,6,44211,,44211,,1,0,1,0,Ok,,3.3,46221,4.Non-Critical,,,
,eed5d6e1-c8a0-4d79-8a0d-73777e67c091,DRI,In Plant,PSB4-JH7C1,A,34,650,SAR70,6,44383,,44383,,1,0,1,0,Ok,,3.1,46148,4.Non-Critical,,,
,b8bec22b-dca7-47c8-bb0a-f9543fe77800,DRI,In Plant,PSB5-JH9C1,A,34,650,SAR70,6,44368,,44368,,1,0,1,0,Ok,,3.1,46188,4.Non-Critical,,,
,a5391d56-ace3-4d2d-9d58-6d0025248535,DRI,In Plant,PSB1-JH2C1,A,50,650,SHR,6,44368,46172,46172,,1,0,1,0,Ok,,4.5,46158,4.Non-Critical,,,
,380a50fa-1c63-48d1-b5dc-4ec4ca01a4fa,DRI,In Plant,PSB2-JH4C1,A,50,650,SHR,6,44195,,44195,,1,0,1,1,Marginal,,3.4,46224,4.Non-Critical,,,
,a7fa2d9c-7d15-446a-8843-0ff2ff260ffb,DRI,In Plant,PSB3-JH6C1,A,50,650,SHR,6,44368,,44368,,1,0,1,0,Ok,,0.3,46154,1.Critical,,,
,60c05f64-0b91-4e04-994b-701ee2aed379,DRI,In Plant,PSB4-JH8C1,A,50,650,SAR70,6,44368,,44368,,1,0,1,1,Marginal,,3,46148,3.Marginal,,,
,8043c7a7-6aac-4a0a-a98b-ea1fb6e68a90,DRI,In Plant,PSB5-JH10C1,A,50,650,SAR70,6,44368,,44368,,1,0,1,0,Ok,,3.4,46239,4.Non-Critical,,,
,b2aa3107-b1e0-4f16-82ce-0e00900fa1bd,DRI,In Plant,PDC1,B,190,800,HRT1,5,45662,,45662,,1,1,0,0,Ok,,2.5,46272,3.Marginal,,,
,fef2101d-c601-4e11-b3d0-50b119e55e36,DRI,In Plant,PDC2,B,185,800,HRT1,5,44005,,44005,,1,1,0,0,Ok,,3.1,46147,4.Non-Critical,,,
,8d5da4a9-ecef-430c-ab32-15b8db9c927b,DRI,In Plant,PDC3,B,200,800,HRT1,5,44468,,44468,,1,1,0,0,Ok,,2.6,46272,3.Marginal,,,
,9d5ede33-d693-46de-a037-a6c541afbb6b,DRI,In Plant,PDC4,B,200,800,HRT1,5,44248,,44248,,1,1,0,0,Ok,,4,46239,4.Non-Critical,,,
,c1b6844c-2c93-4533-ba35-01d51ebb2bc0,DRI,In Plant,PDC5,B,145,800,HRT1,5,44005,,44005,,1,1,0,0,Ok,,3.5,46239,4.Non-Critical,,,
,038e669e-3eb4-4832-a1e1-9e2cb10d9063,DRI,In Plant,PDC6,B,155,800,HRT1,5,44005,,44005,,1,1,0,0,Ok,,3.3,46147,4.Non-Critical,,,
,29c5d070-ecc2-4186-93dd-a09d2592d648,DRI,In Plant,PDC5A,B,35,650,SHR,5,45968,,45968,,1,0,1,0,Ok,,0,45889,4.Non-Critical,,,
,b4143af0-4412-4a4c-8a51-1277bac9c74c,DRI,In Plant,HAC-PDC7,B,55,1000,BUCKET CON,5,42736,,42736,,1,1,0,0,Ok,,1.3,45961,2.Semi-Critical,,,
,739d123b-3f4c-4491-bd39-69532dde2b11,DRI,In Plant,HAC-PDC8,B,55,1000,BUCKET CON,5,42736,,42736,,1,1,0,0,Ok,,1.5,45961,2.Semi-Critical,,,
,03b8c12e-8ba3-4425-bff3-96d0671b50de,LCP,Raw material,3A,A,23,650,SAR70,5,45924,,45924,,1,0,1,0,Ok,,0,45880,4.Non-Critical,,,
,6df6de34-5dbd-4d8d-9ce2-65cbd45b440a,LCP,Raw material,3B,A,23,650,SAR70,5,45737,,45737,,1,0,1,0,Ok,,3.1,46242,4.Non-Critical,,,
,e3165a03-e33a-4b39-8367-8d26e5513459,LCP,Raw material,3C,A,23,650,SAR70,5,46098,,46098,,1,0,1,0,Ok,,5.4,46214,4.Non-Critical,,,
,e26caf75-4254-4844-bdee-b86cf8595f9d,LCP,Raw material,3D,A,23,650,SAR70,5,45665,,45665,,1,0,1,0,Ok,,4,46294,4.Non-Critical,,,
,1be0d900-32a3-4ed8-b0f0-8063b81044b9,LCP,Raw material,3E,A,40,800,SAR70,5,45595,,45595,,1,0,1,0,Ok,,2.8,46298,3.Marginal,,,
,519120c0-2653-44a8-a735-2d8da8537780,LCP,Product,4A,A,460,800,HRT3,6,44951,45666,45666,,1,1,0,1,Marginal,,0,46294,1.Critical,,,
,d6e7799f-c0cb-4317-bd45-b3601357a8b6,LCP,Product,4B,A,470,1000,HRT3,6,44950,45880,45880,,1,1,0,0,Ok,,2.2,46294,3.Marginal,,,
,070d1d62-ffa2-4a9b-a046-7d37f2afbd18,LCP,Raw material,2A,A,235,650,SAR70,5,45759,,45759,,1,1,0,0,Ok,,3.3,46242,4.Non-Critical,,,
,c8500fb7-0ad9-4895-baf2-5511ff5894aa,LCP,Raw material,2B,B,235,650,SAR70,6,44545,,44545,,1,0,1,1,Marginal,,3.4,46239,4.Non-Critical,,,
,da58454e-a552-4144-9941-0cb26bc60a56,LCP,Raw material,2C,B,235,650,SAR70,6,45274,,45274,,1,0,1,0,Ok,,4.3,46239,4.Non-Critical,,,
,6351751c-f064-4d87-82c1-71df957709da,LCP,Raw material,2D,B,235,650,SAR70,5,45560,,45560,,1,1,0,0,Ok,,2.6,46267,3.Marginal,,,
,70e783b4-a00a-4d26-97eb-2055d2b9546f,LCP,Raw material,2E,B,230,800,SAR70,5,45490,46154,46154,,1,1,0,0,Ok,,3.1,46242,4.Non-Critical,,,
,1cfb7235-4c52-4dc9-948a-de74235d173f,LCP,Raw material,3I,B,25,800,SAR70,6,46108,,46108,,1,0,1,0,Ok,,2.4,46063,4.Non-Critical,,,
,0d6b7600-8152-4943-89b6-ea7d03b4c470,LCP,Raw material,3M,B,43,800,SAR70,5,46065,,46065,,1,0,1,0,Ok,,0,46006,4.Non-Critical,,,
,393f77b6-5823-4315-8933-c2ee191302e8,LCP,Product,RBC5,B,39,1000,SAR70,6,46065,,46065,,1,0,1,0,Ok,,2.4,46294,3.Marginal,,,
,c61ceb49-148f-4644-ba62-d4734061ea78,LCP,Product,RBC6,B,28,800,SAR70,6,46276,,46276,,1,0,1,0,Ok,,0,46154,4.Non-Critical,,,
,5a223415-a270-4d20-b648-133f45892a5f,LCP,Product,LP-BC7,B,43,650,SAR70,6,45924,,45924,,1,0,1,0,Ok,,4.3,46245,4.Non-Critical,,,
,cfb863ee-4051-4400-b8e3-2e8a8cc2e401,LCP,Product,LP-BC8,B,32,650,SAR70,6,44437,,44437,,1,0,1,0,Ok,,0,0,4.Non-Critical,,,
,b32efe66-aa68-4c6e-bec5-557f363b0f16,LCP,Product,LP-BC12,B,30,500,SAR70,6,45945,,45945,,1,0,1,0,Ok,,5.2,46245,4.Non-Critical,,,
,6e7609bf-146e-4417-a278-4a4904ad9188,LCP,Product,LP-BC11,B,23,500,SAR70,6,45540,,45540,,1,0,1,0,Ok,,4.2,46267,4.Non-Critical,,,
,f3b9d69f-9aa7-4eb3-8db7-ac796dd3471a,LCP,Raw material,TBC1,B,300,1200,SAR70,5,45329,45859,45859,,1,1,0,1,Marginal,,2.4,46239,3.Marginal,,,
,bfe39cd5-75f7-4846-b949-bbd93fbdeb09,SMS#2,In Plant,EAF-BC1F,A+,335,800,SAR70,5,45195,46161,46161,,2,2,0,0,Ok,,3.02,46256,4.Non-Critical,,,
,37af79e0-5e7f-4b5f-9330-23b9d90c1e57,SMS#2,In Plant,EAF-BC2F,A+,46,1000,SAR70,5,45933,,45933,,1,0,1,0,Ok,,3.1,46198,4.Non-Critical,,,
,45a28caf-800d-4e72-a14f-0a106f8c4c3a,SMS#2,In Plant,EAF-BC3F,A+,177,800,SAR70,5,44583,46165,46165,,2,2,0,0,Ok,,2.08,46256,3.Marginal,,,
,d7c5f8c0-b26e-4c08-8f22-475ff4123b99,SMS#2,In Plant,EAF-BC4F,A+,45,1000,SAR70,5,45506,,45506,,1,0,1,0,Ok,,3.01,46256,4.Non-Critical,,,
,9a22055d-0d76-43bb-beed-54abb608518e,SMS#2,In Plant,EAF-BC1D,B,123,1000,SAR70,6,43669,46237,46237,,2,2,0,0,Ok,,3.67,46268,4.Non-Critical,,,
,a0e92712-6b38-44a6-86e7-8952bd78b886,SMS#2,In Plant,EAF-BC2D,B,17,1000,SAR70,6,46204,,46204,,1,0,1,0,Ok,,3.7,46010,4.Non-Critical,,,
,e4b20fa8-eb79-4b0b-bca6-5c4bb6b6409b,SMS#2,In Plant,EAF-BC1.1D,B,123,1000,SAR70,6,45106,,45106,,1,1,0,0,Ok,,3.54,46268,4.Non-Critical,,,
,82bc910b-b6e5-488a-922c-97f58c7d3bcc,SMS#2,In Plant,EAF-BC2.2D,B,17,1000,SAR70,6,46081,,46081,,1,0,1,0,Ok,,0,0,4.Non-Critical,,,
,c82e3fe8-4501-4880-8d73-32ff997a5211,SMS#2,In Plant,LF-BC1F,A,126,800,BUCKET CON,8,45384,,45384,,1,1,0,0,Ok,,4.6,45638,4.Non-Critical,,Belt Re-joint,
,38e8cd26-6633-471d-a1c6-478528954a4f,SMS#2,In Plant,LF-BC2F,A,161,650,SAR70,5,45195,45990,45990,,1,1,0,0,Ok,,3.67,46289,4.Non-Critical,,,
,33ba9930-5470-460c-972b-381daa1dcf0a,SMS#2,In Plant,LF-BC3F,A,34,650,SAR70,5,45357,,45357,,1,0,1,0,Ok,,4.04,46289,4.Non-Critical,,,
,58a60d7e-11c9-4338-bb8f-27135547f980,SMS#2,In Plant,LF-BC4F,A,198,650,SAR70,5,44496,,44496,,1,1,0,0,Ok,,4.56,46289,4.Non-Critical,,,
,4768348c-5c0c-4dd0-bec9-98433cba5198,SMS#2,In Plant,LF-BC5F,A,54,650,SAR70,5,44496,,44496,,1,0,1,0,Ok,,4.64,46289,4.Non-Critical,,,
,d3e89ac8-8048-4231-9fd2-a1b6a3df7c8b,SMS#2,In Plant,LF-BC6F,B,40,650,SAR70,5,43466,,43466,,1,0,1,0,Ok,,Not Found,Not Found,Not Found,,,
,f44d041c-389b-4e1f-9a58-dd4c33fb8ee8,SMS#2,In Plant,LF-BC7F,B,40,650,SAR70,5,43466,,43466,,1,0,1,0,Ok,,Not Found,Not Found,Not Found,,,
,35a40bb0-a2e0-4356-b59c-9463e18b6662,SMS#2,In Plant,LF-BC1D,B,52,650,SAR70,5,44950,,44950,,1,0,1,0,Ok,,1.8,46065,3.Marginal,,,
,a9a51bd7-c471-42e8-8681-eda2711db820,SMS#2,In Plant,LF-BC2D,B,47,650,SAR70,5,46237,,46237,,1,0,1,0,Ok,,0,46231,4.Non-Critical,,,
,ebf6197c-8358-4db9-8c09-8f26bf659f95,SMS#2,In Plant,LF-BC3D,B,35,650,SAR70,5,46141,,46141,,1,0,1,0,Ok,,0,46065,4.Non-Critical,,,
,c40a0d6c-acd1-4aad-99e1-685f3d82dd98,SMS#2,In Plant,LF-BC4D,B,37,650,SAR70,5,44484,,44484,,1,0,1,0,Ok,,2.4,46259,3.Marginal,,,
,e8802986-bc6a-469d-82c0-3adca2482af6,SMS#2,In Plant,LF-BC5D,B,35,650,SAR70,5,43466,,43466,,1,0,1,0,Ok,,0,0,4.Non-Critical,,,
,db48bd24-3e83-4f47-9e9e-01895fc6531b,SMS#2,In Plant,LF-BC1.1D,B,52,650,SAR70,5,45463,,45463,,1,0,1,0,Ok,,3.4,46097,4.Non-Critical,,,
,2790bb33-a251-44da-bc68-9984f9f71cd5,SMS#2,In Plant,LF-BC2.2D,B,47,650,SAR70,5,45600,,45600,,1,0,1,0,Ok,,2.6,46212,3.Marginal,,,
,8b851833-cfb4-42a6-8179-936fd1e5c99a,SMS#2,In Plant,LF-BC3.3D,B,35,650,SAR70,5,45466,,45466,,1,0,1,0,Ok,,3.6,46097,4.Non-Critical,,,
,56f83dc8-0190-4670-abea-5f9803169628,SMS#2,In Plant,LF-BC4.4D,B,37,650,SAR70,5,44146,,44146,,1,0,1,0,Ok,,3.2,46212,4.Non-Critical,,,
,f077f4a0-a08f-403d-bc5e-79f869bc8c2f,SMS#2,In Plant,LF-BC5.5D,B,35,650,SAR70,5,43466,,43466,,1,0,1,0,Ok,,3.1,0,4.Non-Critical,,,
,9996e71d-da90-41a2-bbc6-74a52d2e8fb3,SMS#2,In Plant,PC1,A,144,1000,BUCKET CON,5,44273,,44273,,1,1,0,1,Marginal,,0,0,4.Non-Critical,,Belt Re-joint,
,62f1af4c-8313-4133-b008-c50ef2bd52a6,SMS#2,In Plant,PC2,A,144,1000,BUCKET CON,5,46253,,46253,,1,0,1,0,Ok,,0,0,4.Non-Critical,,,
,04918a29-3c4a-4fb3-b0ce-55a87e9611b3,SMS#2,In Plant,FABF1,B,11,800,SAR70,8,46128,,46128,,1,0,1,0,Ok,,4.8,46295,4.Non-Critical,,,
,b246d475-4992-4e72-bbe7-57d8306421f6,SMS#2,In Plant,FABF2,B,11,800,SAR70,8,44335,,44335,,1,0,1,0,Ok,,0.8,46295,2.Semi-Critical,,,
,0d18fe38-f7de-40ca-8ec1-806ce581e190,SMS#2,In Plant,FAC1,B,304,800,SAR70,8,44426,46135,46135,,3,3,0,0,Ok,,4.2,46188,4.Non-Critical,,,
,1bcfffea-3f78-4ad3-b853-dc45e5149c74,SMS#2,In Plant,FAC2,B,325,800,SAR70,8,44455,46128,46128,,2,2,0,0,Ok,,3.4,46295,4.Non-Critical,,,
,f202d808-2afb-4f00-9ea3-0456d43edb2b,SMS#2,In Plant,FAC3,A,20,800,SAR70,8,45512,,45512,,1,0,1,0,Ok,,4.1,46295,4.Non-Critical,,,
,d328aed4-59fc-491e-9d90-5454824715bf,SMS#2,In Plant,FAC4,A,20,800,SAR70,8,46028,,46028,,1,0,1,0,Ok,,3.7,46008,4.Non-Critical,,,
,729db216-6955-4ab8-87dc-5f3e9869ed2f,SMS#2,In Plant,FAC5,A,310,800,SAR70,8,45209,46032,46032,,2,2,0,0,Ok,,3,46295,3.Marginal,,,
,d3759bd2-8e52-46e8-a4f4-9e07ad9897a7,SMS#2,In Plant,LF3-BC1F,B,85,800,SAR70,8,44524,,44524,,1,0,1,0,Ok,,2.9,46245,3.Marginal,,,
,c52a479e-f087-499b-829e-8b86d01dbd93,SMS#2,In Plant,LF3-BC2F,B,19,800,SAR70,8,44339,,44339,,1,0,1,0,Ok,,3.4,46245,4.Non-Critical,,,
,d0ac2814-4136-4f32-893b-9d052dc05327,SMS#2,In Plant,CASOB-BC3F,B,195,800,SAR70,8,44522,,44522,,1,1,0,0,Ok,,3.5,46093,4.Non-Critical,,,
,e0b0f172-e2e5-4af5-a8eb-b7ef041eab19,SMS#2,In Plant,CASOB-BC4F,B,25,800,SAR70,8,43466,,43466,,1,0,1,0,Ok,,2.8,45684,3.Marginal,,,
,9b09b708-c8d1-4238-a0e7-70eb464cd252,SMS#2,In Plant,BOF-BC5F,A,53,800,SAR70,8,45462,,45462,,1,0,1,0,Ok,,3,46193,3.Marginal,,,
,82997cf6-014b-44db-9cdd-a6bd4b2a1b92,SMS#2,In Plant,BOF-BC6F,A,60,800,SAR70,8,44801,,44801,,1,0,1,1,Marginal,,3.9,46093,4.Non-Critical,,,
,c202a279-3aaa-47fc-b245-5aa4f1c88ec7,SMS#2,In Plant,BOF-BC7F,A,20,800,SAR70,8,43831,,43831,,1,0,1,0,Ok,,2.3,46245,3.Marginal,,,
,a809955c-de7a-4a37-915a-e786f8e59764,SMS#2,In Plant,BOF-BC8F,A,20,800,SAR70,8,43994,,43994,,1,0,1,0,Ok,,2,46245,3.Marginal,,,
,5e85abc4-0d3b-4837-bcf9-36caae4fb5b0,SMS#2,In Plant,BOF-BC9F,A,50,650,SAR70,5,43831,,43831,,1,0,1,0,Ok,,6,46093,4.Non-Critical,,,
,3cbb2d9a-5c0f-4662-8ffb-ffd0978e3a38,SMS#2,DRI Incoming,T31C1,A+,395,800,SAR70,5,44950,45901,45901,,2,2,0,0,Ok,,3.1,46182,4.Non-Critical,,,
,f4ba53c7-3f11-4b52-8cc9-f6b1830305d5,SMS#2,DRI Incoming,T32C1,A+,405,800,SAR70,5,44427,45796,45796,,2,2,0,1,Marginal,,2.47,46268,3.Marginal,,,
,613fb958-3e0f-4ed2-b261-113b82373af2,SMS#2,DRI Incoming,T36C1,A+,855,800,SAR70,5,44311,45844,45844,,4,4,0,0,Ok,,1.91,46268,3.Marginal,,,
,ee838f0a-9577-4b8e-85ac-cb0c6dd3bd15,SMS#2,DRI Incoming,T38C1,A+,995,800,SAR70,5,46216,,46216,,5,0,5,0,Ok,,3.5,46092,4.Non-Critical,,,
,acfce825-87be-40ff-94c1-608eb30978ef,SMS#2,DRI Incoming,T39C1,A+,488,800,SAR70,5,44950,45992,45992,,2,2,0,0,Ok,,2.93,46268,3.Marginal,,,
,1bd087f5-f43e-46b2-91b1-0b16a98b33e8,SMS#2,DRI Incoming,T40C1,A,385,800,SAR70,5,45255,46107,46107,,2,2,0,0,Ok,,1.56,46268,3.Marginal,,,
,0c9c3c11-4964-42ec-9ed5-fdcf1497568c,SMS#2,DRI Incoming,T40C2,A,385,800,SAR70,5,45190,46276,46276,,2,2,0,0,Ok,,3,46209,3.Marginal,,,
,afe15e98-2bf0-41a5-8a25-ef8cffb7f60b,SMS#2,DRI Incoming,T42C1,A,230,800,SAR70,5,45387,45993,45993,,1,1,0,0,Ok,,2.47,46268,3.Marginal,,,
,304268f9-ec9b-4bf7-994f-0a2a5af03b6e,SMS#2,DRI Incoming,T41C1,A,170,800,SAR70,5,44875,45557,45557,,1,1,0,7,Alert,62,3.3,46182,4.Non-Critical,,,
,dffe1772-95ff-4812-bb30-ac848125fcf6,SMS#2,DRI Incoming,T41C2,A,140,800,SAR70,5,44875,46204,46204,,1,1,0,0,Ok,,0.76,46268,2.Semi-Critical,,,
,b0a85301-ffcb-47c1-bb0b-f818e915b6c5,SMS#2,DRI Incoming,T44C1,B,290,800,SAR70,5,45366,46211,46211,,2,2,0,0,Ok,,3.3,46256,4.Non-Critical,,,
,72afafbc-bc59-4881-a050-e8cee0d47960,SMS#2,DRI Incoming,T44C2,B,300,800,SAR70,5,45367,46018,46018,,3,3,0,0,Ok,,4,46209,4.Non-Critical,,,
,878354ef-70ad-4fe6-bc2c-73332480a11c,SMS#2,DRI Incoming,T44C3,B,25,800,SAR70,8,45066,,45066,,1,1,0,0,Ok,,2.25,46268,3.Marginal,,,
,089b69a8-78bf-426a-a5f8-7f712f1b80de,SMS#2,DRI Incoming,T44C4,B,27,800,SAR70,8,45073,,45073,,1,1,0,0,Ok,,4.74,46268,4.Non-Critical,,,
,1e257dd6-917e-44cc-b27f-36189a2a7d1c,SMS#2,DRI Incoming,T44AC1,B,235,800,SAR70,5,45294,45866,45866,,1,1,0,0,Ok,,4.1,46209,4.Non-Critical,,,
,9d5f8cbb-157c-4bab-8ac5-b8c5d287a520,SMS#2,DRI Incoming,T44AC2,B,235,800,SAR70,5,45121,,45121,,1,1,0,2,Marginal,32,3.6,46209,4.Non-Critical,,,
,94b9d726-5d4b-4fe5-8088-eb3fae3e9620,SMS#2,DRI Incoming,T44RC1,B,12,800,SAR70,8,43831,,43831,,1,0,1,0,Ok,,1.9,45691,3.Marginal,,,
,2adb96e5-cdfc-4b1c-ad6e-c5bdd7c0966f,SMS#2,In Plant,DEP-JHC1,B,147,800,SAR70,8,45876,,45876,,1,1,0,0,Ok,,2,45835,4.Non-Critical,,,
,26a7b8aa-363c-4ac1-be57-66877fe4716f,SMS#2,In Plant,DEP-JHC2,B,147,800,SAR70,8,45343,,45343,,2,1,1,0,Ok,,5.5,46214,4.Non-Critical,,,
,1b4a1c88-1848-4318-8288-817ff0ca8b86,SMS#2,In Plant,BOF-JHC1,B,115,800,SAR70,8,45875,,45875,,1,0,1,0,Ok,,1,45835,4.Non-Critical,,,
,92778b19-5c88-4243-a3e4-69d559c9cec3,SMS#2,In Plant,BOF-JHC2,B,115,800,SAR70,8,45419,,45419,,1,0,1,0,Ok,,5.2,46214,4.Non-Critical,,,
,bf626cfa-5ccd-4ad9-b9da-2d0caeb4d7af,SMS#2,In Plant,BOF-C1,B,390,800,SAR70,8,45878,,45878,,2,2,0,0,Ok,,3.2,45835,4.Non-Critical,,,
,f8f70f4e-73f5-41af-919b-99dcc69e31fb,SMS#2,In Plant,BOF-C2,B,390,800,SAR70,8,44094,,44094,,2,0,2,0,Ok,,4.4,46214,4.Non-Critical,,,
,ba0d89af-9438-4b75-bc3b-eef8f34f54d3,SMS#2,In Plant,BOF-C3,B,82,800,SAR70,8,44248,,44248,,1,0,1,0,Ok,,5.4,46214,4.Non-Critical,,,
,adacfeef-23bd-407b-b779-e96cd9280c61,SMS#2,In Plant,BOF-RSC1,A,70,800,SAR70,8,46135,,46135,,1,1,0,0,Ok,,0,46113,4.Non-Critical,,,
,5dc52fd7-b93c-4d5b-a7e8-a383175830a8,SMS#2,In Plant,BOF-RSC2,B,70,800,SAR70,8,44358,,44358,,1,0,1,0,Ok,,5.4,46218,4.Non-Critical,,,
,b9907bf0-9990-47f5-a0b4-01b249d8a494,SMS#2,In Plant,FADG1,B,12,800,SAR70,5,45743,,45743,,1,0,1,0,Ok,,Not Found,Not Found,Not Found,,,
,1f8687c6-c4c9-43d0-ba0d-35b3cc491e37,SMS#2,In Plant,FADG2,B,12,800,SAR70,5,45882,,45882,,1,0,1,0,Ok,,Not Found,Not Found,Not Found,,,
,6c646a2e-ceeb-4543-8a00-3fe083e68de1,SMS#2,MHS,CDP FINES BELT,B,31,500,FR,6,45995,,45995,,1,0,1,0,Ok,,1.9,45994,4.Non-Critical,,,
,876bef88-fa0a-413d-a83b-1c4a82923b02,SMS#2,MHS,CDP HOT BELT,B,21,500,FR,6,45995,,45995,,1,0,1,0,Ok,,2.4,45933,4.Non-Critical,,,
,4aa7c471-a339-49b5-a7a3-9aa9e1817ad9,SMS#2,MHS,CDP COLD BELT1,B,13,500,FR,6,45888,,45888,,1,0,1,0,Ok,,0.2,46090,1.Critical,,,
,355fbe93-bf9e-4e21-85e9-5ed4e8a32640,SMS#2,MHS,CDP COLD BELT2,B,13,500,FR,6,45506,,45506,,1,0,1,0,Ok,,0,45878,1.Critical,,,
,efcda2e9-2492-4713-93de-5a4faad7d29f,SP#1,BF Route,J34C1,A+,520,800,HRT3,8,44942,46173,46173,,3,3,0,0,Ok,,0.3,46301,1.Critical,,,
,4ffebaf3-c289-4e47-962f-aff1ba9d14cf,SP#1,BF Route,J35C2,A+,200,1000,FR,8,45882,,45882,,1,1,0,0,Ok,,2.09,46301,3.Marginal,,,
,28285a51-fdf6-4e0e-8d89-10fe2e389b8e,SP#1,BF Route,J36C2,A+,420,1000,FR,8,45883,,45883,,2,2,0,1,Marginal,,4.95,46246,4.Non-Critical,,,
,6f9ce00c-1b17-4dcf-9093-dfdc5ad4f85e,SP#1,BF Route,J37C2,A+,250,1000,FR,8,45261,46268,46268,,2,2,0,0,Ok,,1.31,46301,2.Semi-Critical,,,
,3be94d13-be0b-4ea0-ad19-7b319663a99c,SP#1,BF Route,SH1C1,A+,65,1000,FR,8,45966,,45966,,1,0,1,0,Ok,,3.84,46301,4.Non-Critical,,,
,94d8d87a-afee-4a8f-9e81-5edfe76d9446,SP#1,In Plant,CHE1,A,265,800,HRT3,5,45585,46174,46174,,2,2,0,2,Marginal,26,1.32,46301,2.Semi-Critical,,,
,a4007d63-8a64-4fcc-abbd-4772ba7c31ed,SP#1,In Plant,H2,A,22,1000,SAR70,8,46246,,46246,,1,0,1,0,Ok,,0,46244,4.Non-Critical,,,
,f0709264-0392-4eb9-9f60-986558a56b0c,SP#1,In Plant,Y4,A,65,1400,SAR70,8,46066,,46066,,1,1,0,0,Ok,,4.21,46246,4.Non-Critical,,,
,377ca4da-55e3-4e4f-917d-a7aaeb984901,SP#1,In Plant,PU2,B,290,800,FR,5,45230,46066,46066,,2,1,1,0,Ok,,2.67,46246,3.Marginal,,,
,2eea8bba-4120-47f5-9b01-addad98f3405,SP#1,In Plant,SP1-S1,A,275,1000,HRT3,5,46174,,46174,,1,1,0,0,Ok,,3.3,46108,4.Non-Critical,Multiple burn marks on mother belt along the length upto ply,Belt Replacement,
,61760b40-a724-476e-8c83-d4b3a680059e,SP#1,In Plant,RP13,B,16,800,SAR70,5,45968,,45968,,1,0,1,1,Marginal,,2.52,46301,3.Marginal,,,
,0d015bd9-adf4-41be-94ef-884b0844b880,SP#1,In Plant,CHE2,A,290,800,HRT3,5,44677,46174,46174,,2,0,2,0,Ok,,1.67,46301,3.Marginal,,,
,01998866-e723-4e32-a7f1-3be018be678a,SP#1,In Plant,CHE3,A,28,800,HRT3,5,46268,,46268,,1,1,0,0,Ok,,0,46246,4.Non-Critical,,,
,2480667e-808c-495a-82f0-a51d2f67df33,SP#1,In Plant,F1,B,230,800,FR,5,45666,,45666,,1,1,0,3,Alert,60,0,46246,1.Critical,,,
,30bcc804-7eb9-4b29-8924-682904e0b0ef,SP#1,In Plant,PU1,B,160,800,FR,5,45750,,45750,,1,1,0,0,Ok,,3.33,46246,4.Non-Critical,,,
,5e3a7c3e-6c65-4acf-9d78-1735c1d3cd83,SP#1,In Plant,H3,A,450,1000,SAR70,5,46174,,46174,,2,2,0,0,Ok,,0,46108,4.Non-Critical,,,
,46ecf557-4087-4770-9f3d-3d59f96502e0,SP#1,In Plant,F2,B,12,1000,SAR70,5,46151,,46151,,1,0,1,0,Ok,,1.8,46119,4.Non-Critical,,,
,c82bee0a-e164-4fdc-946b-46d2da01df60,SP#1,In Plant,B1,A,12,1000,SAR70,8,46252,,46252,,1,0,1,0,Ok,,0,45721,4.Non-Critical,,,
,f39dc9c9-0a54-43aa-8fdc-33c7a37f3194,SP#1,In Plant,FC2,B,32,800,SAR70,5,45657,,45657,,1,0,1,0,Ok,,1.93,46268,3.Marginal,,,
,e8d2cf3b-1d7d-45e0-8ca3-a055cdfd1a8e,SP#1,In Plant,FC3,B,32,800,SAR70,5,45891,,45891,,1,0,1,0,Ok,,4.1,46191,4.Non-Critical,,,
,aba39b15-80c9-436a-a5a6-54a0c20cddc6,SP#1,In Plant,FC4,B,32,800,SAR70,5,44425,,44425,,1,0,1,0,Ok,,3.3,46246,4.Non-Critical,,,
,d75a08dd-7543-410f-9c96-58f5b559a2a8,SP#1,In Plant,FC5,B,32,800,SAR70,5,44041,,44041,,1,1,0,0,Ok,,1.27,46301,2.Semi-Critical,,,
,63145a05-9299-4f88-8816-0dcec970bdbb,SP#1,In Plant,J31C1,A,620,800,SAR70,5,45230,45750,45750,,2,2,0,1,Marginal,,2.62,46301,3.Marginal,Has minor step crack at bottom side joint area,Belt Re-joint,
,d5741e23-0d29-4b35-bd34-65348e85c8e7,SP#1,In Plant,J32C1,B,580,800,SAR70,5,44305,46266,46266,,3,1,2,0,Ok,,2.47,46301,3.Marginal,STEP CRACK FOUND IN BOTTOM SIDE JOINT AREA ON 01--06-2026,,
,c45fa09b-759d-44af-956d-18eb1db83914,SP#1,In Plant,SP1C2,A,220,800,SAR70,5,45882,,45882,,1,0,1,0,Ok,,2.82,46301,3.Marginal,,,
,a3fcd36e-51c2-45ee-a4b5-eee58b327e73,SP#1,In Plant,SP1C3,A,220,800,SAR70,5,44349,46266,46266,,1,0,1,0,Ok,,1.5,46301,2.Semi-Critical,,,
,a2ba40cd-3fe7-485b-80de-0df588221daa,SP#1,In Plant,R2,B,16,1000,SAR70,5,45726,,45726,,1,0,1,0,Ok,,0,46206,1.Critical,,,
,ec6d2cc2-ad99-4dcb-a16e-d34abb5fb765,SP#1,In Plant,R3,B,24,800,SAR70,8,44359,,44359,,1,0,1,0,Ok,,2.73,46301,3.Marginal,,,
,0bed5fac-973a-4d64-8ad2-8b6b46caa041,SP#1,In Plant,R4,B,24,800,SAR70,5,45230,,45230,,1,0,1,0,Ok,,2.36,46301,3.Marginal,,,
,98c0487c-27e4-4330-953d-e680d59624f5,SP#1,In Plant,R5,B,32,800,SAR70,5,45332,,45332,,1,0,1,0,Ok,,2.12,46301,3.Marginal,,,
,55800fb6-27b7-4631-91b0-aa746b44d94a,SP#1,In Plant,R6,B,32,800,SAR70,5,45371,,45371,,1,0,1,0,Ok,,3.12,46246,4.Non-Critical,,,
,72232e2e-302f-42e6-bfe6-e496e360e6dc,SP#1,In Plant,R7,B,220,800,SAR70,5,43992,45668,45668,,2,2,0,1,Marginal,,1.4,46301,2.Semi-Critical,,,
,5ee34af2-ec11-4e02-962e-ad06dec31853,SP#1,In Plant,R8,B,85,800,SAR70,5,45475,46095,46095,,3,0,3,0,Ok,,3.5,46206,4.Non-Critical,,,
,7b1506af-6940-40d0-b6f0-83de64aa6d72,SP#1,In Plant,R9,B,14,1000,SAR70,5,45532,,45532,,1,0,1,0,Ok,,2.7,46206,3.Marginal,,,
,0cfff751-83c3-4353-999d-05d69219663d,SP#1,In Plant,RP2,B,16,1000,SAR70,5,46296,,46296,,1,0,1,0,Ok,,4.6,45882,4.Non-Critical,,,
,3bf9619f-d94f-401f-aa0a-07aed3946dfe,SP#1,In Plant,RP3,B,26,800,SAR70,5,46144,,46144,,1,0,1,0,Ok,,4.8,46191,4.Non-Critical,,,
,339a6aea-9dd3-4663-88f5-00f9fe7edc0d,SP#1,In Plant,RP4,B,26,1200,SAR70,5,45585,45532,45585,,1,0,1,0,Ok,,3.26,46246,4.Non-Critical,,,
,931803d3-930d-4e1d-a156-641f58a00263,SP#1,In Plant,RP5,B,218,800,SAR70,5,44306,45883,45883,,4,3,1,2,Marginal,168,1.23,46301,2.Semi-Critical,,,
,84f24345-1f35-4185-92de-6e80cd52b93e,SP#1,In Plant,RP6,B,49,1000,BUCKET CON,5,46233,,46233,,1,0,1,0,Ok,,0,0,4.Non-Critical,,,
,0140da4a-4295-4f1e-9379-6b59fc2f2ca0,SP#1,In Plant,RP7,B,12,1000,SAR70,5,46007,,46007,,1,0,1,0,Ok,,0,45966,4.Non-Critical,,,
,45194d5c-4688-4733-9aa9-65c7e2f917b0,SP#1,In Plant,RP8,B,26,1000,SAR70,5,46017,,46017,,1,0,1,1,Marginal,,2.01,46301,3.Marginal,,,
,66b1251b-cb33-413d-b901-0a49ab868062,SP#1,In Plant,RP9,B,18,800,SAR70,5,45636,,45636,,1,0,1,0,Ok,,0,46246,1.Critical,,,
,37529f48-bff8-4ccc-a27d-b28a1e7c2f81,SP#1,In Plant,RP10,B,18,800,SAR70,5,45585,,45585,,1,0,1,0,Ok,,3,46206,3.Marginal,,,
,864ca2d3-b165-4886-9fcd-0937f06f5a77,SP#1,In Plant,RP11,B,60,800,SAR70,5,45090,,45090,,1,0,1,5,Alert,160,0.93,46301,2.Semi-Critical,,Belt Replacement,
,9fb621a5-9b10-4097-bb2b-14938dd02d18,SP#1,In Plant,RP12,B,230,800,SAR70,5,44065,45668,45668,,2,2,0,2,Marginal,247,0.48,46268,1.Critical,,,
,7d842a13-78c2-4e54-89ca-36785f377a66,SP#1,In Plant,CF1,B,196,800,FR,5,45231,,45231,,1,1,0,8,Alert,45,0,45967,1.Critical,,,
,d922c836-8289-4944-876d-ef13e63ed8a0,SP#1,In Plant,SP1-S2,C,35,1000,HRT3,5,45090,,45090,,1,0,1,1,Marginal,,0,46246,1.Critical,,,
,033cf54b-41cd-4ee0-826c-264d7a81cb57,SP#1,In Plant,RFTH4C1,B,480,650,SAR70,6,45050,46175,46175,,3,2,1,0,Ok,,1.94,46301,3.Marginal,,,
,ec7411ac-1a79-40c2-b557-82ca26a86798,SP#1,In Plant,RFTH5C1,B,400,650,SAR70,5,45451,46268,46268,,2,2,0,0,Ok,,2.38,46301,3.Marginal,,,
,6766c38e-13f7-4423-a71f-6ca14fd765cb,SP#1,In Plant,H1,A,360,1000,SAR70,5,45883,,45883,,2,2,0,0,Ok,,3,46204,3.Marginal,,,
,c7aa7dcd-77fe-48c4-b8d8-06a2998e5981,SP#1,In Plant,J29C1,B,220,800,SAR70,5,45332,,45332,,1,1,0,0,Ok,,3.37,46175,4.Non-Critical,,,
,7f788ec6-9243-4fae-b27a-fd46a24b81ff,SP#1,In Plant,J29AC1,B,27,800,SAR70,5,46173,,46173,,1,1,0,0,Ok,,0,46119,4.Non-Critical,,,
,ce5cda15-7555-439d-a6c2-46a0875e73e4,SP#1,In Plant,HV1,B,220,800,FR,5,45333,,45333,,1,1,0,4,Alert,36,0,45958,1.Critical,,,
,e100d402-6d8e-4533-b9c6-16a33e2c390c,SP#1,In Plant,HV2,B,26,800,FR,5,46294,,46294,,1,0,1,0,Ok,,0,45870,4.Non-Critical,,,
,d42b2209-6b06-42c3-9fe4-511d9caad75a,SP#1,In Plant,RFTH6C1,B,360,650,SAR70,5,45088,46065,46065,,2,2,0,1,Marginal,,1.65,46301,3.Marginal,,,
,add71c9d-644d-4f12-bf09-cfe38eb9895a,SP#1,In Plant,RFTH6RC1,B,34,650,SAR70,5,46151,,46151,,1,0,1,2,Marginal,94,2.81,46301,3.Marginal,,,
,9a49f3fe-b9a0-4d4f-9b7b-3c8ee536b4a1,SP#1,In Plant,RFTH7C1,B,42,650,SAR70,5,46268,,46268,,1,0,1,0,Ok,,2.66,46252,4.Non-Critical,Step crack observed at 1ST JOINT,Belt Replacement,
,b21753f8-6964-4565-8867-fab5e85c1b98,SP#1,In Plant,RFTH7C2,B,44,650,SAR70,5,46268,,46268,,1,0,1,0,Ok,,0,46108,4.Non-Critical,,,
,3d5f8e34-332a-438a-8822-97545061aced,SP#2,In Plant,SP2-1001,A,90,1400,SAR70,8,45538,45926,45926,,1,1,0,1,Marginal,,3,46298,3.Marginal,,,
,dfe6c4fb-39fb-4e3d-a358-bfd859e5a5ea,SP#2,In Plant,SP2-1002,A,43,1600,SAR70,8,45946,,45946,,1,1,0,1,Marginal,,3.6,46298,4.Non-Critical,,,
,7296d1b6-b8c0-4ca4-b56a-eeb5a3ce1a46,SP#2,In Plant,SP2-1003,A,97,1000,SAR70,8,44077,,44077,,1,1,0,0,Ok,,3.8,46134,4.Non-Critical,,,
,a9a2af36-1d0e-4b38-918e-c45ed1a8ac55,SP#2,In Plant,SP2-1004,A,39,1200,SAR70,8,45385,,45385,,1,1,0,0,Ok,,5.8,46134,4.Non-Critical,,,
,211baa94-43b2-4035-ac3c-52659637c32e,SP#2,In Plant,SP2-1025,A,304,1000,SAR70,8,45818,,45818,,2,2,0,0,Ok,,2.4,46246,3.Marginal,,,
,10710234-553b-4b75-8b35-acd46ed94743,SP#2,In Plant,SP2-2007,A,26,1000,SAR70,8,46138,,46138,,1,0,1,0,Ok,,0,46125,4.Non-Critical,,,
,a9fc1fae-7465-45a8-8506-968f09b523e8,SP#2,In Plant,SP2-2009,A,326,1000,SAR70,8,45818,,45818,,1,1,0,0,Ok,,4.5,46246,4.Non-Critical,,,
,9d4e04ce-19ca-4e55-8520-20ed21329e0d,SP#2,In Plant,SP2-7002,A,176,1000,HRT3,8,46245,,46245,,1,1,0,0,Ok,,3.4,46225,4.Non-Critical,Channel crack,,
,4db3d339-f078-4915-b2e1-370600150bc1,SP#2,In Plant,SP2-7003,A,55,1000,HRT3,5,46098,,46098,,1,1,0,0,Ok,,0,45994,4.Non-Critical,,,
,bf8f8ec6-3c8a-4d1c-9d7d-a18d5c34c4cc,SP#2,In Plant,SP2-7004,A,188,1000,HRT3,8,45946,,45946,,1,1,0,1,Marginal,,3.2,46225,4.Non-Critical,,,
,82d3e5b2-a60a-452b-95fb-72ac4ca1df66,SP#2,In Plant,SP2-7008,A,177,1000,HRT3,8,45818,,45818,,1,1,0,0,Ok,,6.2,46225,4.Non-Critical,,,
,2d0267e8-6445-4da9-ae2c-c3d2ba362870,SP#2,In Plant,SP2-HAC8011,A,70,1000,BUCKET CON,8,45880,,45880,,1,1,0,1,Marginal,,0,0,4.Non-Critical,,,
,ce65ec22-dd12-4e37-994b-135730c7e47a,SP#2,In Plant,SP2-8009,A,33,650,UHR,8,45937,,45937,,1,0,1,0,Ok,,4.81,46276,4.Non-Critical,,,
,076aa1fa-e0a5-45af-b0bd-1da195edd4f4,SP#2,In Plant,SP2-HAC8006,A,70,800,BUCKET CON,8,45208,,45208,,1,1,0,3,Alert,200,0,0,4.Non-Critical,,,
,e175fc38-5ce9-4426-ae22-eb1c7d62709f,SP#2,In Plant,SP2-2011,A,44,1000,SAR70,8,45742,,45742,,1,1,0,0,Ok,,1.52,46276,3.Marginal,,,
,41fc5d7d-c5b7-4d0a-983f-306b71a0ad8d,SP#2,In Plant,SP2-8002,B,182,650,UHR,8,43782,45783,45783,,2,0,2,3,Alert,56,3.8,46298,4.Non-Critical,,,
,c26e6141-5070-4ae0-b05a-eb40884c2549,SP#2,In Plant,SP2-9001,A,242,1000,FR,8,45461,46098,46098,,1,1,0,0,Ok,,5.1,46298,4.Non-Critical,,,
,b3d3d8c7-f724-446d-b35a-71861d784483,SP#2&3,BF Route,J34AC1,A+,64,1000,FR,8,46294,,46294,,1,1,0,0,Ok,,0.8,46275,4.Non-Critical,,,
,ba5f5647-181c-4351-9e1a-667f5df6c9b4,SP#2&3,BF Route,J35C3,A+,140,1000,FR,8,45461,46246,46246,,1,1,0,0,Ok,,3.7,46275,4.Non-Critical,,,
,f0e60b89-c403-4650-80b1-2d9ccc174b89,SP#2&3,BF Route,J36C3,A+,384,1000,FR,8,45462,46246,46246,,2,2,0,0,Ok,,3.5,46275,4.Non-Critical,,,
,f70d5691-17cb-49cb-9476-f696e130db47,SP#2&3,BF Route,J37C3,B,210,1000,FR,8,45155,,45155,,1,1,0,0,Ok,,6.5,46259,4.Non-Critical,,,
,e6fa381b-750e-42f5-8b4c-a96b6d0e79f2,SP#2&3,BF Route,JSC1,A+,178,1400,SAR70,8,46031,,46031,,1,1,0,0,Ok,,1.5,45994,4.Non-Critical,,,
,6a86b2cb-79cd-49f4-bb60-47dc23db368a,SP#2&3,Storage,J70C1,A,510,1000,FR,8,45212,46288,46288,,3,1,2,0,Ok,,3.9,46294,4.Non-Critical,,,
,7e931528-a484-4aa6-8c68-59f0cbce2722,SP#2&3,Storage,J70C2,A,530,1000,FR,8,46161,,46161,,2,2,0,0,Ok,,4.9,46072,4.Non-Critical,,,
,ff801a60-f1e1-405a-b1fc-d046b39d6172,SP#2&3,Storage,J74C1,A,482,1000,FR,8,44955,46135,46135,,2,2,0,0,Ok,,5.1,46294,4.Non-Critical,,,
,a1a32d53-c0a0-47ef-8545-d3722686eea4,SP#2&3,Storage,J74C2,A,482,1000,FR,8,45267,45859,45859,,3,3,0,0,Ok,,5.3,46191,4.Non-Critical,,,
,beff1b75-417a-410d-9554-c057e1c27e75,SP#2&3,Storage,J70C3,B,190,1000,FR,8,44683,45982,45982,,3,2,1,0,Ok,,5.8,46246,4.Non-Critical,,,
,b6268e77-d56b-454f-abab-063c4b53af5a,SP#2&3,Storage,J70C4,B,190,1000,FR,8,45213,,45213,,1,1,0,2,Marginal,435,5.5,46245,4.Non-Critical,,,
,5c4c7971-5134-4c4d-8313-2945744f4320,SP#2&3,Storage,J71C1,B,181,1000,FR,8,43302,45646,45646,,1,1,0,0,Ok,,5.8,46238,4.Non-Critical,,,
,6b24bf13-f44d-4948-af34-5f6bab045604,SP#2&3,Storage,J71C2,B,181,1000,FR,8,45346,,45346,,1,0,1,3,Alert,88,7.2,46238,4.Non-Critical,,Belt Re-joint,
,08415033-aa78-4116-af0d-f71019b4db12,SP#2&3,Storage,J72C1,B,40,1000,FR,8,43972,,43972,,1,1,0,1,Marginal,,3.5,46238,4.Non-Critical,,,
,a356e695-06a5-4da3-a9fd-4dd618e5faf4,SP#2&3,Storage,J72C2,B,43,1000,FR,8,45812,,45812,,1,0,1,0,Ok,,3.6,46238,4.Non-Critical,,,
,28740516-163e-43b9-bab0-c542d145e961,SP#2&3,Storage,J73C1,B,250,1000,FR,8,43542,46198,46198,,1,0,1,1,Marginal,,2.8,46294,3.Marginal,,,
,c970003b-3b44-4eb9-9a48-4a661132d74f,SP#2&3,Storage,J73C2,B,250,1000,FR,8,43905,46003,46003,,2,0,2,0,Ok,,5.2,46238,4.Non-Critical,,,
,9f0c770c-4b80-47d3-b650-aa383de36cee,SP#3,In plant,SP3-1001,A,165,1400,SAR70,8,45896,,45896,,1,0,1,0,Ok,,4.7,45796,4.Non-Critical,,,
,5f87de71-a645-4ce7-89f9-a0cb747042ca,SP#3,In plant,SP3-1002,A,43,1600,SAR70,8,46140,,46140,,1,1,0,0,Ok,,4.3,46134,4.Non-Critical,,,
,aa9ac318-880a-4f8e-b95d-e3d245e5f755,SP#3,In plant,SP3-1003,A,175,1000,SAR70,8,43880,45773,45773,,1,1,0,3,Alert,252,3.1,46189,4.Non-Critical,,,
,27dec1bb-0d80-4104-8fce-6aa1adff2acc,SP#3,In plant,SP3-1004,A,39,1200,SAR70,8,45512,,45512,,1,1,0,0,Ok,,5.2,46134,4.Non-Critical,,,
,726d88a6-fe8e-4fff-ac6c-020dc9cc3529,SP#3,In plant,SP3-1025,A,304,1000,SAR70,8,46245,,46245,,1,1,0,0,Ok,,0,46133,4.Non-Critical,,,
,e68affd7-fc58-490c-9f45-27ef55c42e1d,SP#3,In plant,SP3-2007,A,23,1000,SAR70,8,46245,,46245,,1,0,1,0,Ok,,6.2,46002,4.Non-Critical,,,
,100a42a6-666d-4927-93fa-f2368eda0b76,SP#3,In plant,SP3-2009,A,326,1000,SAR70,8,45945,,45945,,1,1,0,1,Marginal,,5.1,46274,4.Non-Critical,,,
,ab884465-6020-4a4e-83d1-dabd9ceffa39,SP#3,In plant,SP3-7002,A,176,1000,HRT3,8,46072,,46072,,1,1,0,0,Ok,,5,46226,4.Non-Critical,,,
,075ba902-4527-4d3a-a9eb-fd1ba075cdd3,SP#3,In plant,SP3-7003,A,197,1000,HRT3,8,45455,46135,46135,,2,2,0,0,Ok,,1.9,46294,3.Marginal,,,
,817733f9-68a8-4253-9925-fb9944764bea,SP#3,In plant,SP3-7004,A,188,1000,HRT3,8,46136,,46136,,1,1,0,2,Marginal,3,2.1,46133,4.Non-Critical,,,
,71149553-c564-43d6-80d2-e43ca4ba2b5d,SP#3,In plant,SP3-7008,A,177,1000,HRT3,8,45796,46136,46136,,2,2,0,0,Ok,,4.8,46294,4.Non-Critical,,,
,b53291bf-acac-4d4c-9261-27a6e261d919,SP#3,In plant,SP3-HAC8011,A,70,1000,BUCKET CON,8,44803,,44803,,1,1,0,0,Ok,,0,0,4.Non-Critical,,,
,10ec58c0-8471-4ca6-b737-10e3eec8bc7f,SP#3,In plant,SP3-8009,A,64,650,UHR,8,45454,,45454,,1,1,0,2,Marginal,151,5.9,46246,4.Non-Critical,,,
,f124e1c7-cb1d-430f-96d2-564091fcfabe,SP#3,In plant,SP3-HAC8010,A,75,800,BUCKET CON,8,45457,,45457,,1,1,0,0,Ok,,0,0,4.Non-Critical,,,
,bbeebdd6-6e06-4cdb-9610-4684b21ef032,SP#3,In plant,SP3-2011,A,41,1000,SAR70,8,45614,,45614,,1,1,0,0,Ok,,2.98,46274,3.Marginal,,,
,1207189f-0e52-4e05-baae-ab2d9bc3705d,SP#3,In plant,SP3-8001,A,162,650,UHR,8,46133,,46133,,1,1,0,0,Ok,,3,46002,4.Non-Critical,,,
,1c37e982-3df6-44ee-9a44-62e65248f02b,SP#3,In plant,SP3-8002,B,182,650,UHR,8,45455,,45455,,1,1,0,3,Alert,177,4.1,46189,4.Non-Critical,,,
,4e9abbd4-3ba9-4c68-8e43-c5d6bc8b2c06,SP#3,In plant,SP3-8003,A,27,650,UHR,8,45691,,45691,,1,1,0,1,Marginal,,5.9,46294,4.Non-Critical,,,
,fc07918f-0161-4f05-b85d-f5b2fdf784fd,SP#3,In plant,SP3-8006,A,147,650,UHR,8,44950,45945,45945,,2,2,0,0,Ok,,4.2,46246,4.Non-Critical,,,
,b5d33742-b958-4e19-b8dd-bd26044db3d1,SP#3,In plant,SP3-9001,A,242,1000,HRT2,8,46133,,46133,,2,2,0,0,Ok,,0.4,46072,4.Non-Critical,,,
,2f5ef69b-a26b-457f-ae9c-ab5eb91d1615,BF#2,Filter press,FPC-A,B,40,1200,HRT3,6,45416,,45416,,1,0,1,0,Ok,,0,46115,1.Critical,,,
,74d86e0e-cee8-4ae7-b3e9-b10cb77aedf9,BF#2,Filter press,FPC-B,B,40,1200,HRT3,6,45290,,45290,,1,0,1,0,Ok,,0,46115,1.Critical,,,
,7a7ac31a-1262-4edb-9554-1d5cb9896d97,BF#2,Filter press,FPC-C,B,40,1200,HRT3,6,45338,,45338,,1,0,1,0,Ok,,0,46263,1.Critical,,,
,077d3376-9b70-4589-9d9f-27e49a29a220,BF#2,Stock house,J75C2,B,90,800,SAR70,6,45463,,45463,,1,1,0,0,Ok,,3.8,46213,4.Non-Critical,,,
,62fef57f-dace-48dc-b24b-8d1668dde29f,RMHS,RMHS IRON & FLUX,J23RC1,A,17,1400,SAR70,5,46294,,46294,,1,1,0,0,Ok,,0.7,46270,4.Non-Critical,,,
,52e0e56f-c27c-49ed-bfdd-2a53d6166d0a,RMHS,RMHS IRON & FLUX,J26C1,A+,340,1200,SAR70,8,45976,46030,46030,,1,1,0,0,Ok,,0.5,46268,1.Critical,,,
,6f2c64a2-97d6-42ea-977b-eeb6997352ab,RMHS,RMHS IRON & FLUX,J27C1,A,750,1200,SAR70,8,46030,46173,46173,,3,3,0,0,Ok,,0,46226,1.Critical,,,
,729cfd7a-d5c3-4531-ab89-25b272da21ab,RMHS,RMHS IRON & FLUX,J30C1,A,455,1200,SAR70,5,45739,45825,45825,,2,2,0,0,Ok,,2.11,46268,3.Marginal,,,
,841ea0f6-8a7f-46e5-a03f-a406cda5f064,RMHS,RMHS IRON & FLUX,J33C1,A,277,1200,SAR70,8,46066,,46066,,2,2,0,0,Ok,,1.4,46268,2.Semi-Critical,,,
,be6fee0c-37e9-4adf-a390-5fd2b66ac46b,RMHS,RMHS IRON & FLUX,J35C1,A+,522,1200,SAR70,5,46031,,46031,,2,2,0,0,Ok,,3.7,46211,4.Non-Critical,,,
,9473c4d3-683a-4bae-afb2-ab6481be8371,RMHS,RMHS IRON & FLUX,J36C1,A+,392,1200,SAR70,5,45945,,45945,,2,2,0,0,Ok,,3.9,46211,4.Non-Critical,,,
,5d4fc6fb-1a88-42d9-a96f-4043382ee0c6,RMHS,RMHS IRON & FLUX,J37C1,A+,209,1200,SAR70,5,46127,46175,46175,,1,1,0,0,Ok,,4.5,46268,4.Non-Critical,Crack in joint area,,
,747f98e9-c267-414a-ad16-4fb7f8c0e76d,RMHS,RMHS IRON & FLUX,SH1C2,A,75,1200,SAR70,5,46065,,46065,,1,0,1,0,Ok,,3.1,46268,4.Non-Critical,,,
,42a318f6-eba3-4a42-92ed-d31acb7e9e0e,RMHS,RMHS IRON & FLUX,SH1RSC2,A,90,1400,SAR70,5,46175,,46175,,1,0,1,0,Ok,,4.3,46268,4.Non-Critical,,,
,f068c795-9ff7-482c-b87a-ad9654ef426d,RMHS,RMHS IRON & FLUX,JOAC1,A+,210,1400,SAR70,5,45741,,45741,,1,1,0,0,Ok,,6.5,46211,4.Non-Critical,,,
,2b3cad0d-6cc3-460c-b99a-84bca9d38b20,RMHS,RMHS IRON & FLUX,J26C2,A,340,1200,SAR70,5,45963,46162,46162,,3,1,2,1,Marginal,,4.1,46210,4.Non-Critical,,,
,b556ed28-f122-484d-a72d-e3bb1571ccb6,RMHS,RMHS IRON & FLUX,J27C2,A,750,1200,SAR70,5,45385,46162,46162,,4,2,2,0,Ok,,4.7,46210,4.Non-Critical,,,
,ed15dc16-26e3-4fba-a78c-fc6eef97a7fe,RMHS,RMHS IRON & FLUX,J30C2,A,455,1200,SAR70,5,45705,45715,45715,,1,1,0,1,Marginal,,5.3,46269,4.Non-Critical,,,
,9e0be0ed-ccca-4d02-b6bb-a4c77524102e,RMHS,RMHS IRON & FLUX,J33C2,A,277,1200,SAR70,5,45848,,45848,,1,1,0,0,Ok,,3.3,46269,4.Non-Critical,,,
,d0a2cee4-4870-41c2-b0c6-93c1c89069d0,RMHS,RMHS IRON & FLUX,LDP1C1,A,210,1200,SAR70,5,46099,,46099,,1,0,1,0,Ok,,2,46035,4.Non-Critical,,,
,6bee6b28-6d91-413d-8d52-2ce707dd47e3,RMHS,RMHS IRON & FLUX,LDP2C1,A,264,1200,SAR70,5,46167,,46167,,1,0,1,0,Ok,,0.2,46035,4.Non-Critical,,Belt Replacement,
,fa87691a-f904-491d-828e-aa2afce6aaa5,RMHS,RMHS IRON & FLUX,LDP3C1,A,383,1200,SAR70,5,46166,,46166,,2,1,1,0,Ok,,0.1,46059,4.Non-Critical,,,
,9b91bf04-6c15-45a4-ac2a-21ef9ac62c69,RMHS,RMHS IRON & FLUX,LDP3FC1,A,20,1200,SAR70,5,46240,,46240,,1,0,1,0,Ok,,0,46227,4.Non-Critical,,,
,51081036-c315-4d9c-a0e5-0a780df54c97,RMHS,RMHS IRON & FLUX,SP1C1,A,321,1200,SAR70,5,46173,,46173,,2,2,0,0,Ok,,0,46161,4.Non-Critical,,,
,b569e416-206a-4e74-90fb-a396a8cfd6ce,RMHS,RMHS IRON & FLUX,J30RC2,A,20,1200,SAR70,5,46174,,46174,,1,0,1,0,Ok,,0.8,46142,4.Non-Critical,,,
,b24e51eb-c104-4abb-bed5-859ca55bf51d,RMHS,RMHS IRON & FLUX,J30RC4,A,20,1200,SAR70,5,46170,,46170,,1,0,1,2,Marginal,4,3.4,46142,4.Non-Critical,,,
,fb85954c-eefc-4d12-a0c2-57264deb683a,RMHS,RMHS IRON & FLUX,SCR3,B,90,1600,HAR,6,46254,,46254,,1,1,0,0,Ok,,1.2,46248,4.Non-Critical,,,
,467dbc3b-e47a-44af-8a01-7d1afec36c35,RMHS,RMHS IRON & FLUX,SCR4,B,90,1600,HAR,6,46010,,46010,,1,1,0,0,Ok,,4.9,46013,4.Non-Critical,,,
,9e7803b3-d003-4c95-ad01-068a659c8719,RMHS,RMHS IRON & FLUX,REC3,B,90,1600,HAR,8,46123,,46123,,1,1,0,0,Ok,,3.7,46225,4.Non-Critical,,,
,911b3e4e-9a2e-4135-8918-0bd6913b663c,RMHS,RMHS IRON & FLUX,REC4,A,90,1600,HAR,6,46270,,46270,,1,1,0,0,Ok,,0,46107,4.Non-Critical,,,
,08644c35-e607-42a9-ac65-e125ece9d86d,RMHS,RMHS IRON & FLUX,RMHS-J24C2,A,620,1200,SAR70,5,45409,,45409,,4,1,3,0,Ok,,0.3,46023,1.Critical,,,
,41ae7bba-9c92-4083-8576-509eeb1994bf,RMHS,RMHS (Wagon tippler),DC1,C,10,1400,SAR70,5,46218,,46218,,1,0,1,0,Ok,,Not Found,Not Found,Not Found,,,
,5a76166f-67de-4aef-be56-cde4648113be,RMHS,RMHS (Wagon tippler),DC2,C,10,1400,SAR70,5,46218,,46218,,1,0,1,0,Ok,,Not Found,Not Found,Not Found,,,
,091d2af8-40fc-47d2-aa6b-53cbd85e5e28,RMHS,RMHS (Wagon tippler),J3C1,B,580,1400,SAR70,5,46131,,46131,,2,1,1,0,Ok,,1.1,45785,4.Non-Critical,,,
,6a2cd3b9-7119-40fd-b650-86d3daae1508,RMHS,RMHS (Wagon tippler),J4C1,B,165,1400,SAR70,5,46298,,46298,,1,1,0,0,Ok,,0.14,46273,4.Non-Critical,,,
,eab10e15-f45d-4d5a-8349-62cc676c27d1,RMHS,RMHS (Wagon tippler),J4C2,B,165,1400,SAR70,5,46154,,46154,,1,1,0,0,Ok,,0.3,45905,4.Non-Critical,,,
,94bb01ea-b108-4a3d-a609-6fe43eb50c10,RMHS,RMHS (Wagon tippler),J21C1,B,155,1400,SAR70,5,44092,45831,45831,,2,0,2,1,Marginal,,0.1,46294,1.Critical,,,
,4709d1e4-1f52-41cf-b01e-f52f5a840823,RMHS,RMHS (Wagon tippler),J21C2,B,155,1400,SAR70,5,44215,45848,45848,,2,0,2,0,Ok,,0,46025,1.Critical,,,
,934543c3-e6e1-458e-ad23-5983f3ccfbeb,RMHS,RMHS (Wagon tippler),J21AC1,B,108,1400,SAR70,5,45831,,45831,,1,1,0,0,Ok,,1,45827,4.Non-Critical,,,
,dc802678-a74f-41b3-931b-9b43584cb2d2,RMHS,RMHS (Wagon tippler),J21AC2,B,108,1400,SAR70,5,44214,,44214,,1,1,0,0,Ok,,3.3,46216,4.Non-Critical,,,
,ec4c397f-feaa-4ad6-948a-a7b58042affd,RMHS,RMHS (Wagon tippler),J4AC1,B,170,1200,SAR70,5,43934,,43934,,1,1,0,0,Ok,,4.1,46301,4.Non-Critical,,,
,2f486d3a-58e8-44c9-8bd8-156a5084ccb0,RMHS,RMHS (Wagon tippler),J3RBF1,B,27,1400,SAR70,6,46044,,46044,,1,1,0,0,Ok,,0.2,46007,4.Non-Critical,,,
,da993ab6-66dc-4fd7-a367-baff530dc686,RMHS,RMHS (Wagon tippler),JNT3C1,A,600,1600,SAR70,8,43664,45570,45570,,5,0,5,7,Alert,84,2.4,46280,3.Marginal,,,
,e77d6e24-9df3-4a53-b330-317e8333d66c,RMHS,RMHS (Wagon tippler),CJ1C1,A,500,1600,SAR70,8,45037,45929,45929,,3,1,2,0,Ok,,0.4,45947,1.Critical,,,
,958cfd52-b64d-4ef7-9055-7c566d93efdb,RMHS,RMHS (Wagon tippler),CJ1RSC1,B,9,1800,FR,8,46248,,46248,,1,0,1,0,Ok,,0,46233,4.Non-Critical,,,
,0ccffb19-694d-4721-a1d8-1e9b7c68b03c,RMHS,RMHS (Wagon tippler),CJ2RC2,B,9,1800,FR,8,46248,,46248,,1,0,1,0,Ok,,3.4,45839,4.Non-Critical,,,
,79d0696c-d886-4a07-b0ae-e07c39824a26,RMHS,RMHS (Wagon tippler),CJ2C1,B,165,1600,SAR70,5,45947,,45947,,1,0,1,0,Ok,,0,45905,4.Non-Critical,,,
,363c318e-5adc-472c-aa3d-816df53b3115,RMHS,RMHS (Wagon tippler),J4C3,B,125,1600,SAR70,8,44298,,44298,,1,1,0,0,Ok,,0,45896,1.Critical,,,
,1a1a5610-b0fb-416b-8830-39859a80a71c,RMHS,RMHS (Wagon tippler),TT2C2,B,180,1600,SAR70,8,45542,,45542,,1,1,0,0,Ok,,5.8,46119,4.Non-Critical,,,
,32d1747c-15df-43b5-b120-4e4a1a81a270,RMHS,RMHS (Wagon tippler),TT4C2,B,260,1600,SAR70,6,43689,46034,46034,,2,0,2,1,Marginal,,2.4,46252,3.Marginal,,,
,04d47e3f-c7ee-49e4-b0ff-72ea1b4e9e4e,RMHS,RMHS (Wagon tippler),TT3C1,B,750,1400,FR,6,43136,,43136,,4,4,0,0,Ok,,3,46301,3.Marginal,,,
,1b8518a2-4034-4753-827a-1d70d0aa5d05,RMHS,RMHS (Wagon tippler),TT3C2,B,750,1400,SAR70,5,45196,,45196,,4,0,4,0,Ok,,3.3,46301,4.Non-Critical,,,
,e18da8ab-17e6-4505-b39b-fe5377c9ef6c,RMHS,RMHS (Wagon tippler),TT4C3,A,235,1600,FR,8,46116,,46116,,1,1,0,0,Ok,,0,46048,4.Non-Critical,,,
,12dee681-a22b-40b2-9a34-0b7fd5eac33d,RMHS,RMHS (Wagon tippler),TT4C4,B,265,1600,FR,8,46253,,46253,,2,1,1,0,Ok,,0,46123,4.Non-Critical,,,
,424059a4-487b-4d0b-be5e-c4c5515d5564,RMHS,RMHS (Wagon tippler),TT5C1,B,225,1600,FR,8,44248,46252,46252,,3,1,2,1,Marginal,,1.5,46301,2.Semi-Critical,,,
,156e1f00-1de0-4016-9697-038530328dfd,RMHS,RMHS (Wagon tippler),TT5C2,B,225,1600,FR,8,46071,,46071,,3,0,3,1,Marginal,,0.3,45950,4.Non-Critical,,,
,65da2b49-1900-454c-a606-28e5d06daf1f,RMHS,RMHS (Wagon tippler),TT5RSC1,B,9,1800,FR,8,46273,,46273,,1,0,1,0,Ok,,6.8,46219,4.Non-Critical,,,
,6d361746-4ce5-4c27-b33f-7d15e1a8c293,RMHS,RMHS (Wagon tippler),TT6C1,B,175,1600,FR,8,46252,,46252,,1,1,0,0,Ok,,3.8,46218,4.Non-Critical,,,
,d0248ef0-db19-4f91-9554-6d601c304768,RMHS,RMHS (Wagon tippler),TT6C2,B,175,1600,FR,8,45313,46086,46086,,2,2,0,1,Marginal,,6.7,46301,4.Non-Critical,,,
,5973c879-40e0-4736-829a-ee582d59ccf7,RMHS,RMHS (Wagon tippler),JNT1C1,B,790,1400,FR,6,43293,45610,45610,,6,0,6,0,Ok,,3.1,46147,4.Non-Critical,,,
,3d4c35da-0175-4493-87ce-c5e08c5f4810,RMHS,RMHS (Wagon tippler),CJ1C2,A,450,1600,SAR70,8,45101,46122,46122,,4,4,0,0,Ok,,4.2,46294,4.Non-Critical,,,
,a96f1fd8-e416-4086-b20c-4f8365b38650,RMHS,RMHS (Wagon tippler),CJ1RSC2,B,9,1800,FR,8,46234,,46234,,1,0,1,0,Ok,,0,46231,4.Non-Critical,,,
,b0facf21-9901-494d-a208-8b3bffc10d58,RMHS,RMHS (Wagon tippler),CJ3RC2,B,13,1600,SAR70,8,44301,,44301,,1,0,1,0,Ok,,0,0,4.Non-Critical,,,
,e61c9a17-4a04-4907-a22c-9f0d3d96e5f1,RMHS,RMHS (Wagon tippler),JNT1C2,B,790,1400,FR,6,45791,,45791,,9,0,9,0,Ok,,2.2,46251,3.Marginal,,,
,a094436b-6996-419f-a6d5-93eb9d4d9328,RMHS,RMHS (Wagon tippler),JNT1RSC1,B,18,1800,FR,8,46149,,46149,,1,1,0,0,Ok,,4.8,46147,4.Non-Critical,,,
,276ed641-a3e0-4acb-b648-550a482d2a66,RMHS,RMHS (Wagon tippler),J1C1,B,85,1400,SAR70,5,45579,,45579,,1,0,1,0,Ok,,3.8,46162,4.Non-Critical,,,
,4c88cb87-43ad-4800-9684-9168d1a3e445,RMHS,RMHS COKE ,J37C4,A,1100,1200,FR,5,45267,46246,46246,,5,2,3,0,Ok,,2.2,46246,3.Marginal,,,
,6d5253bc-b3ba-488f-9378-aea4dd52b6f6,RMHS,RMHS COKE ,J37C5,A,1100,1200,FR,5,45463,46294,46294,,6,3,3,0,Ok,,1.2,46268,2.Semi-Critical,,,
,136285d2-1557-4561-8933-90b368755af3,RMHS,RMHS COKE ,RMHS-SH1C3,A,70,1200,FR,5,46175,,46175,,1,0,1,0,Ok,,3.1,46268,4.Non-Critical,,,
,5e0ff341-7a9e-4c2b-8c68-1448522d673e,RMHS,RMHS COKE ,SH1RSC3,A+,82,1400,SAR70,5,46175,,46175,,1,0,1,0,Ok,,4,46268,4.Non-Critical,,,
,fd24a83b-6600-46db-99e1-634093a18390,RMHS,RMHS COKE ,J36C5,A,230,1200,SAR,5,46137,,46137,,1,1,0,0,Ok,,0,46128,4.Non-Critical,,,
,5a1a4b5c-6152-470e-a3af-df0c6845729f,RMHS,RMHS COKE ,J36C6,A,230,1200,FR,5,46134,,46134,,1,1,0,0,Ok,,0,46057,4.Non-Critical,,,
,aec82a86-0e84-40e7-8d77-acb7c004ff11,RMHS,RMHS COKE ,JCC1,A+,200,1400,SAR70,5,45945,,45945,,2,2,0,0,Ok,,2.8,46294,3.Marginal,,,
,e14879b2-952a-4f22-a449-b191a7f1df3c,RMHS,RMHS COKE ,J38C1,A+,40,800,SAR70,5,44196,,44196,,1,0,1,0,Ok,,1.4,46267,2.Semi-Critical,,,
,020318ff-6436-4ea9-995b-158ce498ed42,RMHS,RMHS COKE ,J38AC1,A,200,800,SAR70,5,44936,,44936,,1,1,0,1,Marginal,,2.5,46267,3.Marginal,,,
,ed1dab58-325c-419e-9064-c07883e13e8f,RMHS,RMHS COKE ,J39C1,A+,200,800,SAR70,5,43936,,43936,,1,1,0,0,Ok,,2.2,46267,3.Marginal,,,
,eba19b2b-4c73-4e2b-8267-da5fab8bd189,RMHS,RMHS COKE ,J37C6,A,490,800,SAR70,5,43557,45629,45629,,2,0,2,0,Ok,,0,46175,1.Critical,,,
,1692dd8f-34cf-4735-8b56-4ab9b361e372,RMHS,RMHS COKE ,J36C4,A,225,800,SAR70,5,44524,45749,45749,,2,0,2,5,Alert,90,2,46268,3.Marginal,,,
,b4cdeb48-a818-45b5-8e97-e3b403b36b0e,RMHS,RMHS COKE ,J28C1,B,600,800,SAR70,5,43232,,43232,,2,2,0,0,Ok,,1.7,46269,3.Marginal,,,
,2ee06c38-a1cc-4b6f-aee3-cca672eb48ce,RMHS,RMHS COKE ,J30C4,A,600,800,SAR70,5,44869,46065,46065,,4,2,2,0,Ok,,3.6,46269,4.Non-Critical,,,
,dca084a2-ca32-4291-8974-950845cc3915,RMHS,RMHS COKE ,J30RC1,A,20,800,SAR70,5,45919,,45919,,1,0,1,1,Marginal,,2.6,45749,4.Non-Critical,,,
,4365b7ba-e7f1-4c5e-a739-41f3154fe3ac,RMHS,RMHS COKE ,J30FC1,A,25,800,SAR70,5,45919,,45919,,1,0,1,1,Marginal,,2.4,46269,3.Marginal,,,
,d4bb535d-809c-4058-9f08-706a90b95e20,RMHS,RMHS COKE ,J30RC3,A,20,800,SAR70,5,45570,,45570,,1,0,1,0,Ok,,2.8,46175,3.Marginal,,,
,9c2e12d1-2861-4cca-ba05-f31e2d816bf3,RMHS,RMHS COKE ,J30RC5,B,18,800,SAR70,5,46150,,46150,,1,0,1,0,Ok,,2.2,46090,4.Non-Critical,,,
,a0f1019c-fbe3-4fd4-959b-9a0a3bab9327,RMHS,RMHS COKE ,T38C2,A+,840,800,SAR70,5,45461,45945,45945,,4,3,1,3,Alert,1,3,46294,3.Marginal,,,
,7d713ce6-7b1f-4781-ae8f-7899bde8b179,RMHS,RMHS COKE ,T39C2,A+,490,800,SAR70,5,43939,46245,46245,,3,0,3,0,Ok,,2.7,46294,3.Marginal,,,
,91b0c66d-401c-4290-bc38-335d3e89e941,RMHS,RMHS COKE ,T45C1,A+,470,800,SAR70,5,44294,46245,46245,,3,0,3,0,Ok,,3.5,46294,4.Non-Critical,,,
,ae70bfa3-f589-46b3-a63b-86aa5595b1cf,RMHS,RMHS COKE ,T47C1,A+,530,800,SAR70,5,44334,45764,45764,,2,0,2,0,Ok,,3.5,46269,4.Non-Critical,,,
,dd9e3e5f-bf54-45ae-853d-5d596a98adba,RMHS,RMHS COKE ,PCIC1,A,58,800,SAR70,5,44683,,44683,,1,0,1,0,Ok,,1.7,46268,3.Marginal,,,
,7cf6c11c-c135-40ea-b771-c211b0ff51cc,RMHS,RMHS COKE ,T43C1,B,380,800,SAR70,5,44197,,44197,,2,0,2,0,Ok,,3.2,46268,4.Non-Critical,,,
,7ebe9b64-353c-4132-979f-d9b6d402f68a,RMHS,RMHS COKE ,T46C1,A+,675,800,SAR70,5,44334,45741,45741,,3,0,3,0,Ok,,3.2,46269,4.Non-Critical,,,
,608832fe-a6d1-4bad-866d-74f2938280bb,RMHS,RMHS COKE ,T48C1,B,830,800,SAR70,5,44679,45945,45945,,3,3,0,0,Ok,,3.4,46269,4.Non-Critical,,,
,4c62dbbb-ab22-48e6-9c84-5ef2a3fb5879,RMHS,RMHS COKE ,J46C1,B,150,1200,SAR70,5,44256,,44256,,1,1,0,0,Ok,,2.4,46252,3.Marginal,,,
,dc1e5eab-d4e2-4efc-bcbf-3de8098f826d,RMHS,RMHS COKE ,J47C1,A+,100,1200,SAR70,5,44256,,44256,,1,0,1,0,Ok,,2,46252,3.Marginal,,,
,81a4d9ed-7f11-4817-8fd8-337d8d8b5c04,RMHS,RMHS COKE ,J40AC2,A,680,1200,SAR70,5,44696,,44696,,2,2,0,0,Ok,,3.4,46160,4.Non-Critical,,,
,a9001da4-acec-4910-b81c-6cc7ec6b2f64,RMHS,RMHS COKE ,J40ARC1,A,30,1200,SAR70,5,46202,,46202,,1,0,1,0,Ok,,0,45974,4.Non-Critical,,,
,83dc081d-3fa5-42f2-8690-ae64a512ff67,RMHS,RMHS COKE ,J75C1,B,70,1200,SAR70,6,44511,,44511,,1,1,0,0,Ok,,2.7,46266,3.Marginal,,,
,256a349a-5ee4-47f9-8856-40f3b7bd95b4,RMHS,RMHS COKE ,J76C1,B,582,800,SAR70,5,43208,,43208,,2,2,0,0,Ok,,4.8,46266,4.Non-Critical,,,
,968a7eea-51d4-4c86-a7c9-08d38b565d78,RMHS,RMHS COKE ,J77C1,B,105,800,SAR70,5,44869,,44869,,1,0,1,0,Ok,,2.8,46266,3.Marginal,,,
,7c2c69fc-7843-40fa-92c6-4504af3f5cc8,RMHS,RMHS COKE ,RMHS-CBBC1,A,400,1600,FR,8,45044,46254,46254,,3,0,3,0,Ok,,3.3,46208,4.Non-Critical,,,
,0ada537f-79ad-4a19-bd2a-7ef625f12c81,RMHS,RMHS COKE ,RMHS-CBBRSC1,A,50,1600,FR,8,45576,,45576,,1,0,1,0,Ok,,2,46130,3.Marginal,,,
,0e25ffcc-e4d7-4d5a-978b-f24612ff1542,RMHS,RMHS COKE ,CJ5C1,B,1700,1600,,8,44858,46205,46205,,5,5,0,0,Ok,,7,46128,4.Non-Critical,,,
,e1f0fa7a-4d38-4775-a464-6cdcfa126f25,RMHS,RMHS COKE ,CJ6C1,B,120,1600,SAR70,8,46038,,46038,,2,1,1,0,Ok,,0,46007,4.Non-Critical,,,
,2e4d675f-bbee-433f-bb8d-a70abf41f2de,RMHS,RMHS COKE ,SCR5,B,90,1600,FR,8,46205,,46205,,1,1,0,0,Ok,,7.5,46223,4.Non-Critical,,,
,becb43d6-8340-4455-93b8-d372c79de97f,RMHS,RMHS COKE ,SCR6,B,95,1600,FR,8,45994,,45994,,1,0,1,1,Marginal,,5.8,46256,4.Non-Critical,,,
,ce2d6cd5-f036-4861-b954-eda740cae26b,RMHS,J5 ,J50C1,A,140,1400,SAR70,5,46135,,46135,,1,1,0,0,Ok,,6.1,46294,4.Non-Critical,,,
,c9b50c01-1f69-40f8-a675-1fad7bf5f62d,RMHS, J5,J50C2,A,260,1400,SAR70,8,46223,,46223,,1,1,0,0,Ok,,2.5,46202,4.Non-Critical,,,
,1d802435-37b1-4a9c-bb3a-93b2458e4e09,RMHS,J5,J6C2,A,240,1200,SAR70,8,46223,,46223,,1,1,0,0,Ok,,0.4,46153,4.Non-Critical,,,
,b27202ff-e6bd-4fe5-8503-6d89aad00980,RMHS,J5,J5C1,A,1750,1400,SAR70,5,45403,46027,46027,,6,6,0,0,Ok,,1,46273,2.Semi-Critical,,,
,cd7b3d45-9ddf-4008-9d9d-5853c0208e96,RMHS,J5,J5AC1,A,140,1600,SAR70,8,46082,,46082,,1,0,1,4,Alert,31,1.2,46273,2.Semi-Critical,,,
,03e1d544-0ac5-4727-8388-96286d972ac2,RMHS,J5,J5BC1,B,60,1400,SAR70,6,46044,,46044,,1,0,1,2,Marginal,102,0,46259,1.Critical,,,
,8ae7854e-a281-4176-8bb4-94a99f95c734,RMHS,J5,J5C3,B,215,1400,SAR70,5,46149,,46149,,1,1,0,0,Ok,,2.9,46273,3.Marginal,CRACK IN BOTTOM SIDE JOINT AREA,Belt Replacement,
,d8387b20-dba0-4a70-900c-36f45810fbb2,RMHS,J5,OPBC1,A,370,1200,SAR70,5,46118,,46118,,2,2,0,0,Ok,,3,46273,3.Marginal,,,
,9e439e0b-bbee-411d-adf2-892210990c04,RMHS,J5,CPBC1,A,480,1400,SAR70,5,46261,,46261,,1,1,0,0,Ok,,0.4,46179,4.Non-Critical,,,
,867c51dc-de19-419f-89dd-46027aa4ff4b,RMHS,J5,RMHS-RSC1,A,65,1600,SAR70,8,46162,,46162,,1,0,1,0,Ok,,0,46108,4.Non-Critical,,,
,c500508d-baef-4807-b2f1-fe1197e6145c,RMHS,J5,RSC4,A,40,1400,SAR70,5,46261,,46261,,1,0,1,0,Ok,,0,46247,4.Non-Critical,,,
,847d55cb-ac32-443d-a035-b234210586c2,RMHS,J5,J5C2,B,180,1400,SAR70,5,43908,,43908,,1,0,1,0,Ok,,6.5,46164,4.Non-Critical,,,
,a47f50e9-bda0-428b-b42c-7cd188a837ad,RMHS,J5,J6C1,B,75,1400,SAR70,5,46191,,46191,,1,1,0,0,Ok,,3,46247,3.Marginal,,,
,305aa2ef-db53-4b0f-ac19-dbfd745c95c0,RMHS,J5,J5DC1,A,27,1200,SAR70,5,44457,,44457,,1,0,1,0,Ok,,5.8,45708,4.Non-Critical,,,
,312a2baa-aa4e-4df2-b5a4-e26ded91894a,RMHS,J5,REC1,B,90,1400,SAR70,5,45996,,45996,,1,0,1,0,Ok,,1.8,46273,3.Marginal,,,
,002bb17d-8c64-48c3-a1b9-f4f2480318c6,RMHS,J5,REC2,B,90,1600,SAR70,8,46107,,46107,,1,1,0,0,Ok,,0,45770,4.Non-Critical,,,
,41970ad6-37aa-4fc7-b070-4acdc11220a8,RMHS,J5,SCR1,B,90,1600,SAR70,8,46194,,46194,,1,1,0,0,Ok,,0,46167,4.Non-Critical,,,
,c4f62728-b917-4ad6-a66b-cbe2652d33b1,RMHS,J5,SCR2,B,90,1600,SAR70,8,46224,,46224,,1,1,0,0,Ok,,0,45976,4.Non-Critical,,,
,10662c9d-d8f8-413e-a348-bb7481045e53,RMHS,J5,SCR7,B,90,1600,SAR70,8,46150,,46150,,1,1,0,0,Ok,,0,45918,4.Non-Critical,,,
,daf977e8-e50c-4b5a-a499-4024bee0ebfb,RMHS,RMHS (Wagon tippler),J3C2,B,560,1400,SAR70,5,45999,46056,46056,,5,5,0,0,Ok,,0,45874,4.Non-Critical,,,
,ea07c664-8f7d-4129-bb9b-e299e2363de5,RMHS,RMHS (Wagon tippler),J2C1,B,280,1200,SAR70,5,44992,,44992,,2,2,0,0,Ok,,0.1,46128,1.Critical,,,
,1b673d2a-5904-4bb9-8e1e-7977e4210ee9,RMHS,RMHS (Wagon tippler),J2C2,B,300,1200,SAR70,5,45219,,45219,,2,2,0,0,Ok,,4,46156,4.Non-Critical,,,
,ecc86339-ab3d-4f27-8299-c1724603a9a1,RMHS,RMHS (Wagon tippler),J3BC3,B,60,1200,SAR70,5,45918,,45918,,1,1,0,0,Ok,,2.6,46280,3.Marginal,,,
,b08eee8c-6d31-4967-9d48-ae8945a5f690,RMHS,RMHS (Wagon tippler),J3BC1,B,270,1200,SAR70,5,45814,,45814,,1,1,0,0,Ok,,2.8,46275,3.Marginal,,,
,cceadfc5-cca8-4822-9ba0-02024a1bb5ce,RMHS,RMHS (Wagon tippler),J3AC1,B,205,1400,SAR70,8,45979,,45979,,1,1,0,0,Ok,,0,45946,4.Non-Critical,,,
,3dfb90be-0f7a-4b83-a2b5-a83fb96b89d2,RMHS,RMHS (Wagon tippler),J3C3,B,140,1600,SAR70,8,45222,,45222,,1,1,0,0,Ok,,3.2,46219,4.Non-Critical,,,
,9b31db0b-2287-43ae-b5c8-c13eb9a419d1,RMHS,RMHS (Wagon tippler),CJ2RC1,B,13,1600,SAR70,8,46148,,46148,,1,0,1,0,Ok,,3.2,45839,4.Non-Critical,,,
,ab83f4cc-db60-4864-860a-ec1127b56b1e,RMHS,RMHS (Wagon tippler),CJ3RC1,B,13,1600,SAR70,8,46262,,46262,,1,0,1,0,Ok,,0,46078,4.Non-Critical,,,
,75d14b27-6ca2-4f72-bd07-6c331c83f58c,RMHS,RMHS (Wagon tippler),CJ4C1,B,155,1600,SAR70,8,45840,,45840,,1,1,0,0,Ok,,7.5,46156,4.Non-Critical,,,
,e16d518a-9085-42bc-a45d-eb427898210b,RMHS,RMHS (Wagon tippler),CJ4C2,B,130,1600,SAR70,8,45237,,45237,,2,2,0,0,Ok,,3.7,46294,4.Non-Critical,,,
,723640c2-e1c0-49be-8806-bebdf158d894,RMHS,RMHS (Wagon tippler),J21C3,B,125,1600,SAR70,8,45372,,45372,,1,1,0,2,Marginal,61,2.4,46294,3.Marginal,,,
,ac99c52e-a47f-4800-a71a-7486564ed999,RMHS,RMHS (Wagon tippler),J21AC3,B,125,1600,SAR70,8,45250,,45250,,1,0,1,0,Ok,,3,46219,3.Marginal,,,
,b47f32c1-6e32-4d48-b3a7-6079047ce57b,RMHS,RMHS (Wagon tippler),CJ3C2,A,160,1600,FR,8,45975,,45975,,1,1,0,0,Ok,,2,45957,4.Non-Critical,,,
,920ce2a0-f424-4724-974a-08593ea5d465,RMPP,RMHS (IRON),BC1(IRON),A,290,800,SAR70,5,45868,,45868,,2,2,0,0,Ok,,0.2,46151,1.Critical,,,
,da1384ca-52d3-457a-ad9f-ef06ee97862f,RMPP,RMHS (IRON),BC2(IRON),A,310,800,SAR70,5,45814,,45814,,1,1,0,0,Ok,,0.3,46165,1.Critical,,,
,560b758b-7df2-47f6-ad4f-24faac8a7046,RMPP,RMHS (IRON),BC3(IRON),A,350,650,SAR70,5,46189,,46189,,2,2,0,0,Ok,,0,46151,4.Non-Critical,,,
,4ccd2139-77b6-4f73-8ede-72add9c7b418,RMPP,RMHS (IRON),RBC1,A,31,500,SAR70,5,46275,,46275,,1,0,1,0,Ok,,3.1,45982,4.Non-Critical,,,
,425af207-2cfe-408c-9fcc-1b0836894b6e,RMPP,RMHS (IRON),BC4(IRON),B,52,500,SAR70,5,46218,,46218,,1,0,1,0,Ok,,0.3,46151,4.Non-Critical,,,
,c17eb33b-974b-4758-aa7c-67571bbc433f,RMPP,RMHS (IRON),BC5(IRON),B,23,500,SAR70,5,46189,,46189,,1,0,1,0,Ok,,0,46296,1.Critical,,,
,8582d600-22e9-49f0-aa34-1457d37714ee,RMPP,RMHS (IRON),BC7(IRON),B,79,800,SAR70,5,45713,,45713,,1,0,1,0,Ok,,0.8,46302,2.Semi-Critical,,,
,93a7a1af-5bec-4a76-9f3b-f817714af8e6,RMPP,RMHS (IRON),BC6(IRON),B,18,800,SAR70,5,46275,,46275,,1,0,1,0,Ok,,0,46257,4.Non-Critical,,,
,6bed875d-779b-4b9b-8ea1-b853b74b1c67,RMPP,RMHS (IRON),BC12(IRON),A,65,800,SAR70,5,46275,,46275,,1,0,1,0,Ok,,3,46090,4.Non-Critical,,,
,c67e6ed0-d66f-483b-9117-6e04ee8fbf9b,RMPP,RMHS (IRON),BC13(IRON),A,275,800,SAR70,5,45409,46247,46247,,3,0,3,0,Ok,,0,46151,1.Critical,,,
,52d87279-d01f-479b-a544-c005f8d35302,RMPP,RMHS (IRON),BC8(IRON),B,27,700,SAR70,5,46157,,46157,,1,0,1,0,Ok,,0,46296,1.Critical,,,
,f8b4821e-4263-4b88-b30c-9a8ba67e0621,RMPP,RMHS (IRON),BC9(IRON),A,42,650,SAR70,5,46275,,46275,,1,0,1,0,Ok,,0,46256,4.Non-Critical,,,
,aa688eaf-e708-4675-820b-e3a88fcccdc3,RMPP,RMHS (IRON),BC10(IRON),A,265,650,SAR70,5,46090,,46090,,1,1,0,0,Ok,,4.04,46267,4.Non-Critical,2nd ply visible,,
,2b935f66-b69a-4632-8625-8efbf188c569,RMPP,RMHS (IRON),BC14(IRON),A,24,800,SAR70,8,46267,,46267,,1,0,1,0,Ok,,0,46257,4.Non-Critical,,,
,c28a0bc1-0929-4656-bb00-24ad0fd0b5b1,RMPP,RMHS (IRON),BC15(IRON),A,120,800,SAR70,5,46090,,46090,,1,1,0,0,Ok,,3.73,46267,4.Non-Critical,,,
,3bffb109-c0cf-4c3c-81a9-d6cd3a55549b,RMPP,RMHS (IRON),BC16(IRON),A,131,800,SAR70,5,46157,,46157,,1,1,0,0,Ok,,5.97,46267,4.Non-Critical,,,
,1114e9b5-1500-43e2-8cd8-a09fcca80917,RMPP,RMHS (IRON),RBC2,A,35,1200,SAR70,5,46189,,46189,,1,0,1,0,Ok,,0,46296,1.Critical,,,
,197f8e07-5090-4847-94e8-42c9fa8297fa,RMPP,RMHS (IRON),BC11(IRON),A,18,800,SAR70,5,45423,,45423,,1,0,1,0,Ok,,0,0,4.Non-Critical,,,
,dc66e356-f916-473f-bfa1-7ab26a692626,RMPP,RMHS (IRON),J11C1,A,211,800,SAR70,5,45792,,45792,,1,0,1,0,Ok,,2.07,46248,3.Marginal,,,
,7c30a5df-a2d7-4c19-9cad-7227c3e46471,RMPP,RMHS (IRON),J12C2,A,438,800,SAR70,5,45925,45961,45961,,2,2,0,0,Ok,,1.8,46248,3.Marginal,,,
,926de4de-4daa-4334-8bd5-1d80e55ea8fc,RMPP,RMHS (IRON),J12C4,B,17,800,SAR70,5,46200,,46200,,1,0,1,0,Ok,,0,46058,4.Non-Critical,,,
,20801f84-4b8a-49d8-8bd4-3c2bfe944702,RMPP,RMHS (IRON),J13C2,B,238,800,SAR70,5,45073,,45073,,1,0,1,2,Marginal,156,4.2,46087,4.Non-Critical,,,
,6c6551cd-17ac-413a-9b06-4e1b4b51aae9,RMPP,RMHS (IRON),J14C2,A,468,800,SAR70,5,45792,46012,46012,,3,1,2,0,Ok,,1.6,45992,4.Non-Critical,,,
,40076eca-0ac8-4efa-a8bc-880a8d224a64,RMPP,RMHS (IRON),J15C2,A,232,800,SAR70,5,45948,,45948,,1,0,1,0,Ok,,0,46197,1.Critical,,,
,0db92a45-d1f5-4656-8a9b-16e4744c3161,RMPP,RMHS (IRON),J15AC2,A,230,800,SAR70,5,45581,46185,46185,,2,2,0,0,Ok,,0.3,46197,1.Critical,,,
,f4c9868b-cfa6-4d88-9ec9-645f515d19ac,RMPP,RMHS (IRON),K2C1,B,343,800,SAR70,5,46160,,46160,,1,1,0,0,Ok,,0,45979,4.Non-Critical,,,
,65183fee-ec08-4455-ace6-4fc8929f65c6,RMPP,RMHS (IRON),K4C1,B,345,800,SAR70,5,46221,,46221,,2,2,0,0,Ok,,0.3,46059,4.Non-Critical,,,
,bd74506a-cf01-4ad1-9a06-a510ead7d00a,RMPP,RMHS (IRON),K6C1,A,359,800,SAR70,5,45645,,45645,,2,1,1,1,Marginal,,0.3,46132,1.Critical,3rd ply visible,,
,edaec86e-2124-4937-8712-1a727d7ec5c4,RMPP,RMHS (IRON),K8C1,B,350,800,SAR70,5,45703,,45703,,2,1,1,2,Marginal,77,0,46254,1.Critical,,,
,1494e391-7658-4d50-a687-aaf1c3b50077,RMPP,RMHS (IRON),K10C1,A,352,800,SAR70,5,46079,46283,46283,,2,2,0,0,Ok,,0.3,45937,4.Non-Critical,,Belt Re-joint,
,b943723f-4c13-4455-a53d-13fae7b001b2,RMPP,RMHS (IRON),AJ001,B,28,650,SAR70,5,46221,,46221,,1,0,1,0,Ok,,1.4,45803,4.Non-Critical,,,
,073d97d6-5a14-409f-a14a-7fc7de3c4565,RMPP,RMHS (IRON),CJ001,B,28,650,SAR70,5,46221,,46221,,1,0,1,1,Marginal,,0,45960,4.Non-Critical,,,
,ec22c614-acc4-434d-adb9-43960838715a,RMPP,RMHS (IRON),EJ001,A,28,650,SAR70,5,46296,,46296,,1,0,1,0,Ok,,3.3,45671,4.Non-Critical,,,
,3aa87ece-37c1-4ee9-9190-143808e668a5,RMPP,RMHS (IRON),GJ001,B,28,650,SAR70,5,46198,,46198,,1,0,1,1,Marginal,,0,46062,4.Non-Critical,,,
,f4c66829-856d-4267-8879-7aaf11cbc112,RMPP,RMHS (IRON),IJ001,A,28,650,SAR70,5,46217,,46217,,1,0,1,0,Ok,,0,46127,4.Non-Critical,,,
,59aac9f6-cf80-47db-be80-04c402db5811,RMPP,RMHS (IRON),OF1AC1,A,52,800,SAR70,5,45791,,45791,,1,0,1,0,Ok,,3.6,46175,4.Non-Critical,,,
,db9c96a9-a152-4a1d-a89f-0bb199267df0,RMPP,RMHS (IRON),OF1AC2,C,52,800,SAR70,5,46153,46206,46206,,2,0,2,0,Ok,,0,46027,4.Non-Critical,,,
,00d87d46-8416-4908-beb6-58644faa8826,RMPP,RMHS (IRON),OF1C1,C,32,800,SAR70,5,45943,,45943,,1,0,1,0,Ok,,0.3,46160,1.Critical,,,
,c4fd2b06-4e84-45f1-b55c-e24e2510b190,RMPP,RMHS (IRON),OF2C1,A,230,800,SAR70,5,45814,,45814,,1,1,0,0,Ok,,0.23,46302,1.Critical,,,
,ca3e0441-8e2e-4cbd-a27e-e385581b410a,RMPP,RMHS (IRON),OFBBC1,A,610,800,SAR70,5,45775,,45775,,1,1,0,1,Marginal,,0.33,46302,1.Critical,,,
,ca377b06-c72f-429d-9cc6-693375b42de7,RMPP,RMHS (IRON),OFBBRSC1,A,35,1000,SAR70,5,46247,,46247,,1,0,1,0,Ok,,0,46296,1.Critical,,,
,fe07a5e7-5270-4108-a4a6-3fe203cfefab,RMPP,RMHS (IRON),OFBF1,B,16,1200,SAR70,5,46046,,46046,,1,0,1,0,Ok,,7.4,46237,4.Non-Critical,,,
,777af91c-dc53-481a-ae67-6b6224b15151,RMPP,RMHS (IRON),OFBF2,C,16,1200,SAR70,5,45263,,45263,,1,0,1,0,Ok,,0,46237,1.Critical,,,
,b4a2f64c-d3c4-4a26-8c89-b11a3d62079a,RMPP,RMHS (IRON),OFBF3,C,16,1200,SAR70,5,46164,,46164,,1,0,1,1,Marginal,,4,46154,4.Non-Critical,,,
,d93633ee-67f9-4278-a814-a2f4c4372627,RMPP,RMHS (IRON),OFBF4,B,16,1200,SAR70,5,44443,,44443,,1,0,1,0,Ok,,1.9,46273,3.Marginal,,,
,56176590-b2bf-486a-b977-c7d8dd6a8d6a,RMPP,RMHS (IRON),J23C2(IRON),B,160,1000,SAR70,5,46047,,46047,,2,0,2,0,Ok,,2.2,46273,3.Marginal,,Belt Replacement,
,3c6c9dcb-0bac-45ea-b259-9ace00186297,RMPP,RMHS (COAL),RMPP-RSC2,A,52,1400,SAR70,5,44595,,44595,,1,0,1,0,Ok,,2.9,46262,3.Marginal,,,
,8d31f843-1946-41a0-a800-c3c2e07be787,RMPP,RMHS (COAL),RSC3,A,56,1400,SAR70,5,44945,,44945,,1,0,1,0,Ok,,2.4,46262,3.Marginal,,,
,89f53cc2-3201-47ff-8deb-ae1c521121ed,RMPP,RMHS (COAL),RC1,A+,30,1400,SAR70,5,45989,,45989,,1,0,1,0,Ok,,2.5,46262,3.Marginal,,,
,5762a539-66a1-42eb-8275-af4582a665cd,RMPP,RMHS (COAL),PCSC1,A+,330,1200,SAR70,8,46162,,46162,,1,1,0,0,Ok,,0,46161,4.Non-Critical,,,
,3e5eec63-5910-4251-ab0a-255fb8616659,RMPP,RMHS (COAL),SCSC1,A+,325,1200,FRSAR,6,46070,,46070,,1,1,0,0,Ok,,0,46039,4.Non-Critical,,,
,ff8098ad-c91c-4f59-8166-637c6a93060c,RMPP,RMHS (COAL),CSIC2,A+,240,1200,SAR70,5,44970,46178,46178,,4,1,3,0,Ok,,1.3,46262,2.Semi-Critical,,,
,848ea90c-5c55-4b86-8be4-180d81788556,RMPP,RMHS (COAL),CSIC1,A+,380,1200,SAR70,5,45695,45744,45744,,2,2,0,0,Ok,,1.3,46262,2.Semi-Critical,,,
,b1927b85-88c1-4bb6-b458-0d9d7b7838e8,RMPP,RMHS (COAL),OSBC1,B,120,1200,SAR70,5,43941,,43941,,1,0,1,0,Ok,,3,46235,3.Marginal,,,
,7ccd9fee-f58a-4281-b72e-7ca23a65f645,RMPP,RMHS (COAL),BF3(COAL),B,11,1000,SAR70,6,46245,,46245,,1,0,1,0,Ok,,0,46238,4.Non-Critical,,,
,99155b90-c9ee-4f89-8eee-8802058367c9,RMPP,RMHS (COAL),BF3A,B,13,1000,SAR70,6,46196,,46196,,1,0,1,0,Ok,,3.9,45695,4.Non-Critical,,,
,a4a392de-1601-4679-ac86-1ea548e25f56,RMPP,RMHS (COAL),BF4,A,35,1000,SAR70,6,46044,,46044,,1,0,1,0,Ok,,0,45695,4.Non-Critical,,,
,a2b81caa-7dab-4252-a515-272772d9852b,RMPP,RMHS (COAL),BF4A,A,29,1000,SAR70,6,46035,,46035,,1,0,1,0,Ok,,0.4,46161,1.Critical,,,
,b165604c-9d57-4307-ad9f-d00c4ab4d8eb,RMPP,RMHS (COAL),FC1,A,25,800,SAR70,5,46261,,46261,,1,0,1,0,Ok,,0,45869,4.Non-Critical,,,
,a6df19d8-11e4-4a44-af7b-a21abd6fe17e,RMPP,RMHS (COAL),TCSC1,A+,360,1000,SAR70,8,46044,,46044,,1,1,0,0,Ok,,0,46039,4.Non-Critical,,,
,56b2ce04-0b89-45b9-a26c-36c58bcba0b2,RMPP,RMHS (COAL),BF4B,B,52,1000,SAR70,6,46234,,46234,,1,0,1,1,Marginal,,1.2,46115,4.Non-Critical,,,
,19b5d558-06ec-448e-8928-74ae8b06c31d,RMPP,RMHS (COAL),SCSC2,B,300,800,SAR70,5,44608,45940,45940,,3,1,2,3,Alert,48,1.8,46235,3.Marginal,,,
,a6672610-c70f-4367-8881-9c7969dd8801,RMPP,RMHS (COAL),J11C3,B,300,800,SAR70,5,44564,,44564,,2,0,2,0,Ok,,1.4,46235,2.Semi-Critical,,,
,1aa4d21c-50a2-4e0b-bcf7-41ff8fc43e4e,RMPP,RMHS (COAL),J11BC1,B,180,800,SAR70,5,44975,46045,46045,,1,0,1,0,Ok,,2,46235,3.Marginal,,,
,31db2254-5275-4669-bf65-99713893b096,RMPP,RMHS (COAL),J11BC2,B,35,800,SAR70,5,46123,,46123,,1,0,1,0,Ok,,2.9,46088,4.Non-Critical,,,
,514dd101-2ed4-44c3-864c-e22bc0292062,RMPP,RMHS (COAL),BF5,B,14,1000,SAR70,6,45292,,45292,,1,0,1,0,Ok,,0,46028,1.Critical,,,
,47e4bf39-0278-44fc-9e73-bb697dbd9b0e,RMPP,RMHS (COAL),BF6,B,14,1000,SAR70,6,46021,,46021,,1,0,1,0,Ok,,2.4,46235,3.Marginal,,,
,c02f1b02-93ac-4eba-87e9-fbf2ce727a44,RMPP,RMHS (COAL),BF7,B,14,1000,SAR70,6,45553,,45553,,1,0,1,0,Ok,,5.1,46055,4.Non-Critical,,,
,9b3ae0f1-cdaa-4ca5-ba75-dfa9282c3edd,RMPP,RMHS (COAL),BF8,B,14,1000,SAR70,6,45292,,45292,,1,0,1,0,Ok,,3.4,46150,4.Non-Critical,,,
,bd2e061f-0003-4481-a703-8a032ef5027e,RMPP,RMHS (COAL),BF9,B,14,1000,SAR70,6,45515,,45515,,1,0,1,0,Ok,,4.2,46150,4.Non-Critical,,,
,2fd94a97-f7d6-4305-a485-9de356a8f5ae,RMPP,RMHS (COAL),BF10,B,14,1000,SAR70,6,45292,,45292,,1,0,1,0,Ok,,3,46235,3.Marginal,,,
,283a7c16-968f-461b-92a8-deebe386de16,RMPP,RMHS (COAL),J11C2,B,169,800,SAR70,5,43955,46058,46058,,2,0,2,1,Marginal,,1.9,46235,3.Marginal,,,
,46e5b17d-2a8a-481f-8db3-81065aea1429,RMPP,RMHS (COAL),J7C2,B,225,800,SAR70,5,45112,45954,45954,,3,3,0,0,Ok,,3.5,46183,4.Non-Critical,,,
,5a14db75-b4b1-42cf-8f7e-143fc495889a,RMPP,RMHS (COAL),J8C2,B,28,800,SAR70,5,46297,,46297,,1,0,1,0,Ok,,0,46055,4.Non-Critical,,,
,72f1967e-ba90-480f-a789-4c7ada94e101,RMPP,RMHS (COAL),J12C1,A,432,800,SAR70,5,43211,46087,46087,,2,0,2,0,Ok,,1.3,46186,3.Marginal,,,
,e3826f94-4e07-486d-b9ae-64a05844b684,RMPP,RMHS (COAL),J12C3,A,17,800,SAR70,5,46195,,46195,,1,0,1,0,Ok,,0,46140,4.Non-Critical,,,
,fb8d01b5-47b4-4fe5-bf87-d10f322e7289,RMPP,RMHS (COAL),J13C1,A,234,800,SAR70,5,43934,,43934,,1,0,1,0,Ok,,2.91,46258,3.Marginal,,,
,58b003ec-cd17-48b1-8bec-ae4ea95338b8,RMPP,RMHS (COAL),J14C1,A,420,800,SAR70,5,45065,45843,45843,,2,0,2,2,Marginal,153,2.3,46244,3.Marginal,,,
,9f8f154d-6728-4b65-8d5d-9a939c92ad0f,RMPP,RMHS (COAL),J14C4,A,15,800,SAR70,5,46241,,46241,,1,0,1,0,Ok,,0.3,46157,4.Non-Critical,,,
,6b32435d-8f6f-4d60-9a42-b905e3d45b8f,RMPP,RMHS (COAL),J15C1,A,234,800,SAR70,5,43834,45623,45623,,1,0,1,2,Marginal,13,1.9,46244,3.Marginal,,,
,2fecc7b1-b7ba-4640-b01b-5864bcaa43f5,RMPP,RMHS (COAL),J15AC1,A,238,800,SAR70,5,45118,46280,46280,,1,1,0,0,Ok,,1.9,46244,3.Marginal,,Belt Replacement,
,37753a2e-4f25-494d-9ede-1541c563f14b,RMPP,RMHS (COAL),K1C1,A,380,650,SAR70,5,44525,45972,45972,,1,0,1,0,Ok,,3.1,46148,4.Non-Critical,,Belt Re-joint,
,3f411ece-34c7-4cc8-94d0-b2181b99145d,RMPP,RMHS (COAL),AJ0010,A,16,650,SAR70,5,45700,,45700,,1,0,1,2,Marginal,1,0.9,46267,2.Semi-Critical,,,
,5acd2b03-22fd-4837-a826-30b05e81aa73,RMPP,RMHS (COAL),AJ0016,A,16,650,SAR70,5,45933,,45933,,1,0,1,0,Ok,,2.23,46267,3.Marginal,,,
,b18731b3-197b-4286-8a0f-56a80f7cab0d,RMPP,RMHS (COAL),AJ1046,A,60,650,SAR70,5,44265,,44265,,1,0,1,0,Ok,,2.11,46267,3.Marginal,,,
,2cea8f23-5a7e-473c-82b0-ebab6a251a7c,RMPP,RMHS (COAL),BJ1046,A,60,650,SAR70,5,44265,,44265,,1,0,1,0,Ok,,0.24,46267,1.Critical,,,
,d44c27fb-4bc7-493d-ba21-c38d4e9885ce,RMPP,RMHS (COAL),K3C1,A,380,650,SAR70,5,44694,46212,46212,,2,0,2,0,Ok,,3.3,46211,4.Non-Critical,,,
,2923f87e-0e76-4cdf-b86b-c71a2641fe81,RMPP,RMHS (COAL),CJ0010,B,15,650,SAR70,5,45976,,45976,,1,0,1,0,Ok,,4.1,46148,4.Non-Critical,,,
,3dee8f3b-94f4-4cff-afcb-5c3fc48243f2,RMPP,RMHS (COAL),CJ0016,A,15,650,SAR70,5,46035,,46035,,1,0,1,0,Ok,,3,45912,4.Non-Critical,,,
,5bfe092e-1a7b-4864-8257-2a30c9ed3bb7,RMPP,RMHS (COAL),CJ1046,A,60,650,SAR70,5,44235,46296,46296,,2,0,2,0,Ok,,2.3,46235,3.Marginal,,,
,bcb499bf-9eb3-4094-a1ab-bea207e69f28,RMPP,RMHS (COAL),DJ1046,A,60,650,SAR70,5,45801,,45801,,1,0,1,0,Ok,,4.1,46144,4.Non-Critical,,,
,4ce147df-7bbd-4eb7-894c-f2bdf6918d60,RMPP,RMHS (COAL),K5C1,A,369,650,SAR70,5,43179,,43179,,1,0,1,1,Marginal,,2.9,46244,3.Marginal,,,
,5b0a35cf-65a8-4a43-a3d3-6d024c3cfcf6,RMPP,RMHS (COAL),EJ0010,A,15,650,SAR70,5,46258,,46258,,1,0,1,0,Ok,,4.6,46229,4.Non-Critical,,,
,7dd00de2-09a5-4fec-858a-c7524427834d,RMPP,RMHS (COAL),EJ0016,A,15,650,SAR70,5,46078,,46078,,1,0,1,3,Alert,32,4,46179,4.Non-Critical,,,
,26e60393-926f-4dc7-9851-5afddd7e768e,RMPP,RMHS (COAL),EJ1046,A,60,650,SAR70,5,46186,,46186,,1,0,1,0,Ok,,1.9,46179,4.Non-Critical,,,
,c6cf1dac-7235-455d-85ef-09b8aacfcbb2,RMPP,RMHS (COAL),FJ1046,A,60,650,SAR70,5,44370,,44370,,1,0,1,0,Ok,,2.2,46229,3.Marginal,,,
,eaf2be4d-2f3f-4cd9-8218-21cfaa9d7f25,RMPP,RMHS (COAL),K7C1,A,375,650,SAR70,5,43689,45925,45925,,2,0,2,0,Ok,,2.3,46221,3.Marginal,,,
,d4b18ecb-d0cb-4314-bfcb-43ad785ccaee,RMPP,RMHS (COAL),GJ0010,A,15,650,SAR70,5,45981,,45981,,1,0,1,0,Ok,,4.5,46106,4.Non-Critical,,,
,9d3f8a75-c23d-4289-9481-fbc6c6e84fc2,RMPP,RMHS (COAL),GJ0016,A,15,650,SAR70,5,46254,,46254,,1,0,1,0,Ok,,3.1,46221,4.Non-Critical,,,
,0e12eac7-c34a-4f47-b974-4f5572e39ab2,RMPP,RMHS (COAL),GJ1046,A,61,650,SAR70,5,45391,,45391,,1,0,1,0,Ok,,3,46244,3.Marginal,,,
,65776ced-b3e5-4537-941c-61bd3384426a,RMPP,RMHS (COAL),HJ1046,A,65,650,SAR70,5,44122,,44122,,1,0,1,0,Ok,,2.1,46221,3.Marginal,,,
,7e0c44e4-3403-4785-a660-d6e9cd353ed5,RMPP,RMHS (COAL),K9C1,A,380,650,SAR70,5,46281,,46281,,2,2,0,0,Ok,,3.1,46126,4.Non-Critical,,,
,db482adc-b11e-420e-b627-6b6a32e93e36,RMPP,RMHS (COAL),IJ0010,A,16,650,SAR70,5,46144,,46144,,1,0,1,2,Marginal,9,1.2,46106,4.Non-Critical,,,
,4b663f18-4c33-4dbb-871d-eaa945b89f57,RMPP,RMHS (COAL),IJ0016,A,18,650,SAR70,5,46233,,46233,,1,0,1,1,Marginal,,4,46042,4.Non-Critical,,,
,ac300037-eccb-4a71-85ac-bdac4e3c6691,RMPP,RMHS (COAL),IJ1046,A,63,650,SAR70,5,46281,,46281,,2,0,2,0,Ok,,3,46244,4.Non-Critical,,,
,759c3098-5925-454b-a3cb-9e23ad2cdd6b,RMPP,RMHS (COAL),JJ1046,A,60,650,SAR70,5,45141,,45141,,1,0,1,0,Ok,,2.9,46244,3.Marginal,,,
,da26ca7a-f3eb-4e21-bd5b-d94fcac18245,RMPP,RMHS (COAL),BC1(COAL),A,57,1200,SAR70,5,45989,,45989,,1,0,1,1,Marginal,,4.5,46196,4.Non-Critical,,,
,87f11f0f-672d-4d21-8c75-6ba1ca78ce83,RMPP,RMHS (COAL),BC2(COAL),A,315,1200,SAR70,5,45753,,45753,,1,1,0,0,Ok,,3.2,46115,4.Non-Critical,,,
,772e324f-43e9-4d3f-9ae4-b502b4967f3d,RMPP,RMHS (COAL),BC3(COAL),B,320,800,SAR70,5,45298,46230,46230,,2,0,2,0,Ok,,2.2,46229,3.Marginal,,,
,ba15c5ee-c788-4635-89ac-aef4846e6176,RMPP,RMHS (COAL),BC4(COAL),B,36,800,SAR70,5,46070,,46070,,1,0,1,0,Ok,,3.6,46238,4.Non-Critical,,,
,b0bd6b5d-b2ee-46d0-86e8-d7aeef625124,RMPP,RMHS (COAL),BC5(COAL),B,435,1600,SAR70,5,46260,,46260,,2,1,1,0,Ok,,1.6,46238,4.Non-Critical,,,
,fa06625e-3f7a-4462-bb42-3fcc7b7cecd8,RMPP,RMHS (COAL),BC6(COAL),A+,440,1000,SAR70,6,46261,,46261,,2,2,0,0,Ok,,0.5,46235,4.Non-Critical,,,
,e5367eff-ecbf-4e8d-b594-48f2384ac972,RMPP,RMHS (COAL),BC7(COAL),B,250,1000,SAR70,8,45362,,45362,,3,1,2,0,Ok,,4.8,46229,4.Non-Critical,,,
,768e7f12-ea49-4535-99e7-a78f80cdb6d3,RMPP,RMHS (COAL),BC8(COAL),B,50,1200,SAR70,5,45362,,45362,,1,0,1,0,Ok,,1.9,46174,3.Marginal,,,
,15de7a28-8067-49a1-b936-ae9c33dcf42a,RMPP,RMHS (COAL),BC9(COAL),B,16,800,SAR70,5,45989,,45989,,1,0,1,0,Ok,,0.8,46178,2.Semi-Critical,,,
,ee77922f-4dad-4b82-a95a-f6e1dbcfc581,RMPP,RMHS (COAL),BC10(COAL),B,16,800,SAR70,5,45989,,45989,,1,0,1,0,Ok,,1.4,46238,2.Semi-Critical,,,
,3e91b8b5-a479-4720-a5c5-6821a60c74b2,RMPP,RMHS (COAL),BC11(COAL),A,50,800,SAR70,5,45798,,45798,,1,0,1,1,Marginal,,0,46161,4.Non-Critical,,,
,3fc41c98-c64d-422d-868d-031e93d2ad54,RMPP,RMHS (COAL),BC13(COAL),B,18,800,SAR70,5,45940,,45940,,1,0,1,0,Ok,,2.1,46229,3.Marginal,,,
,4c85c216-81a2-4710-a50b-d9a59ef25f3a,RMPP,RMHS (COAL),BC14(COAL),B,18,800,SAR70,5,45940,,45940,,1,0,1,1,Marginal,,0,46229,1.Critical,,,
,72751b8c-76ca-4068-8106-4a430010d7b3,RMPP,RMHS (COAL),BC15(COAL),B,35,1000,SAR70,6,45638,,45638,,1,0,1,0,Ok,,0,46161,1.Critical,,,
,285dcda7-2643-41c1-b21e-6b8f421aff74,RMPP,RMHS (COAL),BC16(COAL),B,35,1000,SAR70,6,45873,,45873,,1,0,1,0,Ok,,0,46161,4.Non-Critical,,,
,c1b66153-4f11-415c-b721-f35479fbd670,RMPP,RMHS (COAL),FTH11AC1,A+,230,1000,SAR70,6,45155,,45155,,1,0,1,0,Ok,,1.7,46262,3.Marginal,,,
,603512d0-4b52-499e-9930-c3d26d7c98d6,RMPP,RMHS (COAL),FTH12C1,A+,160,1000,SAR70,6,45362,46044,46044,,2,0,2,3,Alert,83,3.6,46115,4.Non-Critical,,,
,d2ccc37e-d1bd-41de-9651-0b7e52c9db30,RMPP,RMHS (COAL),FTH13C1,A+,235,1000,SAR70,6,45298,,45298,,1,0,1,2,Marginal,4,2.6,46262,3.Marginal,,,
,3f8d59c6-f0f2-4b94-9f0d-e13324277318,RMPP,RMHS (COAL),BC5AC1,B,16,1200,SAR70,5,45940,,45940,,1,0,1,2,Marginal,117,0,45866,4.Non-Critical,,,
,05d214f6-1461-4059-a8b7-e4d6eda6eaa3,RMPP,RMHS (COAL),BC5AC2,B,21,1200,SAR70,5,45940,,45940,,1,0,1,0,Ok,,0,46115,1.Critical,,,
,855b4b49-807e-4641-85cb-3a7f9f5307a2,RMPP,RMHS (COAL),FCSBRSC1,A+,55,1000,SAR70,6,45695,,45695,,1,0,1,0,Ok,,4.8,46115,4.Non-Critical,,,
,d0ac9fc5-4f31-47cc-8d18-48db5c371a0a,RMPP,RMHS (COAL),RMPP-FCSBC1,A+,46,1000,SAR70,6,45989,,45989,,1,0,1,0,Ok,,0,45940,4.Non-Critical,,,
,7d62292f-bfe1-41b1-81e2-2aafc722291c,RMPP,RMHS (COAL),RMPP-FCSBC2,A+,19,1000,SAR70,6,45940,,45940,,1,0,1,1,Marginal,,2.2,46235,3.Marginal,,,
,aca47d71-b070-4295-8ec8-e846426a9d51,RMPP,RMHS (COAL),FCSBRSC2,A+,55,1000,SAR70,6,46102,,46102,,1,0,1,1,Marginal,,2.8,46044,4.Non-Critical,,,
,89e07866-4baf-4db7-a7dd-347db166f3a0,RMPP,RMHS (COAL),BC6(DIS),C,28,1000,SAR70,6,44268,,44268,,1,0,1,0,Ok,,3.2,46235,4.Non-Critical,,,
,925bd8fb-2db1-46a5-b31f-9b84ae0ee8a0,RMPP,RMHS WASHERY,CW1C1,A,370,1200,SAR70,5,45771,45800,45800,,1,0,1,0,Ok,,1.75,46289,3.Marginal,,,
,ded5a9b4-6d29-400c-ac25-600a23c9ee63,RMPP,RMHS WASHERY,BC1(WASHERY),A,130,1000,SAR70,6,44034,46091,46091,,2,0,2,0,Ok,,0,46156,1.Critical,,,
,fedbd47c-44d8-47fc-b49c-d2882d849405,RMPP,RMHS WASHERY,BC2(WASHERY),A,30,1000,SAR70,5,45910,,45910,,1,0,1,1,Marginal,,0,46156,1.Critical,,,
,07e569f7-fcd7-4ac6-86b7-f63cd07b9f18,RMPP,RMHS WASHERY,BC3(WASHERY),A,160,1000,SAR70,6,45972,,45972,,1,1,0,0,Ok,,0,45910,4.Non-Critical,,,
,9d10c1c7-8627-4f1e-a031-c593fec552f3,RMPP,RMHS WASHERY,BC17(WASHERY),A,250,800,SAR70,5,46168,,46168,,1,0,1,0,Ok,,0,46025,4.Non-Critical,,,
,01bb1950-e20d-43e6-8aab-54c7a7f79efc,RMPP,RMHS WASHERY,BC18(WASHERY),A,25,800,SAR70,5,46050,,46050,,1,0,1,0,Ok,,0,46289,1.Critical,,,
,c0465f04-bc9d-4ee8-ad7d-3eb01b70a376,RMPP,RMHS WASHERY,BC19(WASHERY),A,70,800,SAR70,5,46289,,46289,,1,0,1,0,Ok,,5.1,46156,4.Non-Critical,,,
,dea61337-5f44-4637-bbcb-e60eaba53398,RMPP,RMHS WASHERY,BC20(WASHERY),A,40,800,SAR70,5,45551,,45551,,1,0,1,0,Ok,,3.15,46247,4.Non-Critical,,,
,435ec6fa-92cb-44e7-a2a2-48a654c06575,RMPP,RMHS WASHERY,BC22(WASHERY),A,200,650,SAR70,5,45197,45800,45800,,3,1,2,0,Ok,,0,46156,1.Critical,,,
,f98a85fe-9948-4c25-8c06-465b6a5d07c9,RMPP,RMHS WASHERY,SH2C1,B,500,800,SAR70,5,45869,,45869,,2,2,0,0,Ok,,4.67,46289,4.Non-Critical,,,
,19acf77c-a193-4429-916a-e37672c3d064,RMPP,RMHS PPF ,FTH14C1,B,108,1000,SAR70,6,43903,,43903,,1,0,1,0,Ok,,3,45874,3.Marginal,,,
,a85b6e5e-ae0d-49ae-a72d-956a3d851175,RMPP,RMHS PPF ,FTH14C2,B,152,1000,SAR70,6,45632,,45632,,1,1,0,0,Ok,,0,46018,1.Critical,,,
,b7758c10-d8e3-4202-881a-258c98d44f1a,RMPP,RMHS PPF ,FTH14AC1,B,124,1000,SAR70,6,43894,,43894,,1,0,1,0,Ok,,1.4,46235,2.Semi-Critical,,,
,1e029a57-3d32-47fe-8509-7d131504f498,RMPP,RMHS PPF ,FTH15AC1,B,106,1000,SAR70,6,45664,,45664,,1,1,0,0,Ok,,3.4,46226,4.Non-Critical,,,
,a284f31b-0de1-4eb7-b879-754d943e6ba1,RMPP,RMHS PPF ,FTH16AC1,B,52,1000,SAR70,6,44245,,44245,,1,0,1,0,Ok,,0.7,46213,2.Semi-Critical,,,
,2c4e7fce-eded-4d88-b6b0-588b292af94a,RMPP,RMHS PPF ,FTH17AC1,B,24,1000,SAR70,6,44460,,44460,,1,0,1,0,Ok,,2.8,46213,3.Marginal,,,
,64366f25-19dd-4950-bf06-a5e924718867,RMPP,RMHS PPF ,BF01,B,12.5,1200,SAR70,5,46235,,46235,,1,0,1,0,Ok,,0,46160,4.Non-Critical,,,
,980537e0-71d1-4645-adca-aacacea384e6,RMPP,RMHS PPF ,AJ1C1,A,1400,1000,SAR70,5,42907,46108,46108,,6,0,6,0,Ok,,1.51,46254,3.Marginal,,,
,c5a60414-33b6-4aa0-9a67-ad49f851324c,RMPP,RMHS PPF ,AJ2C1,A,154,1000,SAR70,6,43716,,43716,,1,0,1,1,Marginal,,0,46121,1.Critical,,,
,74ab47dc-72db-42db-84a0-749e41b5f51d,RMPP,RMHS PPF ,AJ3C1,A,1400,1000,SAR70,5,44400,,44400,,6,0,6,0,Ok,,2.7,46254,3.Marginal,,,
,ec5ce3bd-1c02-4264-b020-0401bfdb4e7b,RMPP,RMHS PPF ,AJ4C1,A,1200,1000,SAR70,5,42967,46175,46175,,9,0,9,0,Ok,,1.5,46262,2.Semi-Critical,,,
,91b45ab8-4c9b-441c-8bd2-e04a13c6e54f,RMPP,RMHS PPF ,AJ5C1,A,120,1000,SAR70,6,43941,,43941,,1,0,1,0,Ok,,0.2,46167,1.Critical,,,
,100f8eba-de71-4f83-80a1-b43bf200a280,RMPP,RMHS PPF ,AJ6C1,A,492,1000,SAR70,6,43366,45859,45859,,4,0,4,0,Ok,,1.4,46262,2.Semi-Critical,,,
,ca0ffeb3-416e-47a3-9a41-974f9489fbd2,RMPP,RMHS PPF ,AJ7C1,A,220,1000,SAR70,6,44709,,44709,,1,0,1,0,Ok,,3.2,46175,4.Non-Critical,,,
,031568c1-bf6a-483a-b26b-a3fe5a353575,RMPP,RMHS PPF ,AJ7C2,A,226,1000,SAR70,6,45602,,45602,,1,0,1,0,Ok,,2.5,46220,3.Marginal,,,
,fbf76f44-ae12-4f1c-a77a-c6fee634742f,RMPP,RMHS PPF ,AJ8C1,A,250,1000,SAR70,6,43911,,43911,,1,0,1,0,Ok,,1.8,46262,3.Marginal,,,
,24ea2d3b-345a-45f0-a357-52141aad60e4,RMPP,RMHS PPF ,AJ8C2,A,240,1000,SAR70,6,45859,,45859,,1,0,1,0,Ok,,0,45824,4.Non-Critical,,,
,77e3bd9d-d491-400f-a8b4-3ba7edfd5d84,RMPP,RMHS PPF ,2J18C3,B,136,1000,SAR70,6,43924,,43924,,1,0,1,0,Ok,,1.03,46286,2.Semi-Critical,,,
,fa6f09dc-47db-4a41-9dba-2f1d3b3023ab,RMPP,RMHS PPF ,2J18C5,B,6,1000,SAR70,6,44927,,44927,,1,0,1,0,Ok,,Not Found,Not Found,Not Found,,,
,b341ee4f-7d1f-485b-a84f-727007d7eaed,RMPP,RMHS PPF ,2J18C4,B,106,1000,SAR70,6,46226,,46226,,1,0,1,2,Marginal,8,0,46105,4.Non-Critical,,,
,ef066c39-3a2e-4574-9859-ed171577be38,RMPP,RMHS PPF ,RPPC1,B,13,1000,SAR70,6,46142,,46142,,1,0,1,0,Ok,,2.74,46291,3.Marginal,,,
,eeec05e1-63bc-4563-aafa-1502a0701d1e,RMPP,RMHS PPF ,RPPC2,B,12,1000,SAR70,6,46184,,46184,,1,0,1,0,Ok,,0,45982,4.Non-Critical,,,
,44e4b8bc-01e6-4aa8-85f7-5b6c650fd360,RMPP,RMHS PPF ,RPPC3,B,12,1000,SAR70,6,46202,,46202,,1,0,1,0,Ok,,0,46042,4.Non-Critical,,,
,8d6fdc4b-7cfc-4e26-b883-deb63fc71c8f,RMPP,RMHS PPF ,2J19C1,B,130,1000,SAR70,6,46284,,46284,,1,0,1,0,Ok,,1.4,46273,4.Non-Critical,,,
,3a765acf-755f-4390-bc39-bd5a78e11713,RMPP,RMHS PPF ,2J19C2,B,142,1000,SAR70,6,45481,,45481,,1,0,1,0,Ok,,2.2,46226,3.Marginal,,,
,ddbd18bc-1178-4525-9612-3a29c229570f,RMPP,RMHS PPF ,2J19C3,B,12,1000,SAR70,6,46080,,46080,,1,0,1,0,Ok,,1.4,46226,2.Semi-Critical,,,
,d42374f3-3e7f-4b05-b7c7-ed20af013d06,RMPP,RMHS PPF ,2J19C4,B,10.5,1000,SAR70,6,46018,,46018,,1,0,1,0,Ok,,0,45980,4.Non-Critical,,,
,0d89e0a6-2b91-4b17-9382-493f87786aa8,RMPP,RMHS PPF ,JPP4C1,B,126,1000,SAR70,6,44023,45709,45709,,1,0,1,0,Ok,,5,46291,4.Non-Critical,,,
,a32596fc-0eb8-4d0f-be8a-3d4c69bff84d,RMPP,RMHS PPF ,JPP4C2,B,134,1000,SAR70,6,46273,,46273,,1,0,1,0,Ok,,2.3,46184,4.Non-Critical,,,
,5ec29857-3939-4d37-a246-06ad942525d4,RMPP,RMHS PPF ,JPP5C1,B,700,1000,SAR70,6,45755,,45755,,3,3,0,0,Ok,,4.09,46291,4.Non-Critical,,,
,fbb3eb13-9417-44b7-ac15-a37bbaf7f4ae,RMPP,RMHS PPF ,JPP5C2,B,712,1000,SAR70,6,43165,46184,46184,,8,1,7,0,Ok,,2.71,46273,3.Marginal,,,
,b7f3cc48-dae7-4222-b64d-8fe668035212,RMPP,RMHS PPF ,2J18C2,B,210,1000,SAR70,6,43682,,43682,High,1,0,1,1,Alert,,1,46272,2.Semi-Critical,CROSS CUT IN JOINT AREA,Belt Re-joint,
,70b53cab-bdda-4538-aa3e-884876f48cf4,RMPP,RMHS PPF ,JPP2C1,B,350,1000,SAR70,8,43931,46252,46252,,3,0,4,0,Ok,,1,46240,2.Semi-Critical,,,
,863c632d-3ed4-4daa-9a86-a01bdc3a38e1,RMPP,RMHS PPF ,PPC4,B,200,1000,SAR70,8,43997,45736,45736,,3,0,3,6,Alert,52,1.77,46252,3.Marginal,,,
,0a009cfe-2e0e-4d31-a7b8-5784bc16962b,RMPP,RMHS PPF ,JPP3C1,B,626,1000,SAR70,8,43701,46142,46142,,6,1,5,1,Marginal,,1.84,46291,3.Marginal,,,
,c7e9154e-d0ce-4788-a8c6-fb692a747fad,RMPP,RMHS PPF ,JPP3C2,B,640,1000,SAR70,8,43514,46095,46095,,6,0,6,0,Ok,,2.22,46273,3.Marginal,,,
,78a58ddb-9e8a-47a9-b8d3-3fe9e17883e8,RMPP,RMHS PPF ,JPP6C1,B,180,1000,SAR70,8,45755,,45755,,1,1,0,0,Ok,,1.86,46291,3.Marginal,,,
,b97203cf-332a-4c6b-b637-310ae176dadb,RMPP,RMHS PPF ,JPP6C2,B,184,1000,SAR70,8,45870,45934,45934,,3,1,2,0,Ok,,2.39,46273,3.Marginal,,,
,b9a4e1d3-e191-48f6-bd33-9a00fc174a7e,RMPP,RMHS PPF ,JPP1C1,B,540,1000,SAR70,8,43649,,43649,,2,0,2,1,Marginal,,1.68,46266,3.Marginal,,,
,fbfd98af-4fc9-4a21-84c0-ee561b481ff3,RMPP,RMHS PPF ,PPC1,B,172,1000,SAR70,6,44035,,44035,,0,0,0,1,Marginal,,0,0,4.Non-Critical,,,
,fee608cd-b453-413e-bca4-6197e08f0bc6,RMPP,RMHS PPF ,PPC2,B,320,1000,SAR70,8,44429,45995,45995,,3,0,3,2,Marginal,7,1.05,46252,2.Semi-Critical,,,
,98cee3d6-d2df-4a0c-a52a-33aab01013b2,RMPP,RMHS PPF ,PPC3,B,320,1000,SAR70,8,44966,45800,45800,,2,1,1,2,Marginal,221,1.3,46220,2.Semi-Critical,,,
,844141ec-b86d-490d-8b0e-35b3e405fc7d,RMPP,RMHS PPF ,JPP2C2,B,358,1000,SAR70,8,46223,,46223,,2,1,1,0,Ok,,1.2,46182,4.Non-Critical,Belt thickness has reduced & ply is visible,Belt Piece addition,
,ad0680d2-45c7-4f41-9c4c-36383d6df2b8,RMPP,RMHS PPF ,PPC5,B,200,1000,SAR70,8,45120,45800,45800,,1,0,1,1,Marginal,,2.5,46220,3.Marginal,,,
,31da78b6-eafd-419a-948e-59358db9d9cd,RMPP,RMHS PPF ,JPP3C3,B,384,1000,SAR70,8,45067,,45067,,3,2,1,0,Ok,,0.1,46169,1.Critical,,,
,135eba1b-47fb-4298-82ed-d9337fa681ed,RMPP,RMHS PPF ,J9C1,B,666,800,SAR70,5,44451,,44451,,3,0,3,0,Ok,,1.94,46272,3.Marginal,,,
,3c062ae4-a45d-447b-b302-defc881019c9,RMPP,RMHS PPF ,J9BC1,B,286,800,SAR70,5,45296,46272,46272,,2,0,2,0,Ok,,0.2,46175,1.Critical,,,
,c5f2383d-f020-411d-a2cc-fd31bb322776,RMPP,RMHS PPF ,J9AC1,B,924,800,SAR70,5,44977,,44977,,3,0,3,2,Marginal,7,3.5,46210,4.Non-Critical,,,
,3205bc1f-a17d-44cc-93f5-a6a8b13da843,RMPP,RMHS PPF ,JPPC1,B,468,800,SAR70,5,46275,,46275,,2,2,0,0,Ok,,0.1,46169,4.Non-Critical,"Joint is severely damaged, has a cut at edge & joint looks teared from corner, Repairing has been done on 28-08-2026",,
,42700a2f-ece7-468b-adcc-ee92d42347b1,RMPP,RMHS PPF ,JPPC3,B,10,800,SAR70,8,46203,,46203,,1,0,1,0,Ok,,0.1,46169,4.Non-Critical,,,
,fdaad2a1-a2dc-4263-b86d-be79160b161d,RMPP,RMHS PPF ,2J18AC1,B,344,800,SAR70,5,45124,,45124,,1,0,1,1,Marginal,,0.3,46184,1.Critical,,,
,efee3605-a43a-4747-92ea-5f7be936167e,RMPP,RMHS PPF ,2J18BC1,B,44,1000,SAR70,6,46080,,46080,,1,0,1,1,Marginal,,0,45978,4.Non-Critical,,,
,c79bb4d3-a54e-472a-9a34-219a9f3ec14d,RMPP,RMHS PPF ,2J18C1,B,21,1000,SAR70,6,46195,,46195,,1,0,1,0,Ok,,0,46184,4.Non-Critical,,,
,0b41a64a-34a4-4029-bd49-1b084b99d7e5,RMPP,RMHS PPF ,AJ10C1,A,13,1000,SAR70,8,46268,,46268,,1,0,1,0,Ok,,0,46056,4.Non-Critical,,,
,c16bc1b6-6908-478e-82b0-3e34b551acba,RMPP,RMHS (COAL),J11AC1,B,35,800,SARG,5,45824,,45824,,1,0,1,0,Ok,,1.7,46211,3.Marginal,,,
,3fe9b8ab-7c75-44cc-9269-8036f06e99fd,BF#2,Stock house,SFC5,B,98,800,SAR70,6,44566,,44566,,1,1,0,0,Ok,,5.6,46240,4.Non-Critical,,,
,2022ae60-6155-4408-998e-714e2d683cc5,RMPP,RMHS (COAL),J16C2,B,60,800,SAR70,5,46107,,46107,,1,0,1,0,Ok,,1.5,46281,2.Semi-Critical,,,
,9c3f5ea1-e09c-435a-9e91-9e8100009fef,RMHS,RMHS IRON & FLUX,J24C1,B,1700,1400,STEELCORD,6,46139,46148,46148,,4,4,0,0,Ok,,1.3,46137,4.Non-Critical,,,
,ba7597da-4e80-46f9-b118-3adac0e248e0,RMHS,RMHS IRON & FLUX,J23C1,B,1800,1400,SAR70,8,45912,45987,45987,,5,4,1,0,Ok,,3.5,46283,4.Non-Critical,,,
,5a8c6687-0cd3-4ea4-a2af-38eb015b13e1,RMHS,RMHS J5,J22C1,B,1750,1600,STEELCORD,8,46139,,46139,,4,4,0,0,Ok,,1.5,46077,4.Non-Critical,,,
,7e8f3f6f-a540-404e-a9a2-b16bbb4a7171,RMPP,Charocal Route,J16C1,B,52,800,SAR70,5,46107,,46107,,1,0,1,0,Ok,,1.29,46281,2.Semi-Critical,,,
,d4011d54-5498-4a8f-a15f-09799780ee60,RMPP,Charocal Route,J16AC1,B,400,800,SAR70,5,44197,45848,45848,,3,0,3,0,Ok,,0,46281,1.Critical,,,
,2872fda8-8016-4519-a525-2a99c66a7364,RMPP,Charocal Route,CTH1C1,B,410,800,SAR70,5,44197,,44197,,2,0,2,0,Ok,,0,46281,1.Critical,,,
,99b993ac-bb61-4b2d-a2b9-dd161225e327,RMHS,RMHS COAL COKE,CJ6AC1,B,1700,1600,STEELCORD,8,42855,45728,45728,,6,6,0,0,Ok,,6.4,46256,4.Non-Critical,,,
,ca51849c-7ee5-496f-a9ee-41f500bd1dd4,RMHS,RMHS J5,JNT4C1,B,1200,1600,STEELCORD,8,45412,46102,46102,,7,7,0,0,Ok,,2.4,46267,3.Marginal,,,
,a2d73bc7-3e59-4b6f-9938-92d606356e30,RMHS,RMHS (Wagon tippler),CJ2C2,B,165,1600,SAR70,8,45611,46171,46171,,1,0,1,0,Ok,,1.5,46301,2.Semi-Critical,,,
,a1531df3-d79e-4476-acc9-bf56fbb0e5b4,RMHS,RMHS (Wagon tippler),CJ3C1,A,160,1600,FR,8,45372,45840,45840,,1,1,0,0,Ok,,4.6,46216,4.Non-Critical,,,
,a0b88a00-0596-4397-96a1-3f3428a14371,RMPP,RMHS WASHERY,RMPP-SH1C3,B,70,1000,SAR,6,46092,,46092,,1,1,0,0,Ok,,3.47,46289,4.Non-Critical,,,
,764a8953-3546-46e3-b301-fcecb3afa02c,SMS#2,Convertor,FACS1-BC1D,B,38,650,SAR70,5,44522,,44522,,1,0,1,0,Ok,,2.3,46212,3.Marginal,,,
,52463f76-c731-4295-a17a-72642289b51a,SMS#2,Convertor,FACS1-BC2D,B,30,650,SAR70,5,45457,,45457,,1,0,1,0,Ok,,3,46212,3.Marginal,,,
,89ed0475-db25-4f95-a0ea-57b790855d6b,SMS#2,Convertor,FACS1-BC3D,B,11,650,SAR70,5,44381,,44381,,1,0,1,0,Ok,,4,46212,4.Non-Critical,,,
,c0efc6f7-5204-4c91-88fd-f89a10182cde,SMS#2,Convertor,FACS2-BC1D,B,38,650,SAR70,5,45328,,45328,,1,0,1,0,Ok,,2.7,46098,3.Marginal,,,
,a12506b5-346e-4098-814e-831700e660f4,SMS#2,Convertor,FACS2-BC2D,B,30,650,SAR70,5,45600,,45600,,1,0,1,0,Ok,,4.5,46098,4.Non-Critical,,,
,0086a4f6-62c5-4489-87a1-e684d95eab98,SMS#2,Convertor,FACS2-BC3D,B,11,650,SAR70,5,44456,,44456,,1,0,1,0,Ok,,0,0,4.Non-Critical,,,
,ff316d65-c4d8-49de-b720-7d2fd41e2fa0,CO#1,CDQ,CDQ1-BC01A,A,270,1200,HRT3,8,45323,46233,46233,High,2,2,0,1,Alert,,4.8,46226,4.Non-Critical,Step Crack found in joint area:-02-09-2026,Belt Piece Addition,
,c161c744-201b-450f-a7b0-7603aa1dd1d1,CO#1,CDQ,CDQ1-BC01B,A,270,1200,HRT3,8,45323,,45323,,1,1,0,0,Ok,,6.69,46275,4.Non-Critical,,,
,bfc8638f-10df-4917-8c50-7c5469b37215,CO#1,CDQ,CDQ1-BC02A,A,105,1200,HRT3,8,45323,,45323,,2,1,1,0,Ok,,2.24,46275,3.Marginal,,,
,6bc00761-6209-4c48-9404-3a859679d17c,CO#1,CDQ,CDQ1-BC02B,A,105,1200,HRT3,8,45323,46278,46278,,2,2,0,0,Ok,,5.1,46226,4.Non-Critical,,,
,a5568e5e-bd5f-48dc-bbd6-9e615ca310ff,CO#1,CDQ,CDQ1-BC03,A,400,1200,HRT3,8,45323,46128,46128,,2,2,0,1,Marginal,,4.3,46254,4.Non-Critical,,,
,d77eae27-036c-451b-89dd-7d39071bd13b,CO#1,CDQ,CQD1-BC04,A,65,1200,HRT3,8,45323,,45323,,1,1,0,0,Ok,,Not Found,Not Found,Not Found,,,
,51c3dda6-c368-4b8f-b138-34d581ef0b4a,SP#1,BRIQETTING,A104,B,54,650,M24,5,45444,,45444,,1,0,1,0,Ok,,3.4,46120,4.Non-Critical,,,
,d9645280-5e4b-4a96-88dd-39b92acf535d,SP#1,BRIQETTING,A107,B,12,650,HR-T1,5,45444,,45444,,1,0,1,0,Ok,,3.2,46120,4.Non-Critical,,,
,4a7d02fe-3677-408f-b903-6b5207552f30,SP#1,BRIQETTING,A108,B,22,650,HR-T1,5,45444,,45444,,1,0,1,0,Ok,,3.6,45999,4.Non-Critical,,,
,37d3728b-e6ef-4b12-9634-8e0ebc628c8a,SP#1,BRIQETTING,A109,B,51,400,M24,4,45444,,45444,,1,0,1,0,Ok,,2.8,45936,3.Marginal,,,
,8614909c-ae2a-4dae-9f36-8edb5740aebf,SP#1,BRIQETTING,F102,B,35,650,M24,5,45444,,45444,,1,0,1,0,Ok,,4.1,46057,4.Non-Critical,,,
,85856ccf-c2e3-4aab-9514-5bbd6f257212,SP#1,BRIQETTING,F103,B,24,650,HR-T1,5,45444,,45444,,1,0,1,0,Ok,,3.9,46120,4.Non-Critical,,,
,89f802db-5184-4c35-9103-06083de11cb8,SP#1,BRIQETTING,B102,B,15,650,M24,5,45444,,45444,,1,0,1,0,Ok,,2,46120,3.Marginal,,,
,5c674d9a-c968-484b-9cc3-fe5349ad6287,SP#1,BRIQETTING,B104,B,52,650,M24,5,45444,,45444,,1,0,1,0,Ok,,2.4,46120,3.Marginal,,,
,30a828d3-1a61-491f-abf5-266383dd3d28,SP#1,BRIQETTING,B107,B,11,650,HR-T1,5,45444,,45444,,1,0,1,0,Ok,,3,45962,3.Marginal,,,
,3bb254d3-7bf5-4e82-9581-4671483650bd,SP#1,BRIQETTING,B108,B,72,650,HR-T1,5,45444,,45444,,1,0,1,1,Marginal,,2.9,46091,3.Marginal,,,
,fda10ecc-eb32-414e-9986-4a5f1d2220f3,SP#1,BRIQETTING,B109,B,51,400,M24,4,45444,,45444,,1,0,1,0,Ok,,3.4,45936,4.Non-Critical,,,
,e535f2d6-30b0-4465-8b1b-9ac22c750b63,SP#1,BRIQETTING,A114,B,9,800,,4,45444,,45444,,1,0,1,0,Ok,,1.9,46120,3.Marginal,,,
,3fd44944-3254-46ad-9745-cdc6239f33de,SP#1,BRIQETTING,B114,B,9,800,,4,45444,,45444,,1,0,1,0,Ok,,1,46120,2.Semi-Critical,,,
,6488dcd6-6236-4794-a510-1b07c455a171,SP#1,BRIQETTING,C114,B,9,800,,4,45444,,45444,,1,0,1,0,Ok,,2,46120,3.Marginal,,,
,c19bbc8f-8640-4ba5-840a-8aa5e8fb8e37,SP#1,BRIQETTING,D114,B,9,800,,4,45444,,45444,,1,0,1,0,Ok,,2,46120,3.Marginal,,,
,fb6dea0c-f072-4da2-87e4-f9e7d97fc3ba,SP#1,BRIQETTING,F302,B,32,500,M24,5,45444,,45444,,1,0,1,0,Ok,,2.4,46120,3.Marginal,,,
,4309cb96-3c84-4eb4-880a-710de4e3f9be,SP#1,BRIQETTING,S114,B,52,800,M24,5,45444,,45444,,1,0,1,0,Ok,,3.6,45999,4.Non-Critical,,,
,6686186a-ca0d-47bc-b495-d37d0cd7ba51,SP#1,BRIQETTING,S115,B,40,800,M24,5,45444,,45444,,1,0,1,0,Ok,,2.8,46091,3.Marginal,,,
,8e0cad6b-ce1b-4fed-8ca1-98586846ca08,SP#1,BRIQETTING,S116,B,28,400,M24,4,45444,,45444,,1,0,1,0,Ok,,3.1,45926,4.Non-Critical,,,
,fcb3c3d8-30cd-4504-8a26-5fe5a0bf5643,SP#1,BRIQETTING,S125,B,24,300,M24,4,45444,,45444,,1,0,1,0,Ok,,3.9,45926,4.Non-Critical,,,
,63e47899-a0e4-43ec-b143-0001bf4d4d1b,SP#1,BRIQETTING,S126,B,60,800,M24,5,45444,,45444,,1,0,1,0,Ok,,3.8,45999,4.Non-Critical,,,
,2926385e-4683-4325-a019-5bf81f6e63f2,SP#1,BRIQETTING,S127,B,25,800,M24,5,45444,,45444,,1,0,1,0,Ok,,2.4,46120,3.Marginal,,,
,2ce9da4e-91f7-424d-93ce-013bd8bc6a7f,SP#1,BRIQETTING,S128,B,16,800,M24,5,45444,,45444,,1,0,1,0,Ok,,3.5,45999,4.Non-Critical,,,
,1ef7d5ba-4ab0-42e8-99bc-18962d0d00ec,SP#1,BRIQETTING,S130/1,B,22,500,M24,5,45444,,45444,,1,0,1,0,Ok,,3.5,45999,4.Non-Critical,,,
,fa629fb4-284e-413d-b5bf-83b3de91e021,SP#1,BRIQETTING,S132,B,19,800,M24,5,45444,,45444,,1,0,1,0,Ok,,3.9,46120,4.Non-Critical,,,
,1b919ab3-d3af-4aa9-b217-4e082212ea93,SP#1,BRIQETTING,S133,B,32,800,M24,5,45444,,45444,,1,0,1,0,Ok,,3.7,46120,4.Non-Critical,,,
,3ac9d46d-3d43-4d86-92fd-1fd8c28467dc,SP#1,BRIQETTING,S113,B,,800,M24,5,45444,,45444,,1,0,1,0,Ok,,3.6,45926,4.Non-Critical,,,
,22743df1-ac19-4910-87cc-b206449fd2e9,SP#1,BRIQETTING,F101,B,,650,M24,5,45444,,45444,,1,0,1,0,Ok,,4.4,46120,4.Non-Critical,,,
,720d191f-91be-4c68-b9d2-c7af93ed2305,RMPP,RMHS WASHERY,BF19,C,32,800,SAR70,5,45445,,45445,,1,0,1,0,Ok,,Not Found,Not Found,Not Found,,,
,9cb3a743-8752-4cf8-a4fc-c1bee0334c43,RMPP,RMHS WASHERY,BF20,C,32,800,SAR70,5,44927,,44927,,1,0,1,0,Ok,,2.81,46247,3.Marginal,,,
,61818bd5-fa9e-440b-b0b4-168929b9d480,RMPP,RMHS WASHERY,BF21,C,32,800,SAR70,5,44927,,44927,,1,0,1,0,Ok,,2.81,46247,3.Marginal,,,
,515742b5-cae0-4341-b780-6c460afd2839,RMPP,RMHS WASHERY,BF22,C,32,800,SAR70,5,46289,,46289,,1,0,1,0,Ok,,3.4,46104,4.Non-Critical,,,
,0762c1c2-d3e0-4486-b1a9-76656dcbbd99,CO#1,,CTC Conveyor,A,300,1000,,5,45748,,45748,,1,0,1,0,Ok,,0,45778,1.Critical,,,
,0bd035aa-f669-4d6f-be55-fd6eb13bea54,CO#1,,Swivel Conveyor,B,55,1000,,5,45748,,45748,,1,0,1,0,Ok,,0,45778,1.Critical,,,
,80d1442d-0a64-418f-b8b6-18cec6345894,RMHS,RMHS (WAGON TIPPLER),CJ5C2,B,36,1000,SAR70,5,46039,,46039,,1,0,1,0,Ok,,0,0,4.Non-Critical,,,
,681313c0-e4f6-4bfd-8f26-107ad9344c56,DRI,,JH1DRIC1,C,20,650,SAR70,5,44197,,44197,,1,0,1,0,Ok,,3,46260,3.Marginal,,,
,9de9ed0c-b140-4308-9ec1-d9e8d046e98e,DRI,,JH2DRIC1,C,20,650,SAR70,5,44197,,44197,,1,0,1,0,Ok,,0,0,4.Non-Critical,,,
,e78f4c27-91a6-49f7-8afe-628d5dc7d2ce,DRI,,JH3DRIC1,C,20,650,SAR70,5,44197,,44197,,1,0,1,0,Ok,,3.6,46239,4.Non-Critical,,,
,6486d043-656d-48ac-b622-c5243286ece3,BF#2,PCI,Inclined belt,C,20,1000,SAR70,5,46244,,46244,,1,0,1,0,Ok,,0,46142,4.Non-Critical,,,
,d02cd316-ad15-4067-aadf-0144d1d2a2d8,RMHS,RMHS IRON & FLUX,J24C1-P.C1,C,20,1000,SAR70,5,46255,,46255,,1,0,1,0,Ok,,Not Found,Not Found,Not Found,,,
,2566a162-68ce-450c-9143-47c3c4e45a1d,RMHS,RMHS IRON & FLUX,J24C1-P.C2,C,20,1000,SAR70,5,46267,,46267,,1,0,1,0,Ok,,Not Found,Not Found,Not Found,,,
,cdb05aa8-5bb4-45fe-8134-757a7ffdd0ef,RMHS,RMHS IRON & FLUX,J23C1-P.C1,C,20,1000,SAR70,5,,,0,,1,0,1,0,Ok,,Not Found,Not Found,Not Found,,,
,ee448b12-5230-47a9-b735-260b405ac62d,RMHS,RMHS IRON & FLUX,J23C1-P.C2,C,20,1000,SAR70,5,46273,,46273,,1,0,1,0,Ok,,Not Found,Not Found,Not Found,,,